class_index,label,label_kind,scientific_name,common_name,gbif_taxon_key,model,rank,kind,match_type
0,Abroscopus albogularis_Rufous-faced Warbler,taxon,Abroscopus albogularis,Rufous-faced Warbler,2493239,birdnet,SPECIES,species,EXACT
1,Abroscopus schisticeps_Black-faced Warbler,taxon,Abroscopus schisticeps,Black-faced Warbler,2493237,birdnet,SPECIES,species,EXACT
2,Abroscopus superciliaris_Yellow-bellied Warbler,taxon,Abroscopus superciliaris,Yellow-bellied Warbler,2493238,birdnet,SPECIES,species,EXACT
3,Aburria aburri_Wattled Guan,taxon,Aburria aburri,Wattled Guan,2482313,birdnet,SPECIES,species,EXACT
4,Acanthagenys rufogularis_Spiny-cheeked Honeyeater,taxon,Acanthagenys rufogularis,Spiny-cheeked Honeyeater,2487054,birdnet,SPECIES,species,EXACT
5,Acanthidops bairdi_Peg-billed Finch,taxon,Acanthidops bairdi,Peg-billed Finch,5788831,birdnet,SPECIES,species,EXACT
6,Acanthis cabaret_Lesser Redpoll,taxon,Acanthis cabaret,Lesser Redpoll,6871058,birdnet,SPECIES,species,EXACT
7,Acanthis flammea_Common Redpoll,taxon,Acanthis flammea,Common Redpoll,5231630,birdnet,SPECIES,species,EXACT
8,Acanthis hornemanni_Hoary Redpoll,taxon,Acanthis hornemanni,Hoary Redpoll,5231646,birdnet,SPECIES,species,EXACT
9,Acanthisitta chloris_Rifleman,taxon,Acanthisitta chloris,Rifleman,5229954,birdnet,SPECIES,species,EXACT
10,Acanthiza apicalis_Inland Thornbill,taxon,Acanthiza apicalis,Inland Thornbill,7341406,birdnet,SPECIES,species,EXACT
11,Acanthiza chrysorrhoa_Yellow-rumped Thornbill,taxon,Acanthiza chrysorrhoa,Yellow-rumped Thornbill,5230400,birdnet,SPECIES,species,EXACT
12,Acanthiza ewingii_Tasmanian Thornbill,taxon,Acanthiza ewingii,Tasmanian Thornbill,5230404,birdnet,SPECIES,species,EXACT
13,Acanthiza inornata_Western Thornbill,taxon,Acanthiza inornata,Western Thornbill,5230408,birdnet,SPECIES,species,EXACT
14,Acanthiza lineata_Striated Thornbill,taxon,Acanthiza lineata,Striated Thornbill,5230401,birdnet,SPECIES,species,EXACT
15,Acanthiza nana_Yellow Thornbill,taxon,Acanthiza nana,Yellow Thornbill,5230410,birdnet,SPECIES,species,EXACT
16,Acanthiza pusilla_Brown Thornbill,taxon,Acanthiza pusilla,Brown Thornbill,5230402,birdnet,SPECIES,species,EXACT
17,Acanthiza reguloides_Buff-rumped Thornbill,taxon,Acanthiza reguloides,Buff-rumped Thornbill,5230407,birdnet,SPECIES,species,EXACT
18,Acanthiza uropygialis_Chestnut-rumped Thornbill,taxon,Acanthiza uropygialis,Chestnut-rumped Thornbill,5230403,birdnet,SPECIES,species,EXACT
19,Acanthorhynchus superciliosus_Western Spinebill,taxon,Acanthorhynchus superciliosus,Western Spinebill,5230471,birdnet,SPECIES,species,EXACT
20,Acanthorhynchus tenuirostris_Eastern Spinebill,taxon,Acanthorhynchus tenuirostris,Eastern Spinebill,5230466,birdnet,SPECIES,species,EXACT
21,Accipiter badius_Shikra,taxon,Accipiter badius,Shikra,2480610,birdnet,SPECIES,species,EXACT
22,Accipiter bicolor_Bicolored Hawk,taxon,Accipiter bicolor,Bicolored Hawk,2480599,birdnet,SPECIES,species,EXACT
23,Accipiter cirrocephalus_Collared Sparrowhawk,taxon,Accipiter cirrocephalus,Collared Sparrowhawk,2480601,birdnet,SPECIES,species,EXACT
24,Accipiter cooperii_Cooper's Hawk,taxon,Accipiter cooperii,Cooper's Hawk,2480621,birdnet,SPECIES,species,EXACT
25,Accipiter fasciatus_Brown Goshawk,taxon,Accipiter fasciatus,Brown Goshawk,2480626,birdnet,SPECIES,species,EXACT
26,Accipiter gentilis_Northern Goshawk,taxon,Accipiter gentilis,Northern Goshawk,2480589,birdnet,SPECIES,species,EXACT
27,Accipiter gularis_Japanese Sparrowhawk,taxon,Accipiter gularis,Japanese Sparrowhawk,2480583,birdnet,SPECIES,species,EXACT
28,Accipiter hiogaster_Variable Goshawk,taxon,Accipiter hiogaster,Variable Goshawk,5788526,birdnet,SPECIES,species,EXACT
29,Accipiter melanoleucus_Black Goshawk,taxon,Accipiter melanoleucus,Black Goshawk,2480631,birdnet,SPECIES,species,EXACT
30,Accipiter minullus_Little Sparrowhawk,taxon,Accipiter minullus,Little Sparrowhawk,2480594,birdnet,SPECIES,species,EXACT
31,Accipiter nisus_Eurasian Sparrowhawk,taxon,Accipiter nisus,Eurasian Sparrowhawk,2480637,birdnet,SPECIES,species,EXACT
32,Accipiter novaehollandiae_Gray Goshawk,taxon,Accipiter novaehollandiae,Gray Goshawk,2480629,birdnet,SPECIES,species,EXACT
33,Accipiter poliogaster_Gray-bellied Hawk,taxon,Accipiter poliogaster,Gray-bellied Hawk,2480597,birdnet,SPECIES,species,EXACT
34,Accipiter soloensis_Chinese Sparrowhawk,taxon,Accipiter soloensis,Chinese Sparrowhawk,2480588,birdnet,SPECIES,species,EXACT
35,Accipiter striatus_Sharp-shinned Hawk,taxon,Accipiter striatus,Sharp-shinned Hawk,9740253,birdnet,SPECIES,species,EXACT
36,Accipiter superciliosus_Tiny Hawk,taxon,Accipiter superciliosus,Tiny Hawk,2480580,birdnet,SPECIES,species,EXACT
37,Accipiter tachiro_African Goshawk,taxon,Accipiter tachiro,African Goshawk,2480635,birdnet,SPECIES,species,EXACT
38,Accipiter trinotatus_Spot-tailed Goshawk,taxon,Accipiter trinotatus,Spot-tailed Goshawk,2480611,birdnet,SPECIES,species,EXACT
39,Accipiter trivirgatus_Crested Goshawk,taxon,Accipiter trivirgatus,Crested Goshawk,2480603,birdnet,SPECIES,species,EXACT
40,Accipiter virgatus_Besra,taxon,Accipiter virgatus,Besra,2480595,birdnet,SPECIES,species,EXACT
41,Aceros nipalensis_Rufous-necked Hornbill,taxon,Aceros nipalensis,Rufous-necked Hornbill,5228459,birdnet,SPECIES,species,EXACT
42,Achaetops pycnopygius_Rockrunner,taxon,Achaetops pycnopygius,Rockrunner,2493044,birdnet,SPECIES,species,EXACT
43,Acridotheres burmannicus_Vinous-breasted Starling,taxon,Acridotheres burmannicus,Vinous-breasted Starling,7341615,birdnet,SPECIES,species,EXACT
44,Acridotheres cristatellus_Crested Myna,taxon,Acridotheres cristatellus,Crested Myna,2489010,birdnet,SPECIES,species,EXACT
45,Acridotheres fuscus_Jungle Myna,taxon,Acridotheres fuscus,Jungle Myna,2489006,birdnet,SPECIES,species,EXACT
46,Acridotheres ginginianus_Bank Myna,taxon,Acridotheres ginginianus,Bank Myna,2489004,birdnet,SPECIES,species,EXACT
47,Acridotheres grandis_Great Myna,taxon,Acridotheres grandis,Great Myna,2489008,birdnet,SPECIES,species,EXACT
48,Acridotheres javanicus_Javan Myna,taxon,Acridotheres javanicus,Javan Myna,5845375,birdnet,SPECIES,species,EXACT
49,Acridotheres tristis_Common Myna,taxon,Acridotheres tristis,Common Myna,2489005,birdnet,SPECIES,species,EXACT
50,Acris crepitans_Northern Cricket Frog,taxon,Acris crepitans,Northern Cricket Frog,2427616,birdnet,SPECIES,species,EXACT
51,Acris gryllus_Southern Cricket Frog,taxon,Acris gryllus,Southern Cricket Frog,2427618,birdnet,SPECIES,species,EXACT
52,Acrobatornis fonsecai_Pink-legged Graveteiro,taxon,Acrobatornis fonsecai,Pink-legged Graveteiro,2485084,birdnet,SPECIES,species,EXACT
53,Acrocephalus agricola_Paddyfield Warbler,taxon,Acrocephalus agricola,Paddyfield Warbler,2493137,birdnet,SPECIES,species,EXACT
54,Acrocephalus arundinaceus_Great Reed Warbler,taxon,Acrocephalus arundinaceus,Great Reed Warbler,2493128,birdnet,SPECIES,species,EXACT
55,Acrocephalus australis_Australian Reed Warbler,taxon,Acrocephalus australis,Australian Reed Warbler,5231325,birdnet,SPECIES,species,EXACT
56,Acrocephalus baeticatus_African Reed Warbler,taxon,Acrocephalus baeticatus,African Reed Warbler,5231319,birdnet,SPECIES,species,EXACT
57,Acrocephalus bistrigiceps_Black-browed Reed Warbler,taxon,Acrocephalus bistrigiceps,Black-browed Reed Warbler,5231332,birdnet,SPECIES,species,EXACT
58,Acrocephalus concinens_Blunt-winged Warbler,taxon,Acrocephalus concinens,Blunt-winged Warbler,5231322,birdnet,SPECIES,species,EXACT
59,Acrocephalus dumetorum_Blyth's Reed Warbler,taxon,Acrocephalus dumetorum,Blyth's Reed Warbler,2493145,birdnet,SPECIES,species,EXACT
60,Acrocephalus gracilirostris_Lesser Swamp Warbler,taxon,Acrocephalus gracilirostris,Lesser Swamp Warbler,5231329,birdnet,SPECIES,species,EXACT
61,Acrocephalus griseldis_Basra Reed Warbler,taxon,Acrocephalus griseldis,Basra Reed Warbler,2493123,birdnet,SPECIES,species,EXACT
62,Acrocephalus melanopogon_Moustached Warbler,taxon,Acrocephalus melanopogon,Moustached Warbler,2493124,birdnet,SPECIES,species,EXACT
63,Acrocephalus newtoni_Madagascar Swamp Warbler,taxon,Acrocephalus newtoni,Madagascar Swamp Warbler,5231323,birdnet,SPECIES,species,EXACT
64,Acrocephalus orientalis_Oriental Reed Warbler,taxon,Acrocephalus orientalis,Oriental Reed Warbler,5817100,birdnet,SPECIES,species,EXACT
65,Acrocephalus paludicola_Aquatic Warbler,taxon,Acrocephalus paludicola,Aquatic Warbler,2493114,birdnet,SPECIES,species,EXACT
66,Acrocephalus palustris_Marsh Warbler,taxon,Acrocephalus palustris,Marsh Warbler,2493136,birdnet,SPECIES,species,EXACT
67,Acrocephalus rufescens_Greater Swamp Warbler,taxon,Acrocephalus rufescens,Greater Swamp Warbler,5231331,birdnet,SPECIES,species,EXACT
68,Acrocephalus schoenobaenus_Sedge Warbler,taxon,Acrocephalus schoenobaenus,Sedge Warbler,2493129,birdnet,SPECIES,species,EXACT
69,Acrocephalus scirpaceus_Eurasian Reed Warbler,taxon,Acrocephalus scirpaceus,Eurasian Reed Warbler,2493118,birdnet,SPECIES,species,EXACT
70,Acrocephalus stentoreus_Clamorous Reed Warbler,taxon,Acrocephalus stentoreus,Clamorous Reed Warbler,5231333,birdnet,SPECIES,species,EXACT
71,Acrocephalus tangorum_Manchurian Reed Warbler,taxon,Acrocephalus tangorum,Manchurian Reed Warbler,5789158,birdnet,SPECIES,species,EXACT
72,Acropternis orthonyx_Ocellated Tapaculo,taxon,Acropternis orthonyx,Ocellated Tapaculo,2490975,birdnet,SPECIES,species,EXACT
73,Actenoides concretus_Rufous-collared Kingfisher,taxon,Actenoides concretus,Rufous-collared Kingfisher,2475663,birdnet,SPECIES,species,EXACT
74,Actenoides lindsayi_Spotted Kingfisher,taxon,Actenoides lindsayi,Spotted Kingfisher,2475675,birdnet,SPECIES,species,EXACT
75,Actenoides monachus_Green-backed Kingfisher,taxon,Actenoides monachus,Green-backed Kingfisher,2475660,birdnet,SPECIES,species,EXACT
76,Actinodura cyanouroptera_Blue-winged Minla,taxon,Actinodura cyanouroptera,Blue-winged Minla,8209830,birdnet,SPECIES,species,EXACT
77,Actinodura egertoni_Rusty-fronted Barwing,taxon,Actinodura egertoni,Rusty-fronted Barwing,2493109,birdnet,SPECIES,species,EXACT
78,Actinodura nipalensis_Hoary-throated Barwing,taxon,Actinodura nipalensis,Hoary-throated Barwing,2493105,birdnet,SPECIES,species,EXACT
79,Actinodura ramsayi_Spectacled Barwing,taxon,Actinodura ramsayi,Spectacled Barwing,2493108,birdnet,SPECIES,species,EXACT
80,Actinodura strigula_Chestnut-tailed Minla,taxon,Actinodura strigula,Chestnut-tailed Minla,8372464,birdnet,SPECIES,species,EXACT
81,Actinodura waldeni_Streak-throated Barwing,taxon,Actinodura waldeni,Streak-throated Barwing,2493104,birdnet,SPECIES,species,EXACT
82,Actitis hypoleucos_Common Sandpiper,taxon,Actitis hypoleucos,Common Sandpiper,2481800,birdnet,SPECIES,species,EXACT
83,Actitis macularius_Spotted Sandpiper,taxon,Actitis macularius,Spotted Sandpiper,2481798,birdnet,SPECIES,species,EXACT
84,Actophilornis africanus_African Jacana,taxon,Actophilornis africanus,African Jacana,2481853,birdnet,SPECIES,species,EXACT
85,Adelomyia melanogenys_Speckled Hummingbird,taxon,Adelomyia melanogenys,Speckled Hummingbird,2476168,birdnet,SPECIES,species,EXACT
86,Aechmophorus clarkii_Clark's Grebe,taxon,Aechmophorus clarkii,Clark's Grebe,2482032,birdnet,SPECIES,species,EXACT
87,Aechmophorus occidentalis_Western Grebe,taxon,Aechmophorus occidentalis,Western Grebe,2482033,birdnet,SPECIES,species,EXACT
88,Aegithalos caudatus_Long-tailed Tit,taxon,Aegithalos caudatus,Long-tailed Tit,2495000,birdnet,SPECIES,species,EXACT
89,Aegithalos concinnus_Black-throated Tit,taxon,Aegithalos concinnus,Black-throated Tit,2494998,birdnet,SPECIES,species,EXACT
90,Aegithalos glaucogularis_Silver-throated Tit,taxon,Aegithalos glaucogularis,Silver-throated Tit,5844992,birdnet,SPECIES,species,EXACT
91,Aegithalos iouschistos_Black-browed Tit,taxon,Aegithalos iouschistos,Black-browed Tit,2494999,birdnet,SPECIES,species,EXACT
92,Aegithalos niveogularis_White-throated Tit,taxon,Aegithalos niveogularis,White-throated Tit,2495001,birdnet,SPECIES,species,EXACT
93,Aegithina nigrolutea_White-tailed Iora,taxon,Aegithina nigrolutea,White-tailed Iora,2484097,birdnet,SPECIES,species,EXACT
94,Aegithina tiphia_Common Iora,taxon,Aegithina tiphia,Common Iora,2484096,birdnet,SPECIES,species,EXACT
95,Aegithina viridissima_Green Iora,taxon,Aegithina viridissima,Green Iora,2484095,birdnet,SPECIES,species,EXACT
96,Aegolius acadicus_Northern Saw-whet Owl,taxon,Aegolius acadicus,Northern Saw-whet Owl,5232207,birdnet,SPECIES,species,EXACT
97,Aegolius funereus_Boreal Owl,taxon,Aegolius funereus,Boreal Owl,5739298,birdnet,SPECIES,species,EXACT
98,Aegolius harrisii_Buff-fronted Owl,taxon,Aegolius harrisii,Buff-fronted Owl,5232210,birdnet,SPECIES,species,EXACT
99,Aegolius ridgwayi_Unspotted Saw-whet Owl,taxon,Aegolius ridgwayi,Unspotted Saw-whet Owl,5232214,birdnet,SPECIES,species,EXACT
100,Aegotheles cristatus_Australian Owlet-nightjar,taxon,Aegotheles cristatus,Australian Owlet-nightjar,2496782,birdnet,SPECIES,species,EXACT
101,Aegypius monachus_Cinereous Vulture,taxon,Aegypius monachus,Cinereous Vulture,5229165,birdnet,SPECIES,species,EXACT
102,Aerodramus bartschi_Mariana Swiftlet,taxon,Aerodramus bartschi,Mariana Swiftlet,2477241,birdnet,SPECIES,species,EXACT
103,Aerodramus fuciphagus_White-nest Swiftlet,taxon,Aerodramus fuciphagus,White-nest Swiftlet,2477269,birdnet,SPECIES,species,EXACT
104,Aerodramus maximus_Black-nest Swiftlet,taxon,Aerodramus maximus,Black-nest Swiftlet,2477215,birdnet,SPECIES,species,EXACT
105,Aeronautes andecolus_Andean Swift,taxon,Aeronautes andecolus,Andean Swift,2477112,birdnet,SPECIES,species,EXACT
106,Aeronautes montivagus_White-tipped Swift,taxon,Aeronautes montivagus,White-tipped Swift,2477116,birdnet,SPECIES,species,EXACT
107,Aeronautes saxatalis_White-throated Swift,taxon,Aeronautes saxatalis,White-throated Swift,2477108,birdnet,SPECIES,species,EXACT
108,Aethia pusilla_Least Auklet,taxon,Aethia pusilla,Least Auklet,5229270,birdnet,SPECIES,species,EXACT
109,Aethia pygmaea_Whiskered Auklet,taxon,Aethia pygmaea,Whiskered Auklet,5229271,birdnet,SPECIES,species,EXACT
110,Aethopyga christinae_Fork-tailed Sunbird,taxon,Aethopyga christinae,Fork-tailed Sunbird,2484678,birdnet,SPECIES,species,EXACT
111,Aethopyga gouldiae_Mrs. Gould's Sunbird,taxon,Aethopyga gouldiae,Mrs. Gould's Sunbird,2484669,birdnet,SPECIES,species,EXACT
112,Aethopyga ignicauda_Fire-tailed Sunbird,taxon,Aethopyga ignicauda,Fire-tailed Sunbird,2484674,birdnet,SPECIES,species,EXACT
113,Aethopyga nipalensis_Green-tailed Sunbird,taxon,Aethopyga nipalensis,Green-tailed Sunbird,2484681,birdnet,SPECIES,species,EXACT
114,Aethopyga saturata_Black-throated Sunbird,taxon,Aethopyga saturata,Black-throated Sunbird,2484682,birdnet,SPECIES,species,EXACT
115,Aethopyga siparaja_Crimson Sunbird,taxon,Aethopyga siparaja,Crimson Sunbird,2484677,birdnet,SPECIES,species,EXACT
116,Aethopyga temminckii_Temminck's Sunbird,taxon,Aethopyga temminckii,Temminck's Sunbird,6086743,birdnet,SPECIES,species,EXACT
117,Aethopyga vigorsii_Vigors's Sunbird,taxon,Aethopyga vigorsii,Vigors's Sunbird,6086852,birdnet,SPECIES,species,EXACT
118,Agapornis canus_Gray-headed Lovebird,taxon,Agapornis canus,Gray-headed Lovebird,2479555,birdnet,SPECIES,species,EXACT
119,Agapornis fischeri_Fischer's Lovebird,taxon,Agapornis fischeri,Fischer's Lovebird,2479544,birdnet,SPECIES,species,EXACT
120,Agapornis personatus_Yellow-collared Lovebird,taxon,Agapornis personatus,Yellow-collared Lovebird,2479553,birdnet,SPECIES,species,EXACT
121,Agapornis roseicollis_Rosy-faced Lovebird,taxon,Agapornis roseicollis,Rosy-faced Lovebird,9770031,birdnet,SPECIES,species,EXACT
122,Agapornis taranta_Black-winged Lovebird,taxon,Agapornis taranta,Black-winged Lovebird,2479560,birdnet,SPECIES,species,EXACT
123,Agelaioides badius_Grayish Baywing,taxon,Agelaioides badius,Grayish Baywing,2484481,birdnet,SPECIES,species,EXACT
124,Agelaius phoeniceus_Red-winged Blackbird,taxon,Agelaius phoeniceus,Red-winged Blackbird,9409198,birdnet,SPECIES,species,EXACT
125,Agelaius tricolor_Tricolored Blackbird,taxon,Agelaius tricolor,Tricolored Blackbird,2484445,birdnet,SPECIES,species,EXACT
126,Agelasticus cyanopus_Unicolored Blackbird,taxon,Agelasticus cyanopus,Unicolored Blackbird,2484199,birdnet,SPECIES,species,EXACT
127,Agelasticus thilius_Yellow-winged Blackbird,taxon,Agelasticus thilius,Yellow-winged Blackbird,2484205,birdnet,SPECIES,species,EXACT
128,Agelasticus xanthophthalmus_Pale-eyed Blackbird,taxon,Agelasticus xanthophthalmus,Pale-eyed Blackbird,2484210,birdnet,SPECIES,species,EXACT
129,Aglaiocercus coelestis_Violet-tailed Sylph,taxon,Aglaiocercus coelestis,Violet-tailed Sylph,2476385,birdnet,SPECIES,species,EXACT
130,Aglaiocercus kingii_Long-tailed Sylph,taxon,Aglaiocercus kingii,Long-tailed Sylph,2476388,birdnet,SPECIES,species,EXACT
131,Agriornis montanus_Black-billed Shrike-Tyrant,taxon,Agriornis montanus,Black-billed Shrike-Tyrant,2483480,birdnet,SPECIES,species,EXACT
132,Agropsar philippensis_Chestnut-cheeked Starling,taxon,Agropsar philippensis,Chestnut-cheeked Starling,6100939,birdnet,SPECIES,species,EXACT
133,Agropsar sturninus_Daurian Starling,taxon,Agropsar sturninus,Daurian Starling,6100940,birdnet,SPECIES,species,EXACT
134,Ailuroedus crassirostris_Green Catbird,taxon,Ailuroedus crassirostris,Green Catbird,2494800,birdnet,SPECIES,species,EXACT
135,Ailuroedus maculosus_Spotted Catbird,taxon,Ailuroedus maculosus,Spotted Catbird,7713122,birdnet,SPECIES,species,EXACT
136,Aimophila notosticta_Oaxaca Sparrow,taxon,Aimophila notosticta,Oaxaca Sparrow,2491917,birdnet,SPECIES,species,EXACT
137,Aimophila rufescens_Rusty Sparrow,taxon,Aimophila rufescens,Rusty Sparrow,2491937,birdnet,SPECIES,species,EXACT
138,Aimophila ruficeps_Rufous-crowned Sparrow,taxon,Aimophila ruficeps,Rufous-crowned Sparrow,2491961,birdnet,SPECIES,species,EXACT
139,Aix galericulata_Mandarin Duck,taxon,Aix galericulata,Mandarin Duck,2498388,birdnet,SPECIES,species,EXACT
140,Aix sponsa_Wood Duck,taxon,Aix sponsa,Wood Duck,2498387,birdnet,SPECIES,species,EXACT
141,Akletos goeldii_Goeldi's Antbird,taxon,Akletos goeldii,Goeldi's Antbird,9450267,birdnet,SPECIES,species,EXACT
142,Akletos melanoceps_White-shouldered Antbird,taxon,Akletos melanoceps,White-shouldered Antbird,9630233,birdnet,SPECIES,species,EXACT
143,Alaemon alaudipes_Greater Hoopoe-Lark,taxon,Alaemon alaudipes,Greater Hoopoe-Lark,2490659,birdnet,SPECIES,species,EXACT
144,Alauda arvensis_Eurasian Skylark,taxon,Alauda arvensis,Eurasian Skylark,8077224,birdnet,SPECIES,species,EXACT
145,Alauda gulgula_Oriental Skylark,taxon,Alauda gulgula,Oriental Skylark,2490698,birdnet,SPECIES,species,EXACT
146,Alaudala cheleensis_Asian Short-toed Lark,taxon,Alaudala cheleensis,Asian Short-toed Lark,8925718,birdnet,SPECIES,species,EXACT
147,Alaudala heinei_Turkestan Short-toed Lark,taxon,Alaudala heinei,Turkestan Short-toed Lark,11234805,birdnet,SPECIES,species,EXACT
148,Alaudala raytal_Sand Lark,taxon,Alaudala raytal,Sand Lark,9184554,birdnet,SPECIES,species,EXACT
149,Alaudala rufescens_Mediterranean Short-toed Lark,taxon,Alaudala rufescens,Mediterranean Short-toed Lark,8728578,birdnet,SPECIES,species,EXACT
150,Alaudala somalica_Somali Short-toed Lark,taxon,Alaudala somalica,Somali Short-toed Lark,8904184,birdnet,SPECIES,species,EXACT
151,Alca torda_Razorbill,taxon,Alca torda,Razorbill,8277073,birdnet,SPECIES,species,EXACT
152,Alcedo atthis_Common Kingfisher,taxon,Alcedo atthis,Common Kingfisher,2475532,birdnet,SPECIES,species,EXACT
153,Alcedo meninting_Blue-eared Kingfisher,taxon,Alcedo meninting,Blue-eared Kingfisher,2475494,birdnet,SPECIES,species,EXACT
154,Alcippe brunneicauda_Brown Fulvetta,taxon,Alcippe brunneicauda,Brown Fulvetta,5231379,birdnet,SPECIES,species,EXACT
155,Alcippe fratercula_Yunnan Fulvetta,taxon,Alcippe fratercula,Yunnan Fulvetta,6100897,birdnet,SPECIES,species,EXACT
156,Alcippe hueti_Huet's Fulvetta,taxon,Alcippe hueti,Huet's Fulvetta,6100898,birdnet,SPECIES,species,EXACT
157,Alcippe morrisonia_Morrison's Fulvetta,taxon,Alcippe morrisonia,Morrison's Fulvetta,5231382,birdnet,SPECIES,species,EXACT
158,Alcippe nipalensis_Nepal Fulvetta,taxon,Alcippe nipalensis,Nepal Fulvetta,5231369,birdnet,SPECIES,species,EXACT
159,Alcippe peracensis_Mountain Fulvetta,taxon,Alcippe peracensis,Mountain Fulvetta,5231376,birdnet,SPECIES,species,EXACT
160,Alcippe poioicephala_Brown-cheeked Fulvetta,taxon,Alcippe poioicephala,Brown-cheeked Fulvetta,5231383,birdnet,SPECIES,species,EXACT
161,Alcippe pyrrhoptera_Javan Fulvetta,taxon,Alcippe pyrrhoptera,Javan Fulvetta,5231370,birdnet,SPECIES,species,EXACT
162,Aleadryas rufinucha_Rufous-naped Bellbird,taxon,Aleadryas rufinucha,Rufous-naped Bellbird,2482540,birdnet,SPECIES,species,EXACT
163,Alectoris barbara_Barbary Partridge,taxon,Alectoris barbara,Barbary Partridge,2474045,birdnet,SPECIES,species,EXACT
164,Alectoris chukar_Chukar,taxon,Alectoris chukar,Chukar,2474029,birdnet,SPECIES,species,EXACT
165,Alectoris graeca_Rock Partridge,taxon,Alectoris graeca,Rock Partridge,2474055,birdnet,SPECIES,species,EXACT
166,Alectoris rufa_Red-legged Partridge,taxon,Alectoris rufa,Red-legged Partridge,2474051,birdnet,SPECIES,species,EXACT
167,Alectura lathami_Australian Brushturkey,taxon,Alectura lathami,Australian Brushturkey,5229426,birdnet,SPECIES,species,EXACT
168,Alethe castanea_Fire-crested Alethe,taxon,Alethe castanea,Fire-crested Alethe,2490878,birdnet,SPECIES,species,EXACT
169,Alethe diademata_White-tailed Alethe,taxon,Alethe diademata,White-tailed Alethe,2490877,birdnet,SPECIES,species,EXACT
170,Alipiopsitta xanthops_Yellow-faced Parrot,taxon,Alipiopsitta xanthops,Yellow-faced Parrot,5788406,birdnet,SPECIES,species,EXACT
171,Alisterus scapularis_Australian King-Parrot,taxon,Alisterus scapularis,Australian King-Parrot,2479925,birdnet,SPECIES,species,EXACT
172,Allenia fusca_Scaly-breasted Thrasher,taxon,Allenia fusca,Scaly-breasted Thrasher,5231687,birdnet,SPECIES,species,EXACT
173,Allonemobius allardi_Allard's Ground Cricket,taxon,Allonemobius allardi,Allard's Ground Cricket,1718535,birdnet,SPECIES,species,EXACT
174,Allonemobius tinnulus_Tinkling Ground Cricket,taxon,Allonemobius tinnulus,Tinkling Ground Cricket,1718547,birdnet,SPECIES,species,EXACT
175,Allonemobius walkeri_Walker's Ground Cricket,taxon,Allonemobius walkeri,Walker's Ground Cricket,1718554,birdnet,SPECIES,species,EXACT
176,Alophoixus finschii_Finsch's Bulbul,taxon,Alophoixus finschii,Finsch's Bulbul,2486193,birdnet,SPECIES,species,EXACT
177,Alophoixus flaveolus_White-throated Bulbul,taxon,Alophoixus flaveolus,White-throated Bulbul,2486197,birdnet,SPECIES,species,EXACT
178,Alophoixus ochraceus_Ochraceous Bulbul,taxon,Alophoixus ochraceus,Ochraceous Bulbul,2486195,birdnet,SPECIES,species,EXACT
179,Alophoixus pallidus_Puff-throated Bulbul,taxon,Alophoixus pallidus,Puff-throated Bulbul,2486192,birdnet,SPECIES,species,EXACT
180,Alophoixus phaeocephalus_Yellow-bellied Bulbul,taxon,Alophoixus phaeocephalus,Yellow-bellied Bulbul,2486196,birdnet,SPECIES,species,EXACT
181,Alophoixus tephrogenys_Gray-cheeked Bulbul,taxon,Alophoixus tephrogenys,Gray-cheeked Bulbul,11036190,birdnet,SPECIES,species,EXACT
182,Alopochelidon fucata_Tawny-headed Swallow,taxon,Alopochelidon fucata,Tawny-headed Swallow,4352334,birdnet,SPECIES,species,EXACT
183,Alopochen aegyptiaca_Egyptian Goose,taxon,Alopochen aegyptiaca,Egyptian Goose,2498252,birdnet,SPECIES,species,EXACT
184,Alouatta pigra_Mexican Black Howler Monkey,taxon,Alouatta pigra,Mexican Black Howler Monkey,2436653,birdnet,SPECIES,species,EXACT
185,Amalocichla incerta_Lesser Ground-Robin,taxon,Amalocichla incerta,Lesser Ground-Robin,2489281,birdnet,SPECIES,species,EXACT
186,Amandava amandava_Red Avadavat,taxon,Amandava amandava,Red Avadavat,2493698,birdnet,SPECIES,species,EXACT
187,Amaurolimnas concolor_Uniform Crake,taxon,Amaurolimnas concolor,Uniform Crake,2474448,birdnet,SPECIES,species,EXACT
188,Amaurornis isabellina_Isabelline Bush-hen,taxon,Amaurornis isabellina,Isabelline Bush-hen,2474748,birdnet,SPECIES,species,EXACT
189,Amaurornis moluccana_Pale-vented Bush-hen,taxon,Amaurornis moluccanus,Pale-vented Bush-hen,7340225,birdnet,SPECIES,species,VARIANT
190,Amaurornis phoenicurus_White-breasted Waterhen,taxon,Amaurornis phoenicurus,White-breasted Waterhen,2474732,birdnet,SPECIES,species,EXACT
191,Amaurospiza concolor_Blue Seedeater,taxon,Amaurospiza concolor,Blue Seedeater,2491733,birdnet,SPECIES,species,EXACT
192,Amaurospiza moesta_Blackish-blue Seedeater,taxon,Amaurospiza moesta,Blackish-blue Seedeater,2491738,birdnet,SPECIES,species,EXACT
193,Amazilia luciae_Honduran Emerald,taxon,Amazilia luciae,Honduran Emerald,2476456,birdnet,SPECIES,species,EXACT
194,Amazilia rutila_Cinnamon Hummingbird,taxon,Amazilia rutila,Cinnamon Hummingbird,2476417,birdnet,SPECIES,species,EXACT
195,Amazilia tzacatl_Rufous-tailed Hummingbird,taxon,Amazilia tzacatl,Rufous-tailed Hummingbird,2476441,birdnet,SPECIES,species,EXACT
196,Amazilia yucatanensis_Buff-bellied Hummingbird,taxon,Amazilia yucatanensis,Buff-bellied Hummingbird,2476483,birdnet,SPECIES,species,EXACT
197,Amazilis amazilia_Amazilia Hummingbird,taxon,Amazilis amazilia,Amazilia Hummingbird,10907193,birdnet,SPECIES,species,EXACT
198,Amazona aestiva_Turquoise-fronted Parrot,taxon,Amazona aestiva,Turquoise-fronted Parrot,2479662,birdnet,SPECIES,species,EXACT
199,Amazona agilis_Black-billed Parrot,taxon,Amazona agilis,Black-billed Parrot,2479641,birdnet,SPECIES,species,EXACT
200,Amazona albifrons_White-fronted Parrot,taxon,Amazona albifrons,White-fronted Parrot,2479618,birdnet,SPECIES,species,EXACT
201,Amazona amazonica_Orange-winged Parrot,taxon,Amazona amazonica,Orange-winged Parrot,2479666,birdnet,SPECIES,species,EXACT
202,Amazona auropalliata_Yellow-naped Parrot,taxon,Amazona auropalliata,Yellow-naped Parrot,2479631,birdnet,SPECIES,species,EXACT
203,Amazona autumnalis_Red-lored Parrot,taxon,Amazona autumnalis,Red-lored Parrot,2479623,birdnet,SPECIES,species,EXACT
204,Amazona brasiliensis_Red-tailed Parrot,taxon,Amazona brasiliensis,Red-tailed Parrot,2479630,birdnet,SPECIES,species,EXACT
205,Amazona dufresniana_Blue-cheeked Parrot,taxon,Amazona dufresniana,Blue-cheeked Parrot,2479635,birdnet,SPECIES,species,EXACT
206,Amazona farinosa_Mealy Parrot,taxon,Amazona farinosa,Mealy Parrot,2479606,birdnet,SPECIES,species,EXACT
207,Amazona festiva_Festive Parrot,taxon,Amazona festiva,Festive Parrot,2479652,birdnet,SPECIES,species,EXACT
208,Amazona finschi_Lilac-crowned Parrot,taxon,Amazona finschi,Lilac-crowned Parrot,2479669,birdnet,SPECIES,species,EXACT
209,Amazona kawalli_Kawall's Parrot,taxon,Amazona kawalli,Kawall's Parrot,2479605,birdnet,SPECIES,species,EXACT
210,Amazona leucocephala_Cuban Parrot,taxon,Amazona leucocephala,Cuban Parrot,2479655,birdnet,SPECIES,species,EXACT
211,Amazona mercenarius_Scaly-naped Parrot,taxon,Amazona mercenaria,Scaly-naped Parrot,2479636,birdnet,SPECIES,species,VARIANT
212,Amazona ochrocephala_Yellow-crowned Parrot,taxon,Amazona ochrocephala,Yellow-crowned Parrot,2479612,birdnet,SPECIES,species,EXACT
213,Amazona oratrix_Yellow-headed Parrot,taxon,Amazona oratrix,Yellow-headed Parrot,2479646,birdnet,SPECIES,species,EXACT
214,Amazona rhodocorytha_Red-browed Parrot,taxon,Amazona rhodocorytha,Red-browed Parrot,2479660,birdnet,SPECIES,species,EXACT
215,Amazona tucumana_Tucuman Parrot,taxon,Amazona tucumana,Tucuman Parrot,2479629,birdnet,SPECIES,species,EXACT
216,Amazona ventralis_Hispaniolan Parrot,taxon,Amazona ventralis,Hispaniolan Parrot,2479661,birdnet,SPECIES,species,EXACT
217,Amazona vinacea_Vinaceous-breasted Parrot,taxon,Amazona vinacea,Vinaceous-breasted Parrot,2479617,birdnet,SPECIES,species,EXACT
218,Amazona viridigenalis_Red-crowned Parrot,taxon,Amazona viridigenalis,Red-crowned Parrot,2479665,birdnet,SPECIES,species,EXACT
219,Amazona xantholora_Yellow-lored Parrot,taxon,Amazona xantholora,Yellow-lored Parrot,2479622,birdnet,SPECIES,species,EXACT
220,Amazonetta brasiliensis_Brazilian Teal,taxon,Amazonetta brasiliensis,Brazilian Teal,2498411,birdnet,SPECIES,species,EXACT
221,Amblycercus holosericeus_Yellow-billed Cacique,taxon,Amblycercus holosericeus,Yellow-billed Cacique,2484419,birdnet,SPECIES,species,EXACT
222,Amblycorypha alexanderi_Clicker Round-winged Katydid,taxon,Amblycorypha alexanderi,Clicker Round-winged Katydid,1688345,birdnet,SPECIES,species,EXACT
223,Amblycorypha longinicta_Common Virtuoso Katydid,taxon,Amblycorypha longinicta,Common Virtuoso Katydid,1688341,birdnet,SPECIES,species,EXACT
224,Amblycorypha oblongifolia_Oblong-winged Katydid,taxon,Amblycorypha oblongifolia,Oblong-winged Katydid,1688348,birdnet,SPECIES,species,EXACT
225,Amblycorypha rotundifolia_Rattler Round-winged Katydid,taxon,Amblycorypha rotundifolia,Rattler Round-winged Katydid,1688354,birdnet,SPECIES,species,EXACT
226,Amblyornis newtoniana_Golden Bowerbird,taxon,Amblyornis newtoniana,Golden Bowerbird,6086429,birdnet,SPECIES,species,EXACT
227,Amblyospiza albifrons_Grosbeak Weaver,taxon,Amblyospiza albifrons,Grosbeak Weaver,2494005,birdnet,SPECIES,species,EXACT
228,Amblyramphus holosericeus_Scarlet-headed Blackbird,taxon,Amblyramphus holosericeus,Scarlet-headed Blackbird,2484479,birdnet,SPECIES,species,EXACT
229,Ammodramus aurifrons_Yellow-browed Sparrow,taxon,Ammodramus aurifrons,Yellow-browed Sparrow,2491298,birdnet,SPECIES,species,EXACT
230,Ammodramus humeralis_Grassland Sparrow,taxon,Ammodramus humeralis,Grassland Sparrow,2491303,birdnet,SPECIES,species,EXACT
231,Ammodramus savannarum_Grasshopper Sparrow,taxon,Ammodramus savannarum,Grasshopper Sparrow,2491123,birdnet,SPECIES,species,EXACT
232,Ammomanes cinctura_Bar-tailed Lark,taxon,Ammomanes cinctura,Bar-tailed Lark,7340809,birdnet,SPECIES,species,EXACT
233,Ammomanes deserti_Desert Lark,taxon,Ammomanes deserti,Desert Lark,2490641,birdnet,SPECIES,species,EXACT
234,Ammomanes phoenicura_Rufous-tailed Lark,taxon,Ammomanes phoenicura,Rufous-tailed Lark,5788823,birdnet,SPECIES,species,EXACT
235,Ammonastes pelzelni_Gray-bellied Antbird,taxon,Ammonastes pelzelni,Gray-bellied Antbird,9300893,birdnet,SPECIES,species,EXACT
236,Ammospiza caudacuta_Saltmarsh Sparrow,taxon,Ammospiza caudacuta,Saltmarsh Sparrow,2491087,birdnet,SPECIES,species,EXACT
237,Ammospiza leconteii_LeConte's Sparrow,taxon,Ammospiza leconteii,LeConte's Sparrow,2491081,birdnet,SPECIES,species,EXACT
238,Ammospiza maritima_Seaside Sparrow,taxon,Ammospiza maritima,Seaside Sparrow,2491116,birdnet,SPECIES,species,EXACT
239,Ammospiza nelsoni_Nelson's Sparrow,taxon,Ammospiza nelsoni,Nelson's Sparrow,10999791,birdnet,SPECIES,species,EXACT
240,Ampelioides tschudii_Scaled Fruiteater,taxon,Ampelioides tschudii,Scaled Fruiteater,2486328,birdnet,SPECIES,species,EXACT
241,Ampelion rubrocristatus_Red-crested Cotinga,taxon,Ampelion rubrocristatus,Red-crested Cotinga,2486420,birdnet,SPECIES,species,EXACT
242,Ampelion rufaxilla_Chestnut-crested Cotinga,taxon,Ampelion rufaxilla,Chestnut-crested Cotinga,2486417,birdnet,SPECIES,species,EXACT
243,Ampelornis griseiceps_Gray-headed Antbird,taxon,Ampelornis griseiceps,Gray-headed Antbird,9268433,birdnet,SPECIES,species,EXACT
244,Amphispiza bilineata_Black-throated Sparrow,taxon,Amphispiza bilineata,Black-throated Sparrow,2491757,birdnet,SPECIES,species,EXACT
245,Amphispizopsis quinquestriata_Five-striped Sparrow,taxon,Amphispizopsis quinquestriata,Five-striped Sparrow,11218039,birdnet,SPECIES,species,EXACT
246,Anabacerthia amaurotis_White-browed Foliage-gleaner,taxon,Anabacerthia amaurotis,White-browed Foliage-gleaner,2485689,birdnet,SPECIES,species,EXACT
247,Anabacerthia lichtensteini_Ochre-breasted Foliage-gleaner,taxon,Anabacerthia lichtensteini,Ochre-breasted Foliage-gleaner,7870692,birdnet,SPECIES,species,EXACT
248,Anabacerthia ruficaudata_Rufous-tailed Foliage-gleaner,taxon,Anabacerthia ruficaudata,Rufous-tailed Foliage-gleaner,7586894,birdnet,SPECIES,species,EXACT
249,Anabacerthia striaticollis_Montane Foliage-gleaner,taxon,Anabacerthia striaticollis,Montane Foliage-gleaner,2485682,birdnet,SPECIES,species,EXACT
250,Anabacerthia variegaticeps_Scaly-throated Foliage-gleaner,taxon,Anabacerthia variegaticeps,Scaly-throated Foliage-gleaner,2485691,birdnet,SPECIES,species,EXACT
251,Anabazenops dorsalis_Dusky-cheeked Foliage-gleaner,taxon,Anabazenops dorsalis,Dusky-cheeked Foliage-gleaner,2485496,birdnet,SPECIES,species,EXACT
252,Anabazenops fuscus_White-collared Foliage-gleaner,taxon,Anabazenops fuscus,White-collared Foliage-gleaner,2485495,birdnet,SPECIES,species,EXACT
253,Anairetes alpinus_Ash-breasted Tit-Tyrant,taxon,Anairetes alpinus,Ash-breasted Tit-Tyrant,2482685,birdnet,SPECIES,species,EXACT
254,Anairetes flavirostris_Yellow-billed Tit-Tyrant,taxon,Anairetes flavirostris,Yellow-billed Tit-Tyrant,2482680,birdnet,SPECIES,species,EXACT
255,Anairetes nigrocristatus_Black-crested Tit-Tyrant,taxon,Anairetes nigrocristatus,Black-crested Tit-Tyrant,2482694,birdnet,SPECIES,species,EXACT
256,Anairetes parulus_Tufted Tit-Tyrant,taxon,Anairetes parulus,Tufted Tit-Tyrant,2482688,birdnet,SPECIES,species,EXACT
257,Anairetes reguloides_Pied-crested Tit-Tyrant,taxon,Anairetes reguloides,Pied-crested Tit-Tyrant,2482677,birdnet,SPECIES,species,EXACT
258,Anas acuta_Northern Pintail,taxon,Anas acuta,Northern Pintail,2498112,birdnet,SPECIES,species,EXACT
259,Anas andium_Andean Teal,taxon,Anas andium,Andean Teal,2498068,birdnet,SPECIES,species,EXACT
260,Anas castanea_Chestnut Teal,taxon,Anas castanea,Chestnut Teal,2498097,birdnet,SPECIES,species,EXACT
261,Anas crecca_Green-winged Teal,taxon,Anas crecca,Green-winged Teal,8214667,birdnet,SPECIES,species,EXACT
262,Anas diazi_Mexican Duck,taxon,Anas diazi,Mexican Duck,2498136,birdnet,SPECIES,species,EXACT
263,Anas flavirostris_Yellow-billed Teal,taxon,Anas flavirostris,Yellow-billed Teal,2498065,birdnet,SPECIES,species,EXACT
264,Anas fulvigula_Mottled Duck,taxon,Anas fulvigula,Mottled Duck,2498080,birdnet,SPECIES,species,EXACT
265,Anas georgica_Yellow-billed Pintail,taxon,Anas georgica,Yellow-billed Pintail,2498127,birdnet,SPECIES,species,EXACT
266,Anas gracilis_Gray Teal,taxon,Anas gracilis,Gray Teal,2498095,birdnet,SPECIES,species,EXACT
267,Anas platyrhynchos_Mallard,taxon,Anas platyrhynchos,Mallard,9761484,birdnet,SPECIES,species,EXACT
268,Anas poecilorhyncha_Indian Spot-billed Duck,taxon,Anas poecilorhyncha,Indian Spot-billed Duck,9450106,birdnet,SPECIES,species,EXACT
269,Anas rubripes_American Black Duck,taxon,Anas rubripes,American Black Duck,9581438,birdnet,SPECIES,species,EXACT
270,Anas superciliosa_Pacific Black Duck,taxon,Anas superciliosa,Pacific Black Duck,2498084,birdnet,SPECIES,species,EXACT
271,Anas undulata_Yellow-billed Duck,taxon,Anas undulata,Yellow-billed Duck,2498156,birdnet,SPECIES,species,EXACT
272,Anas wyvilliana_Hawaiian Duck,taxon,Anas wyvilliana,Hawaiian Duck,2498072,birdnet,SPECIES,species,EXACT
273,Anas zonorhyncha_Eastern Spot-billed Duck,taxon,Anas zonorhyncha,Eastern Spot-billed Duck,2498061,birdnet,SPECIES,species,EXACT
274,Anastomus oscitans_Asian Openbill,taxon,Anastomus oscitans,Asian Openbill,5229410,birdnet,SPECIES,species,EXACT
275,Anaxipha exigua_Say's Trig,taxon,Anaxipha exigua,Say's Trig,1719587,birdnet,SPECIES,species,EXACT
276,Anaxyrus americanus_American Toad,taxon,Anaxyrus americanus,American Toad,2422872,birdnet,SPECIES,species,EXACT
277,Anaxyrus canorus_Yosemite Toad,taxon,Anaxyrus canorus,Yosemite Toad,2422932,birdnet,SPECIES,species,EXACT
278,Anaxyrus cognatus_Great Plains Toad,taxon,Anaxyrus cognatus,Great Plains Toad,2422882,birdnet,SPECIES,species,EXACT
279,Anaxyrus fowleri_Fowler's Toad,taxon,Anaxyrus fowleri,Fowler's Toad,2422905,birdnet,SPECIES,species,EXACT
280,Anaxyrus houstonensis_Houston Toad,taxon,Anaxyrus houstonensis,Houston Toad,2422886,birdnet,SPECIES,species,EXACT
281,Anaxyrus microscaphus_Arizona Toad,taxon,Anaxyrus microscaphus,Arizona Toad,2422911,birdnet,SPECIES,species,EXACT
282,Anaxyrus quercicus_Oak Toad,taxon,Anaxyrus quercicus,Oak Toad,2422914,birdnet,SPECIES,species,EXACT
283,Anaxyrus speciosus_Texas Toad,taxon,Anaxyrus speciosus,Texas Toad,2422892,birdnet,SPECIES,species,EXACT
284,Anaxyrus terrestris_Southern Toad,taxon,Anaxyrus terrestris,Southern Toad,2422916,birdnet,SPECIES,species,EXACT
285,Anaxyrus woodhousii_Woodhouse's Toad,taxon,Anaxyrus woodhousii,Woodhouse's Toad,2422865,birdnet,SPECIES,species,EXACT
286,Ancistrops strigilatus_Chestnut-winged Hookbill,taxon,Ancistrops strigilatus,Chestnut-winged Hookbill,2485039,birdnet,SPECIES,species,EXACT
287,Andigena hypoglauca_Gray-breasted Mountain-Toucan,taxon,Andigena hypoglauca,Gray-breasted Mountain-Toucan,2478858,birdnet,SPECIES,species,EXACT
288,Andigena laminirostris_Plate-billed Mountain-Toucan,taxon,Andigena laminirostris,Plate-billed Mountain-Toucan,2478861,birdnet,SPECIES,species,EXACT
289,Andigena nigrirostris_Black-billed Mountain-Toucan,taxon,Andigena nigrirostris,Black-billed Mountain-Toucan,2478854,birdnet,SPECIES,species,EXACT
290,Androdon aequatorialis_Tooth-billed Hummingbird,taxon,Androdon aequatorialis,Tooth-billed Hummingbird,2476330,birdnet,SPECIES,species,EXACT
291,Andropadus importunus_Sombre Greenbul,taxon,Andropadus importunus,Sombre Greenbul,2486162,birdnet,SPECIES,species,EXACT
292,Anhima cornuta_Horned Screamer,taxon,Anhima cornuta,Horned Screamer,2497983,birdnet,SPECIES,species,EXACT
293,Anhinga anhinga_Anhinga,taxon,Anhinga anhinga,Anhinga,2482082,birdnet,SPECIES,species,EXACT
294,Anhinga melanogaster_Oriental Darter,taxon,Anhinga melanogaster,Oriental Darter,2482081,birdnet,SPECIES,species,EXACT
295,Anhinga novaehollandiae_Australasian Darter,taxon,Anhinga novaehollandiae,Australasian Darter,2482085,birdnet,SPECIES,species,EXACT
296,Anisognathus igniventris_Scarlet-bellied Mountain Tanager,taxon,Anisognathus igniventris,Scarlet-bellied Mountain Tanager,5230541,birdnet,SPECIES,species,EXACT
297,Anisognathus lacrymosus_Lacrimose Mountain Tanager,taxon,Anisognathus lacrymosus,Lacrimose Mountain Tanager,5230558,birdnet,SPECIES,species,EXACT
298,Anisognathus somptuosus_Blue-winged Mountain Tanager,taxon,Anisognathus somptuosus,Blue-winged Mountain Tanager,5230547,birdnet,SPECIES,species,EXACT
299,Anodorhynchus hyacinthinus_Hyacinth Macaw,taxon,Anodorhynchus hyacinthinus,Hyacinth Macaw,2479359,birdnet,SPECIES,species,EXACT
300,Anodorhynchus leari_Indigo Macaw,taxon,Anodorhynchus leari,Indigo Macaw,2479361,birdnet,SPECIES,species,EXACT
301,Anorrhinus galeritus_Bushy-crested Hornbill,taxon,Anorrhinus galeritus,Bushy-crested Hornbill,2475930,birdnet,SPECIES,species,EXACT
302,Anous ceruleus_Blue-gray Noddy,taxon,Anous ceruleus,Blue-gray Noddy,9321463,birdnet,SPECIES,species,EXACT
303,Anous minutus_Black Noddy,taxon,Anous minutus,Black Noddy,9803471,birdnet,SPECIES,species,EXACT
304,Anous stolidus_Brown Noddy,taxon,Anous stolidus,Brown Noddy,9512459,birdnet,SPECIES,species,EXACT
305,Anous tenuirostris_Lesser Noddy,taxon,Anous tenuirostris,Lesser Noddy,2481112,birdnet,SPECIES,species,EXACT
306,Anser albifrons_Greater White-fronted Goose,taxon,Anser albifrons,Greater White-fronted Goose,2498017,birdnet,SPECIES,species,EXACT
307,Anser anser_Graylag Goose,taxon,Anser anser,Graylag Goose,2498036,birdnet,SPECIES,species,EXACT
308,Anser brachyrhynchus_Pink-footed Goose,taxon,Anser brachyrhynchus,Pink-footed Goose,2498024,birdnet,SPECIES,species,EXACT
309,Anser caerulescens_Snow Goose,taxon,Anser caerulescens,Snow Goose,2498167,birdnet,SPECIES,species,EXACT
310,Anser canagicus_Emperor Goose,taxon,Anser canagicus,Emperor Goose,2498163,birdnet,SPECIES,species,EXACT
311,Anser cygnoides_Swan Goose,taxon,Anser cygnoides,Swan Goose,2498034,birdnet,SPECIES,species,EXACT
312,Anser erythropus_Lesser White-fronted Goose,taxon,Anser erythropus,Lesser White-fronted Goose,2498026,birdnet,SPECIES,species,EXACT
313,Anser fabalis_Taiga Bean-Goose,taxon,Anser fabalis,Taiga Bean-Goose,2498027,birdnet,SPECIES,species,EXACT
314,Anser indicus_Bar-headed Goose,taxon,Anser indicus,Bar-headed Goose,2498035,birdnet,SPECIES,species,EXACT
315,Anser rossii_Ross's Goose,taxon,Anser rossii,Ross's Goose,2498161,birdnet,SPECIES,species,EXACT
316,Anser serrirostris_Tundra Bean-Goose,taxon,Anser serrirostris,Tundra Bean-Goose,7340170,birdnet,SPECIES,species,EXACT
317,Anseranas semipalmata_Magpie Goose,taxon,Anseranas semipalmata,Magpie Goose,2497981,birdnet,SPECIES,species,EXACT
318,Anthipes monileger_White-gorgeted Flycatcher,taxon,Anthipes monileger,White-gorgeted Flycatcher,7341723,birdnet,SPECIES,species,EXACT
319,Anthipes solitaris_Rufous-browed Flycatcher,taxon,Anthipes solitaris,Rufous-browed Flycatcher,7341721,birdnet,SPECIES,species,EXACT
320,Anthobaphes violacea_Orange-breasted Sunbird,taxon,Anthobaphes violacea,Orange-breasted Sunbird,6089176,birdnet,SPECIES,species,EXACT
321,Anthochaera carunculata_Red Wattlebird,taxon,Anthochaera carunculata,Red Wattlebird,2487144,birdnet,SPECIES,species,EXACT
322,Anthochaera chrysoptera_Little Wattlebird,taxon,Anthochaera chrysoptera,Little Wattlebird,2487149,birdnet,SPECIES,species,EXACT
323,Anthochaera lunulata_Western Wattlebird,taxon,Anthochaera lunulata,Western Wattlebird,2487148,birdnet,SPECIES,species,EXACT
324,Anthochaera paradoxa_Yellow Wattlebird,taxon,Anthochaera paradoxa,Yellow Wattlebird,2487141,birdnet,SPECIES,species,EXACT
325,Anthochaera phrygia_Regent Honeyeater,taxon,Anthochaera phrygia,Regent Honeyeater,6094180,birdnet,SPECIES,species,EXACT
326,Anthornis melanura_New Zealand Bellbird,taxon,Anthornis melanura,New Zealand Bellbird,2487200,birdnet,SPECIES,species,EXACT
327,Anthoscopus minutus_Southern Penduline-Tit,taxon,Anthoscopus minutus,Southern Penduline-Tit,2487393,birdnet,SPECIES,species,EXACT
328,Anthoscopus musculus_Mouse-colored Penduline-Tit,taxon,Anthoscopus musculus,Mouse-colored Penduline-Tit,2487388,birdnet,SPECIES,species,EXACT
329,Anthracoceros albirostris_Oriental Pied-Hornbill,taxon,Anthracoceros albirostris,Oriental Pied-Hornbill,2475991,birdnet,SPECIES,species,EXACT
330,Anthracoceros coronatus_Malabar Pied-Hornbill,taxon,Anthracoceros coronatus,Malabar Pied-Hornbill,2475988,birdnet,SPECIES,species,EXACT
331,Anthracoceros malayanus_Black Hornbill,taxon,Anthracoceros malayanus,Black Hornbill,2475989,birdnet,SPECIES,species,EXACT
332,Anthracothorax nigricollis_Black-throated Mango,taxon,Anthracothorax nigricollis,Black-throated Mango,2476718,birdnet,SPECIES,species,EXACT
333,Anthreptes malacensis_Brown-throated Sunbird,taxon,Anthreptes malacensis,Brown-throated Sunbird,2484632,birdnet,SPECIES,species,EXACT
334,Anthreptes orientalis_Eastern Violet-backed Sunbird,taxon,Anthreptes orientalis,Eastern Violet-backed Sunbird,2484633,birdnet,SPECIES,species,EXACT
335,Anthropoides paradiseus_Blue Crane,taxon,Anthropoides paradiseus,Blue Crane,2474937,birdnet,SPECIES,species,EXACT
336,Anthropoides virgo_Demoiselle Crane,taxon,Anthropoides virgo,Demoiselle Crane,2474936,birdnet,SPECIES,species,EXACT
337,Anthus berthelotii_Berthelot's Pipit,taxon,Anthus berthelotii,Berthelot's Pipit,2490270,birdnet,SPECIES,species,EXACT
338,Anthus bogotensis_Paramo Pipit,taxon,Anthus bogotensis,Paramo Pipit,2490249,birdnet,SPECIES,species,EXACT
339,Anthus campestris_Tawny Pipit,taxon,Anthus campestris,Tawny Pipit,2490274,birdnet,SPECIES,species,EXACT
340,Anthus cervinus_Red-throated Pipit,taxon,Anthus cervinus,Red-throated Pipit,2490283,birdnet,SPECIES,species,EXACT
341,Anthus chacoensis_Pampas Pipit,taxon,Anthus chacoensis,Pampas Pipit,2490253,birdnet,SPECIES,species,EXACT
342,Anthus cinnamomeus_African Pipit,taxon,Anthus cinnamomeus,African Pipit,2490276,birdnet,SPECIES,species,EXACT
343,Anthus correndera_Correndera Pipit,taxon,Anthus correndera,Correndera Pipit,9286490,birdnet,SPECIES,species,EXACT
344,Anthus crenatus_Yellow-tufted Pipit,taxon,Anthus crenatus,Yellow-tufted Pipit,2490291,birdnet,SPECIES,species,EXACT
345,Anthus furcatus_Short-billed Pipit,taxon,Anthus furcatus,Short-billed Pipit,2490278,birdnet,SPECIES,species,EXACT
346,Anthus godlewskii_Blyth's Pipit,taxon,Anthus godlewskii,Blyth's Pipit,2490264,birdnet,SPECIES,species,EXACT
347,Anthus gustavi_Pechora Pipit,taxon,Anthus gustavi,Pechora Pipit,2490281,birdnet,SPECIES,species,EXACT
348,Anthus hellmayri_Hellmayr's Pipit,taxon,Anthus hellmayri,Hellmayr's Pipit,2490280,birdnet,SPECIES,species,EXACT
349,Anthus hodgsoni_Olive-backed Pipit,taxon,Anthus hodgsoni,Olive-backed Pipit,2490244,birdnet,SPECIES,species,EXACT
350,Anthus leucophrys_Plain-backed Pipit,taxon,Anthus leucophrys,Plain-backed Pipit,2490245,birdnet,SPECIES,species,EXACT
351,Anthus lineiventris_Striped Pipit,taxon,Anthus lineiventris,Striped Pipit,2490284,birdnet,SPECIES,species,EXACT
352,Anthus lutescens_Yellowish Pipit,taxon,Anthus lutescens,Yellowish Pipit,2490248,birdnet,SPECIES,species,EXACT
353,Anthus nattereri_Ochre-breasted Pipit,taxon,Anthus nattereri,Ochre-breasted Pipit,2490271,birdnet,SPECIES,species,EXACT
354,Anthus novaeseelandiae_Australasian Pipit,taxon,Anthus novaeseelandiae,Australasian Pipit,2490273,birdnet,SPECIES,species,EXACT
355,Anthus peruvianus_Peruvian Pipit,taxon,Anthus peruvianus,Peruvian Pipit,8725257,birdnet,SPECIES,species,EXACT
356,Anthus petrosus_Rock Pipit,taxon,Anthus petrosus,Rock Pipit,2490275,birdnet,SPECIES,species,EXACT
357,Anthus pratensis_Meadow Pipit,taxon,Anthus pratensis,Meadow Pipit,2490266,birdnet,SPECIES,species,EXACT
358,Anthus richardi_Richard's Pipit,taxon,Anthus richardi,Richard's Pipit,9465111,birdnet,SPECIES,species,EXACT
359,Anthus roseatus_Rosy Pipit,taxon,Anthus roseatus,Rosy Pipit,2490290,birdnet,SPECIES,species,EXACT
360,Anthus rubescens_American Pipit,taxon,Anthus rubescens,American Pipit,2490263,birdnet,SPECIES,species,EXACT
361,Anthus rufulus_Paddyfield Pipit,taxon,Anthus rufulus,Paddyfield Pipit,2490277,birdnet,SPECIES,species,EXACT
362,Anthus similis_Long-billed Pipit,taxon,Anthus similis,Long-billed Pipit,2490292,birdnet,SPECIES,species,EXACT
363,Anthus spinoletta_Water Pipit,taxon,Anthus spinoletta,Water Pipit,2490255,birdnet,SPECIES,species,EXACT
364,Anthus spragueii_Sprague's Pipit,taxon,Anthus spragueii,Sprague's Pipit,2490268,birdnet,SPECIES,species,EXACT
365,Anthus sylvanus_Upland Pipit,taxon,Anthus sylvanus,Upland Pipit,2490243,birdnet,SPECIES,species,EXACT
366,Anthus trivialis_Tree Pipit,taxon,Anthus trivialis,Tree Pipit,2490246,birdnet,SPECIES,species,EXACT
367,Antigone antigone_Sarus Crane,taxon,Antigone antigone,Sarus Crane,9606460,birdnet,SPECIES,species,EXACT
368,Antigone canadensis_Sandhill Crane,taxon,Antigone canadensis,Sandhill Crane,9036008,birdnet,SPECIES,species,EXACT
369,Antigone rubicunda_Brolga,taxon,Antigone rubicunda,Brolga,9295466,birdnet,SPECIES,species,EXACT
370,Antigone vipio_White-naped Crane,taxon,Antigone vipio,White-naped Crane,9473367,birdnet,SPECIES,species,EXACT
371,Antilophia bokermanni_Araripe Manakin,taxon,Antilophia bokermanni,Araripe Manakin,2487618,birdnet,SPECIES,species,EXACT
372,Antilophia galeata_Helmeted Manakin,taxon,Antilophia galeata,Helmeted Manakin,2487617,birdnet,SPECIES,species,EXACT
373,Antrostomus arizonae_Mexican Whip-poor-will,taxon,Antrostomus arizonae,Mexican Whip-poor-will,6101174,birdnet,SPECIES,species,EXACT
374,Antrostomus badius_Yucatan Nightjar,taxon,Antrostomus badius,Yucatan Nightjar,6101179,birdnet,SPECIES,species,EXACT
375,Antrostomus carolinensis_Chuck-will's-widow,taxon,Antrostomus carolinensis,Chuck-will's-widow,6101173,birdnet,SPECIES,species,EXACT
376,Antrostomus noctitherus_Puerto Rican Nightjar,taxon,Antrostomus noctitherus,Puerto Rican Nightjar,6101181,birdnet,SPECIES,species,EXACT
377,Antrostomus ridgwayi_Buff-collared Nightjar,taxon,Antrostomus ridgwayi,Buff-collared Nightjar,6101182,birdnet,SPECIES,species,EXACT
378,Antrostomus rufus_Rufous Nightjar,taxon,Antrostomus rufus,Rufous Nightjar,6101180,birdnet,SPECIES,species,EXACT
379,Antrostomus salvini_Tawny-collared Nightjar,taxon,Antrostomus salvini,Tawny-collared Nightjar,6101183,birdnet,SPECIES,species,EXACT
380,Antrostomus saturatus_Dusky Nightjar,taxon,Antrostomus saturatus,Dusky Nightjar,6101177,birdnet,SPECIES,species,EXACT
381,Antrostomus sericocaudatus_Silky-tailed Nightjar,taxon,Antrostomus sericocaudatus,Silky-tailed Nightjar,6101175,birdnet,SPECIES,species,EXACT
382,Antrostomus vociferus_Eastern Whip-poor-will,taxon,Antrostomus vociferus,Eastern Whip-poor-will,6101178,birdnet,SPECIES,species,EXACT
383,Anumbius annumbi_Firewood-gatherer,taxon,Anumbius annumbi,Firewood-gatherer,2485086,birdnet,SPECIES,species,EXACT
384,Anurolimnas castaneiceps_Chestnut-headed Crake,taxon,Anurolimnas castaneiceps,Chestnut-headed Crake,2474486,birdnet,SPECIES,species,EXACT
385,Anurolimnas fasciatus_Black-banded Crake,taxon,Anurolimnas fasciatus,Black-banded Crake,2474493,birdnet,SPECIES,species,EXACT
386,Anurolimnas viridis_Russet-crowned Crake,taxon,Anurolimnas viridis,Russet-crowned Crake,2474489,birdnet,SPECIES,species,EXACT
387,Apalis alticola_Brown-headed Apalis,taxon,Apalis alticola,Brown-headed Apalis,2492722,birdnet,SPECIES,species,EXACT
388,Apalis chapini_Chapin's Apalis,taxon,Apalis chapini,Chapin's Apalis,2492708,birdnet,SPECIES,species,EXACT
389,Apalis cinerea_Gray Apalis,taxon,Apalis cinerea,Gray Apalis,2492709,birdnet,SPECIES,species,EXACT
390,Apalis flavida_Yellow-breasted Apalis,taxon,Apalis flavida,Yellow-breasted Apalis,2492725,birdnet,SPECIES,species,EXACT
391,Apalis jacksoni_Black-throated Apalis,taxon,Apalis jacksoni,Black-throated Apalis,2492710,birdnet,SPECIES,species,EXACT
392,Apalis melanocephala_Black-headed Apalis,taxon,Apalis melanocephala,Black-headed Apalis,2492702,birdnet,SPECIES,species,EXACT
393,Apalis personata_Black-faced Apalis,taxon,Apalis personata,Black-faced Apalis,2492703,birdnet,SPECIES,species,EXACT
394,Apalis porphyrolaema_Chestnut-throated Apalis,taxon,Apalis porphyrolaema,Chestnut-throated Apalis,2492720,birdnet,SPECIES,species,EXACT
395,Apalis ruddi_Rudd's Apalis,taxon,Apalis ruddi,Rudd's Apalis,2492704,birdnet,SPECIES,species,EXACT
396,Apalis rufogularis_Buff-throated Apalis,taxon,Apalis rufogularis,Buff-throated Apalis,2492712,birdnet,SPECIES,species,EXACT
397,Apalis sharpii_Sharpe's Apalis,taxon,Apalis sharpii,Sharpe's Apalis,2492707,birdnet,SPECIES,species,EXACT
398,Apalis thoracica_Bar-throated Apalis,taxon,Apalis thoracica,Bar-throated Apalis,2492723,birdnet,SPECIES,species,EXACT
399,Apaloderma narina_Narina Trogon,taxon,Apaloderma narina,Narina Trogon,2496625,birdnet,SPECIES,species,EXACT
400,Apaloderma vittatum_Bar-tailed Trogon,taxon,Apaloderma vittatum,Bar-tailed Trogon,2496630,birdnet,SPECIES,species,EXACT
401,Aphanotriccus audax_Black-billed Flycatcher,taxon,Aphanotriccus audax,Black-billed Flycatcher,2483929,birdnet,SPECIES,species,EXACT
402,Aphanotriccus capitalis_Tawny-chested Flycatcher,taxon,Aphanotriccus capitalis,Tawny-chested Flycatcher,2483930,birdnet,SPECIES,species,EXACT
403,Aphelocephala leucopsis_Southern Whiteface,taxon,Aphelocephala leucopsis,Southern Whiteface,2486544,birdnet,SPECIES,species,EXACT
404,Aphelocoma californica_California Scrub-Jay,taxon,Aphelocoma californica,California Scrub-Jay,2482414,birdnet,SPECIES,species,EXACT
405,Aphelocoma coerulescens_Florida Scrub-Jay,taxon,Aphelocoma coerulescens,Florida Scrub-Jay,2482400,birdnet,SPECIES,species,EXACT
406,Aphelocoma ultramarina_Transvolcanic Jay,taxon,Aphelocoma ultramarina,Transvolcanic Jay,2482395,birdnet,SPECIES,species,EXACT
407,Aphelocoma unicolor_Unicolored Jay,taxon,Aphelocoma unicolor,Unicolored Jay,2482415,birdnet,SPECIES,species,EXACT
408,Aphelocoma wollweberi_Mexican Jay,taxon,Aphelocoma wollweberi,Mexican Jay,9441907,birdnet,SPECIES,species,EXACT
409,Aphelocoma woodhouseii_Woodhouse's Scrub-Jay,taxon,Aphelocoma woodhouseii,Woodhouse's Scrub-Jay,5844900,birdnet,SPECIES,species,EXACT
410,Aphrastura spinicauda_Thorn-tailed Rayadito,taxon,Aphrastura spinicauda,Thorn-tailed Rayadito,2485042,birdnet,SPECIES,species,EXACT
411,Apis mellifera_Honey Bee,taxon,Apis mellifera,Honey Bee,1341976,birdnet,SPECIES,species,EXACT
412,Aplonis atrifusca_Samoan Starling,taxon,Aplonis atrifusca,Samoan Starling,2489030,birdnet,SPECIES,species,EXACT
413,Aplonis grandis_Brown-winged Starling,taxon,Aplonis grandis,Brown-winged Starling,2489025,birdnet,SPECIES,species,EXACT
414,Aplonis metallica_Metallic Starling,taxon,Aplonis metallica,Metallic Starling,2489042,birdnet,SPECIES,species,EXACT
415,Aplonis mysolensis_Moluccan Starling,taxon,Aplonis mysolensis,Moluccan Starling,2489027,birdnet,SPECIES,species,EXACT
416,Aplonis opaca_Micronesian Starling,taxon,Aplonis opaca,Micronesian Starling,2489038,birdnet,SPECIES,species,EXACT
417,Aplonis panayensis_Asian Glossy Starling,taxon,Aplonis panayensis,Asian Glossy Starling,2489036,birdnet,SPECIES,species,EXACT
418,Aplonis tabuensis_Polynesian Starling,taxon,Aplonis tabuensis,Polynesian Starling,2489023,birdnet,SPECIES,species,EXACT
419,Aprosmictus erythropterus_Red-winged Parrot,taxon,Aprosmictus erythropterus,Red-winged Parrot,2479862,birdnet,SPECIES,species,EXACT
420,Aptenodytes patagonicus_King Penguin,taxon,Aptenodytes patagonicus,King Penguin,2481660,birdnet,SPECIES,species,EXACT
421,Apteryx mantelli_North Island Brown Kiwi,taxon,Apteryx mantelli,North Island Brown Kiwi,2495144,birdnet,SPECIES,species,EXACT
422,Apus affinis_Little Swift,taxon,Apus affinis,Little Swift,5228662,birdnet,SPECIES,species,EXACT
423,Apus apus_Common Swift,taxon,Apus apus,Common Swift,5228676,birdnet,SPECIES,species,EXACT
424,Apus caffer_White-rumped Swift,taxon,Apus caffer,White-rumped Swift,5228644,birdnet,SPECIES,species,EXACT
425,Apus melba_Alpine Swift,taxon,Apus melba,Alpine Swift,5228684,birdnet,SPECIES,species,EXACT
426,Apus nipalensis_House Swift,taxon,Apus nipalensis,House Swift,5228679,birdnet,SPECIES,species,EXACT
427,Apus pacificus_Pacific Swift,taxon,Apus pacificus,Pacific Swift,5228670,birdnet,SPECIES,species,EXACT
428,Apus pallidus_Pallid Swift,taxon,Apus pallidus,Pallid Swift,5228695,birdnet,SPECIES,species,EXACT
429,Apus unicolor_Plain Swift,taxon,Apus unicolor,Plain Swift,5228694,birdnet,SPECIES,species,EXACT
430,Aquila adalberti_Spanish Eagle,taxon,Aquila adalberti,Spanish Eagle,2480510,birdnet,SPECIES,species,EXACT
431,Aquila chrysaetos_Golden Eagle,taxon,Aquila chrysaetos,Golden Eagle,2480506,birdnet,SPECIES,species,EXACT
432,Aquila heliaca_Imperial Eagle,taxon,Aquila heliaca,Imperial Eagle,2480500,birdnet,SPECIES,species,EXACT
433,Aquila nipalensis_Steppe Eagle,taxon,Aquila nipalensis,Steppe Eagle,2480513,birdnet,SPECIES,species,EXACT
434,Ara ambiguus_Great Green Macaw,taxon,Ara ambiguus,Great Green Macaw,5959233,birdnet,SPECIES,species,EXACT
435,Ara ararauna_Blue-and-yellow Macaw,taxon,Ara ararauna,Blue-and-yellow Macaw,5959231,birdnet,SPECIES,species,EXACT
436,Ara chloropterus_Red-and-green Macaw,taxon,Ara chloropterus,Red-and-green Macaw,5959225,birdnet,SPECIES,species,EXACT
437,Ara glaucogularis_Blue-throated Macaw,taxon,Ara glaucogularis,Blue-throated Macaw,5959235,birdnet,SPECIES,species,EXACT
438,Ara macao_Scarlet Macaw,taxon,Ara macao,Scarlet Macaw,5959227,birdnet,SPECIES,species,EXACT
439,Ara militaris_Military Macaw,taxon,Ara militaris,Military Macaw,5959230,birdnet,SPECIES,species,EXACT
440,Ara severus_Chestnut-fronted Macaw,taxon,Ara severus,Chestnut-fronted Macaw,5959228,birdnet,SPECIES,species,EXACT
441,Arachnothera chrysogenys_Yellow-eared Spiderhunter,taxon,Arachnothera chrysogenys,Yellow-eared Spiderhunter,2484658,birdnet,SPECIES,species,EXACT
442,Arachnothera crassirostris_Thick-billed Spiderhunter,taxon,Arachnothera crassirostris,Thick-billed Spiderhunter,2484651,birdnet,SPECIES,species,EXACT
443,Arachnothera flavigaster_Spectacled Spiderhunter,taxon,Arachnothera flavigaster,Spectacled Spiderhunter,2484650,birdnet,SPECIES,species,EXACT
444,Arachnothera longirostra_Little Spiderhunter,taxon,Arachnothera longirostra,Little Spiderhunter,2484653,birdnet,SPECIES,species,EXACT
445,Arachnothera magna_Streaked Spiderhunter,taxon,Arachnothera magna,Streaked Spiderhunter,2484659,birdnet,SPECIES,species,EXACT
446,Aramides albiventris_Russet-naped Wood-Rail,taxon,Aramides albiventris,Russet-naped Wood-Rail,8872791,birdnet,SPECIES,species,EXACT
447,Aramides axillaris_Rufous-necked Wood-Rail,taxon,Aramides axillaris,Rufous-necked Wood-Rail,2474671,birdnet,SPECIES,species,EXACT
448,Aramides cajaneus_Gray-cowled Wood-Rail,taxon,Aramides cajanea,Gray-cowled Wood-Rail,2474659,birdnet,SPECIES,species,VARIANT
449,Aramides saracura_Slaty-breasted Wood-Rail,taxon,Aramides saracura,Slaty-breasted Wood-Rail,2474658,birdnet,SPECIES,species,EXACT
450,Aramides wolfi_Brown Wood-Rail,taxon,Aramides wolfi,Brown Wood-Rail,2474669,birdnet,SPECIES,species,EXACT
451,Aramides ypecaha_Giant Wood-Rail,taxon,Aramides ypecaha,Giant Wood-Rail,2474657,birdnet,SPECIES,species,EXACT
452,Aramus guarauna_Limpkin,taxon,Aramus guarauna,Limpkin,2474337,birdnet,SPECIES,species,EXACT
453,Aratinga auricapillus_Golden-capped Parakeet,taxon,Aratinga auricapillus,Golden-capped Parakeet,2479097,birdnet,SPECIES,species,EXACT
454,Aratinga jandaya_Jandaya Parakeet,taxon,Aratinga jandaya,Jandaya Parakeet,2479106,birdnet,SPECIES,species,EXACT
455,Aratinga nenday_Nanday Parakeet,taxon,Aratinga nenday,Nanday Parakeet,8257325,birdnet,SPECIES,species,EXACT
456,Aratinga weddellii_Dusky-headed Parakeet,taxon,Aratinga weddellii,Dusky-headed Parakeet,2479113,birdnet,SPECIES,species,EXACT
457,Arborophila atrogularis_White-cheeked Partridge,taxon,Arborophila atrogularis,White-cheeked Partridge,2473649,birdnet,SPECIES,species,EXACT
458,Arborophila brunneopectus_Bar-backed Partridge,taxon,Arborophila brunneopectus,Bar-backed Partridge,2473629,birdnet,SPECIES,species,EXACT
459,Arborophila crudigularis_Taiwan Partridge,taxon,Arborophila crudigularis,Taiwan Partridge,2473654,birdnet,SPECIES,species,EXACT
460,Arborophila hyperythra_Red-breasted Partridge,taxon,Arborophila hyperythra,Red-breasted Partridge,2473612,birdnet,SPECIES,species,EXACT
461,Arborophila javanica_Chestnut-bellied Partridge,taxon,Arborophila javanica,Chestnut-bellied Partridge,2473642,birdnet,SPECIES,species,EXACT
462,Arborophila mandellii_Chestnut-breasted Partridge,taxon,Arborophila mandellii,Chestnut-breasted Partridge,2473645,birdnet,SPECIES,species,EXACT
463,Arborophila rufogularis_Rufous-throated Partridge,taxon,Arborophila rufogularis,Rufous-throated Partridge,2473614,birdnet,SPECIES,species,EXACT
464,Arborophila torqueola_Hill Partridge,taxon,Arborophila torqueola,Hill Partridge,2473606,birdnet,SPECIES,species,EXACT
465,Archilochus alexandri_Black-chinned Hummingbird,taxon,Archilochus alexandri,Black-chinned Hummingbird,5228513,birdnet,SPECIES,species,EXACT
466,Archilochus colubris_Ruby-throated Hummingbird,taxon,Archilochus colubris,Ruby-throated Hummingbird,5228514,birdnet,SPECIES,species,EXACT
467,Ardea alba_Great Egret,taxon,Ardea alba,Great Egret,9752617,birdnet,SPECIES,species,EXACT
468,Ardea cinerea_Gray Heron,taxon,Ardea cinerea,Gray Heron,9797180,birdnet,SPECIES,species,EXACT
469,Ardea cocoi_Cocoi Heron,taxon,Ardea cocoi,Cocoi Heron,2480951,birdnet,SPECIES,species,EXACT
470,Ardea herodias_Great Blue Heron,taxon,Ardea herodias,Great Blue Heron,9630752,birdnet,SPECIES,species,EXACT
471,Ardea intermedia_Intermediate Egret,taxon,Ardea intermedia,Intermediate Egret,4352345,birdnet,SPECIES,species,EXACT
472,Ardea melanocephala_Black-headed Heron,taxon,Ardea melanocephala,Black-headed Heron,2480923,birdnet,SPECIES,species,EXACT
473,Ardea purpurea_Purple Heron,taxon,Ardea purpurea,Purple Heron,2480934,birdnet,SPECIES,species,EXACT
474,Ardea sumatrana_Great-billed Heron,taxon,Ardea sumatrana,Great-billed Heron,2480924,birdnet,SPECIES,species,EXACT
475,Ardenna bulleri_Buller's Shearwater,taxon,Ardenna bulleri,Buller's Shearwater,7884034,birdnet,SPECIES,species,EXACT
476,Ardenna carneipes_Flesh-footed Shearwater,taxon,Ardenna carneipes,Flesh-footed Shearwater,8601090,birdnet,SPECIES,species,EXACT
477,Ardenna creatopus_Pink-footed Shearwater,taxon,Ardenna creatopus,Pink-footed Shearwater,8475930,birdnet,SPECIES,species,EXACT
478,Ardenna grisea_Sooty Shearwater,taxon,Ardenna grisea,Sooty Shearwater,8249990,birdnet,SPECIES,species,EXACT
479,Ardenna pacifica_Wedge-tailed Shearwater,taxon,Ardenna pacifica,Wedge-tailed Shearwater,7763948,birdnet,SPECIES,species,EXACT
480,Ardenna tenuirostris_Short-tailed Shearwater,taxon,Ardenna tenuirostris,Short-tailed Shearwater,7456133,birdnet,SPECIES,species,EXACT
481,Ardeola bacchus_Chinese Pond-Heron,taxon,Ardeola bacchus,Chinese Pond-Heron,2480907,birdnet,SPECIES,species,EXACT
482,Ardeola grayii_Indian Pond-Heron,taxon,Ardeola grayii,Indian Pond-Heron,2480905,birdnet,SPECIES,species,EXACT
483,Ardeola ralloides_Squacco Heron,taxon,Ardeola ralloides,Squacco Heron,2480906,birdnet,SPECIES,species,EXACT
484,Ardeola speciosa_Javan Pond-Heron,taxon,Ardeola speciosa,Javan Pond-Heron,2480904,birdnet,SPECIES,species,EXACT
485,Arenaria interpres_Ruddy Turnstone,taxon,Arenaria interpres,Ruddy Turnstone,2481776,birdnet,SPECIES,species,EXACT
486,Arenaria melanocephala_Black Turnstone,taxon,Arenaria melanocephala,Black Turnstone,5229406,birdnet,SPECIES,species,EXACT
487,Argusianus argus_Great Argus,taxon,Argusianus argus,Great Argus,5227762,birdnet,SPECIES,species,EXACT
488,Argya affinis_Yellow-billed Babbler,taxon,Argya affinis,Yellow-billed Babbler,10947797,birdnet,SPECIES,species,EXACT
489,Argya caudata_Common Babbler,taxon,Argya caudata,Common Babbler,8791626,birdnet,SPECIES,species,EXACT
490,Argya earlei_Striated Babbler,taxon,Argya earlei,Striated Babbler,9213784,birdnet,SPECIES,species,EXACT
491,Argya malcolmi_Large Gray Babbler,taxon,Argya malcolmi,Large Gray Babbler,9936400,birdnet,SPECIES,species,EXACT
492,Argya striata_Jungle Babbler,taxon,Argya striata,Jungle Babbler,11013964,birdnet,SPECIES,species,EXACT
493,Argya subrufa_Rufous Babbler,taxon,Argya subrufa,Rufous Babbler,11094369,birdnet,SPECIES,species,EXACT
494,Arizelocichla masukuensis_Shelley's Greenbul,taxon,Arizelocichla masukuensis,Shelley's Greenbul,7340439,birdnet,SPECIES,species,EXACT
495,Arizelocichla milanjensis_Stripe-cheeked Greenbul,taxon,Arizelocichla milanjensis,Stripe-cheeked Greenbul,7340424,birdnet,SPECIES,species,EXACT
496,Arizelocichla nigriceps_Eastern Mountain Greenbul,taxon,Arizelocichla nigriceps,Eastern Mountain Greenbul,7340426,birdnet,SPECIES,species,EXACT
497,Arremon abeillei_Black-capped Sparrow,taxon,Arremon abeillei,Black-capped Sparrow,2491637,birdnet,SPECIES,species,EXACT
498,Arremon assimilis_Gray-browed Brushfinch,taxon,Arremon assimilis,Gray-browed Brushfinch,7341896,birdnet,SPECIES,species,EXACT
499,Arremon atricapillus_Black-headed Brushfinch,taxon,Arremon atricapillus,Black-headed Brushfinch,7341906,birdnet,SPECIES,species,EXACT
500,Arremon aurantiirostris_Orange-billed Sparrow,taxon,Arremon aurantiirostris,Orange-billed Sparrow,2491628,birdnet,SPECIES,species,EXACT
501,Arremon basilicus_Sierra Nevada Brushfinch,taxon,Arremon basilicus,Sierra Nevada Brushfinch,6093284,birdnet,SPECIES,species,EXACT
502,Arremon brunneinucha_Chestnut-capped Brushfinch,taxon,Arremon brunneinucha,Chestnut-capped Brushfinch,7341947,birdnet,SPECIES,species,EXACT
503,Arremon castaneiceps_Olive Finch,taxon,Arremon castaneiceps,Olive Finch,5788842,birdnet,SPECIES,species,EXACT
504,Arremon costaricensis_Costa Rican Brushfinch,taxon,Arremon costaricensis,Costa Rican Brushfinch,6093317,birdnet,SPECIES,species,EXACT
505,Arremon crassirostris_Sooty-faced Finch,taxon,Arremon crassirostris,Sooty-faced Finch,5788840,birdnet,SPECIES,species,EXACT
506,Arremon flavirostris_Saffron-billed Sparrow,taxon,Arremon flavirostris,Saffron-billed Sparrow,2491618,birdnet,SPECIES,species,EXACT
507,Arremon franciscanus_Sao Francisco Sparrow,taxon,Arremon franciscanus,Sao Francisco Sparrow,2491640,birdnet,SPECIES,species,EXACT
508,Arremon perijanus_Perija Brushfinch,taxon,Arremon perijanus,Perija Brushfinch,6093266,birdnet,SPECIES,species,EXACT
509,Arremon schlegeli_Golden-winged Sparrow,taxon,Arremon schlegeli,Golden-winged Sparrow,2491624,birdnet,SPECIES,species,EXACT
510,Arremon semitorquatus_Half-collared Sparrow,taxon,Arremon semitorquatus,Half-collared Sparrow,2491623,birdnet,SPECIES,species,EXACT
511,Arremon taciturnus_Pectoral Sparrow,taxon,Arremon taciturnus,Pectoral Sparrow,2491614,birdnet,SPECIES,species,EXACT
512,Arremon torquatus_White-browed Brushfinch,taxon,Arremon torquatus,White-browed Brushfinch,7341887,birdnet,SPECIES,species,EXACT
513,Arremon virenticeps_Green-striped Brushfinch,taxon,Arremon virenticeps,Green-striped Brushfinch,7341940,birdnet,SPECIES,species,EXACT
514,Arremonops chloronotus_Green-backed Sparrow,taxon,Arremonops chloronotus,Green-backed Sparrow,2491042,birdnet,SPECIES,species,EXACT
515,Arremonops conirostris_Black-striped Sparrow,taxon,Arremonops conirostris,Black-striped Sparrow,2491024,birdnet,SPECIES,species,EXACT
516,Arremonops rufivirgatus_Olive Sparrow,taxon,Arremonops rufivirgatus,Olive Sparrow,2491031,birdnet,SPECIES,species,EXACT
517,Arremonops tocuyensis_Tocuyo Sparrow,taxon,Arremonops tocuyensis,Tocuyo Sparrow,2491041,birdnet,SPECIES,species,EXACT
518,Arses telescopthalmus_Frilled Monarch,taxon,Arses telescopthalmus,Frilled Monarch,4846528,birdnet,SPECIES,species,EXACT
519,Artamus cinereus_Black-faced Woodswallow,taxon,Artamus cinereus,Black-faced Woodswallow,5230399,birdnet,SPECIES,species,EXACT
520,Artamus cyanopterus_Dusky Woodswallow,taxon,Artamus cyanopterus,Dusky Woodswallow,5230392,birdnet,SPECIES,species,EXACT
521,Artamus fuscus_Ashy Woodswallow,taxon,Artamus fuscus,Ashy Woodswallow,5230398,birdnet,SPECIES,species,EXACT
522,Artamus leucorynchus_White-breasted Woodswallow,taxon,Artamus leucorhynchos,White-breasted Woodswallow,11164150,birdnet,SPECIES,species,VARIANT
523,Artamus personatus_Masked Woodswallow,taxon,Artamus personatus,Masked Woodswallow,5230393,birdnet,SPECIES,species,EXACT
524,Artamus superciliosus_White-browed Woodswallow,taxon,Artamus superciliosus,White-browed Woodswallow,5230390,birdnet,SPECIES,species,EXACT
525,Artemisiospiza belli_Bell's Sparrow,taxon,Artemisiospiza belli,Bell's Sparrow,6100797,birdnet,SPECIES,species,EXACT
526,Artemisiospiza nevadensis_Sagebrush Sparrow,taxon,Artemisiospiza nevadensis,Sagebrush Sparrow,8276794,birdnet,SPECIES,species,EXACT
527,Artisornis metopias_African Tailorbird,taxon,Artisornis metopias,African Tailorbird,7340627,birdnet,SPECIES,species,EXACT
528,Artisornis moreaui_Long-billed Tailorbird,taxon,Artisornis moreaui,Long-billed Tailorbird,7340620,birdnet,SPECIES,species,EXACT
529,Arundinax aedon_Thick-billed Warbler,taxon,Arundinax aedon,Thick-billed Warbler,9793968,birdnet,SPECIES,species,EXACT
530,Arundinicola leucocephala_White-headed Marsh Tyrant,taxon,Arundinicola leucocephala,White-headed Marsh Tyrant,2482671,birdnet,SPECIES,species,EXACT
531,Asemospiza fuliginosa_Sooty Grassquit,taxon,Asemospiza fuliginosa,Sooty Grassquit,10731561,birdnet,SPECIES,species,EXACT
532,Asemospiza obscura_Dull-colored Grassquit,taxon,Asemospiza obscura,Dull-colored Grassquit,11049909,birdnet,SPECIES,species,EXACT
533,Asio clamator_Striped Owl,taxon,Asio clamator,Striped Owl,4843115,birdnet,SPECIES,species,EXACT
534,Asio flammeus_Short-eared Owl,taxon,Asio flammeus,Short-eared Owl,2497295,birdnet,SPECIES,species,EXACT
535,Asio grammicus_Jamaican Owl,taxon,Asio grammicus,Jamaican Owl,11360087,birdnet,SPECIES,species,EXACT
536,Asio otus_Long-eared Owl,taxon,Asio otus,Long-eared Owl,2497306,birdnet,SPECIES,species,EXACT
537,Asio stygius_Stygian Owl,taxon,Asio stygius,Stygian Owl,2497311,birdnet,SPECIES,species,EXACT
538,Aspatha gularis_Blue-throated Motmot,taxon,Aspatha gularis,Blue-throated Motmot,2475274,birdnet,SPECIES,species,EXACT
539,Asthenes anthoides_Austral Canastero,taxon,Asthenes anthoides,Austral Canastero,5230075,birdnet,SPECIES,species,EXACT
540,Asthenes baeri_Short-billed Canastero,taxon,Asthenes baeri,Short-billed Canastero,5230102,birdnet,SPECIES,species,EXACT
541,Asthenes coryi_Ochre-browed Thistletail,taxon,Asthenes coryi,Ochre-browed Thistletail,6088368,birdnet,SPECIES,species,EXACT
542,Asthenes dorbignyi_Creamy-breasted Canastero,taxon,Asthenes dorbignyi,Creamy-breasted Canastero,5230047,birdnet,SPECIES,species,EXACT
543,Asthenes flammulata_Many-striped Canastero,taxon,Asthenes flammulata,Many-striped Canastero,5230077,birdnet,SPECIES,species,EXACT
544,Asthenes fuliginosa_White-chinned Thistletail,taxon,Asthenes fuliginosa,White-chinned Thistletail,7340791,birdnet,SPECIES,species,EXACT
545,Asthenes griseomurina_Mouse-colored Thistletail,taxon,Asthenes griseomurina,Mouse-colored Thistletail,6088308,birdnet,SPECIES,species,EXACT
546,Asthenes harterti_Black-throated Thistletail,taxon,Asthenes harterti,Black-throated Thistletail,6088468,birdnet,SPECIES,species,EXACT
547,Asthenes helleri_Puna Thistletail,taxon,Asthenes helleri,Puna Thistletail,6088460,birdnet,SPECIES,species,EXACT
548,Asthenes heterura_Maquis Canastero,taxon,Asthenes heterura,Maquis Canastero,5230110,birdnet,SPECIES,species,EXACT
549,Asthenes hudsoni_Hudson's Canastero,taxon,Asthenes hudsoni,Hudson's Canastero,5230053,birdnet,SPECIES,species,EXACT
550,Asthenes humilis_Streak-throated Canastero,taxon,Asthenes humilis,Streak-throated Canastero,5230054,birdnet,SPECIES,species,EXACT
551,Asthenes maculicauda_Scribble-tailed Canastero,taxon,Asthenes maculicauda,Scribble-tailed Canastero,5230058,birdnet,SPECIES,species,EXACT
552,Asthenes modesta_Cordilleran Canastero,taxon,Asthenes modesta,Cordilleran Canastero,5230088,birdnet,SPECIES,species,EXACT
553,Asthenes moreirae_Itatiaia Spinetail,taxon,Asthenes moreirae,Itatiaia Spinetail,6088519,birdnet,SPECIES,species,EXACT
554,Asthenes ottonis_Rusty-fronted Canastero,taxon,Asthenes ottonis,Rusty-fronted Canastero,5230111,birdnet,SPECIES,species,EXACT
555,Asthenes palpebralis_Eye-ringed Thistletail,taxon,Asthenes palpebralis,Eye-ringed Thistletail,6088375,birdnet,SPECIES,species,EXACT
556,Asthenes perijana_Perija Thistletail,taxon,Asthenes perijana,Perija Thistletail,6088359,birdnet,SPECIES,species,EXACT
557,Asthenes pudibunda_Canyon Canastero,taxon,Asthenes pudibunda,Canyon Canastero,5230097,birdnet,SPECIES,species,EXACT
558,Asthenes pyrrholeuca_Sharp-billed Canastero,taxon,Asthenes pyrrholeuca,Sharp-billed Canastero,5230112,birdnet,SPECIES,species,EXACT
559,Asthenes sclateri_Puna Canastero,taxon,Asthenes sclateri,Puna Canastero,5230060,birdnet,SPECIES,species,EXACT
560,Asthenes urubambensis_Line-fronted Canastero,taxon,Asthenes urubambensis,Line-fronted Canastero,5230115,birdnet,SPECIES,species,EXACT
561,Asthenes virgata_Junin Canastero,taxon,Asthenes virgata,Junin Canastero,5230066,birdnet,SPECIES,species,EXACT
562,Asthenes wyatti_Streak-backed Canastero,taxon,Asthenes wyatti,Streak-backed Canastero,5230067,birdnet,SPECIES,species,EXACT
563,Atalotriccus pilaris_Pale-eyed Pygmy-Tyrant,taxon,Atalotriccus pilaris,Pale-eyed Pygmy-Tyrant,2483807,birdnet,SPECIES,species,EXACT
564,Atelornis crossleyi_Rufous-headed Ground-Roller,taxon,Atelornis crossleyi,Rufous-headed Ground-Roller,2475333,birdnet,SPECIES,species,EXACT
565,Atelornis pittoides_Pitta-like Ground-Roller,taxon,Atelornis pittoides,Pitta-like Ground-Roller,2475334,birdnet,SPECIES,species,EXACT
566,Athene blewitti_Forest Owlet,taxon,Athene blewitti,Forest Owlet,2497465,birdnet,SPECIES,species,EXACT
567,Athene brama_Spotted Owlet,taxon,Athene brama,Spotted Owlet,2497280,birdnet,SPECIES,species,EXACT
568,Athene cunicularia_Burrowing Owl,taxon,Athene cunicularia,Burrowing Owl,2497240,birdnet,SPECIES,species,EXACT
569,Athene noctua_Little Owl,taxon,Athene noctua,Little Owl,2497266,birdnet,SPECIES,species,EXACT
570,Athene superciliaris_White-browed Owl,taxon,Athene superciliaris,White-browed Owl,10941726,birdnet,SPECIES,species,EXACT
571,Atimastillas flavicollis_Yellow-throated Greenbul,taxon,Atimastillas flavicollis,Yellow-throated Greenbul,7340389,birdnet,SPECIES,species,EXACT
572,Atlanticus testaceus_Protean Shieldback,taxon,Atlanticus testaceus,Protean Shieldback,1685335,birdnet,SPECIES,species,EXACT
573,Atlapetes albinucha_White-naped Brushfinch,taxon,Atlapetes albinucha,White-naped Brushfinch,2491453,birdnet,SPECIES,species,EXACT
574,Atlapetes albofrenatus_Moustached Brushfinch,taxon,Atlapetes albofrenatus,Moustached Brushfinch,2491399,birdnet,SPECIES,species,EXACT
575,Atlapetes citrinellus_Yellow-striped Brushfinch,taxon,Atlapetes citrinellus,Yellow-striped Brushfinch,2491463,birdnet,SPECIES,species,EXACT
576,Atlapetes flaviceps_Yellow-headed Brushfinch,taxon,Atlapetes flaviceps,Yellow-headed Brushfinch,2491438,birdnet,SPECIES,species,EXACT
577,Atlapetes fulviceps_Fulvous-headed Brushfinch,taxon,Atlapetes fulviceps,Fulvous-headed Brushfinch,2491403,birdnet,SPECIES,species,EXACT
578,Atlapetes fuscoolivaceus_Dusky-headed Brushfinch,taxon,Atlapetes fuscoolivaceus,Dusky-headed Brushfinch,2491464,birdnet,SPECIES,species,EXACT
579,Atlapetes latinuchus_Yellow-breasted Brushfinch,taxon,Atlapetes latinuchus,Yellow-breasted Brushfinch,2491404,birdnet,SPECIES,species,EXACT
580,Atlapetes leucopis_White-rimmed Brushfinch,taxon,Atlapetes leucopis,White-rimmed Brushfinch,2491439,birdnet,SPECIES,species,EXACT
581,Atlapetes leucopterus_White-winged Brushfinch,taxon,Atlapetes leucopterus,White-winged Brushfinch,2491414,birdnet,SPECIES,species,EXACT
582,Atlapetes melanocephalus_Santa Marta Brushfinch,taxon,Atlapetes melanocephalus,Santa Marta Brushfinch,2491466,birdnet,SPECIES,species,EXACT
583,Atlapetes melanolaemus_Black-faced Brushfinch,taxon,Atlapetes melanolaemus,Black-faced Brushfinch,2491444,birdnet,SPECIES,species,EXACT
584,Atlapetes pallidiceps_Pale-headed Brushfinch,taxon,Atlapetes pallidiceps,Pale-headed Brushfinch,2491419,birdnet,SPECIES,species,EXACT
585,Atlapetes pallidinucha_Pale-naped Brushfinch,taxon,Atlapetes pallidinucha,Pale-naped Brushfinch,2491445,birdnet,SPECIES,species,EXACT
586,Atlapetes personatus_Tepui Brushfinch,taxon,Atlapetes personatus,Tepui Brushfinch,2491420,birdnet,SPECIES,species,EXACT
587,Atlapetes pileatus_Rufous-capped Brushfinch,taxon,Atlapetes pileatus,Rufous-capped Brushfinch,2491389,birdnet,SPECIES,species,EXACT
588,Atlapetes rufigenis_Rufous-eared Brushfinch,taxon,Atlapetes rufigenis,Rufous-eared Brushfinch,2491448,birdnet,SPECIES,species,EXACT
589,Atlapetes rufinucha_Bolivian Brushfinch,taxon,Atlapetes rufinucha,Bolivian Brushfinch,2491427,birdnet,SPECIES,species,EXACT
590,Atlapetes schistaceus_Slaty Brushfinch,taxon,Atlapetes schistaceus,Slaty Brushfinch,2491392,birdnet,SPECIES,species,EXACT
591,Atlapetes semirufus_Ochre-breasted Brushfinch,taxon,Atlapetes semirufus,Ochre-breasted Brushfinch,2491430,birdnet,SPECIES,species,EXACT
592,Atlapetes tibialis_Yellow-thighed Brushfinch,taxon,Atlapetes tibialis,Yellow-thighed Brushfinch,10916243,birdnet,SPECIES,species,EXACT
593,Atlapetes tricolor_Tricolored Brushfinch,taxon,Atlapetes tricolor,Tricolored Brushfinch,2491398,birdnet,SPECIES,species,EXACT
594,Atrichornis clamosus_Noisy Scrub-bird,taxon,Atrichornis clamosus,Noisy Scrub-bird,2495098,birdnet,SPECIES,species,EXACT
595,Atrichornis rufescens_Rufous Scrub-bird,taxon,Atrichornis rufescens,Rufous Scrub-bird,2495095,birdnet,SPECIES,species,EXACT
596,Attagis gayi_Rufous-bellied Seedsnipe,taxon,Attagis gayi,Rufous-bellied Seedsnipe,2480958,birdnet,SPECIES,species,EXACT
597,Atticora fasciata_White-banded Swallow,taxon,Atticora fasciata,White-banded Swallow,5230746,birdnet,SPECIES,species,EXACT
598,Atticora pileata_Black-capped Swallow,taxon,Atticora pileata,Black-capped Swallow,6086635,birdnet,SPECIES,species,EXACT
599,Atticora tibialis_White-thighed Swallow,taxon,Atticora tibialis,White-thighed Swallow,7340409,birdnet,SPECIES,species,EXACT
600,Attila bolivianus_Dull-capped Attila,taxon,Attila bolivianus,Dull-capped Attila,2483624,birdnet,SPECIES,species,EXACT
601,Attila cinnamomeus_Cinnamon Attila,taxon,Attila cinnamomeus,Cinnamon Attila,2483645,birdnet,SPECIES,species,EXACT
602,Attila citriniventris_Citron-bellied Attila,taxon,Attila citriniventris,Citron-bellied Attila,2483641,birdnet,SPECIES,species,EXACT
603,Attila phoenicurus_Rufous-tailed Attila,taxon,Attila phoenicurus,Rufous-tailed Attila,2483623,birdnet,SPECIES,species,EXACT
604,Attila rufus_Gray-hooded Attila,taxon,Attila rufus,Gray-hooded Attila,2483642,birdnet,SPECIES,species,EXACT
605,Attila spadiceus_Bright-rumped Attila,taxon,Attila spadiceus,Bright-rumped Attila,2483629,birdnet,SPECIES,species,EXACT
606,Attila torridus_Ochraceous Attila,taxon,Attila torridus,Ochraceous Attila,2483628,birdnet,SPECIES,species,EXACT
607,Augastes lumachella_Hooded Visorbearer,taxon,Augastes lumachella,Hooded Visorbearer,2476276,birdnet,SPECIES,species,EXACT
608,Augastes scutatus_Hyacinth Visorbearer,taxon,Augastes scutatus,Hyacinth Visorbearer,2476272,birdnet,SPECIES,species,EXACT
609,Aulacorhynchus albivitta_Southern Emerald-Toucanet,taxon,Aulacorhynchus albivitta,Southern Emerald-Toucanet,6101211,birdnet,SPECIES,species,EXACT
610,Aulacorhynchus coeruleicinctis_Blue-banded Toucanet,taxon,Aulacorhynchus coeruleicinctis,Blue-banded Toucanet,5229033,birdnet,SPECIES,species,EXACT
611,Aulacorhynchus derbianus_Chestnut-tipped Toucanet,taxon,Aulacorhynchus derbianus,Chestnut-tipped Toucanet,5229006,birdnet,SPECIES,species,EXACT
612,Aulacorhynchus haematopygus_Crimson-rumped Toucanet,taxon,Aulacorhynchus haematopygus,Crimson-rumped Toucanet,5229025,birdnet,SPECIES,species,EXACT
613,Aulacorhynchus prasinus_Northern Emerald-Toucanet,taxon,Aulacorhynchus prasinus,Northern Emerald-Toucanet,5229012,birdnet,SPECIES,species,EXACT
614,Aulacorhynchus sulcatus_Groove-billed Toucanet,taxon,Aulacorhynchus sulcatus,Groove-billed Toucanet,5229028,birdnet,SPECIES,species,EXACT
615,Auriparus flaviceps_Verdin,taxon,Auriparus flaviceps,Verdin,2487397,birdnet,SPECIES,species,EXACT
616,Automolus exsertus_Chiriqui Foliage-gleaner,taxon,Automolus exsertus,Chiriqui Foliage-gleaner,10847951,birdnet,SPECIES,species,EXACT
617,Automolus infuscatus_Olive-backed Foliage-gleaner,taxon,Automolus infuscatus,Olive-backed Foliage-gleaner,5230257,birdnet,SPECIES,species,EXACT
618,Automolus leucophthalmus_White-eyed Foliage-gleaner,taxon,Automolus leucophthalmus,White-eyed Foliage-gleaner,5230242,birdnet,SPECIES,species,EXACT
619,Automolus melanopezus_Brown-rumped Foliage-gleaner,taxon,Automolus melanopezus,Brown-rumped Foliage-gleaner,5230235,birdnet,SPECIES,species,EXACT
620,Automolus ochrolaemus_Buff-throated Foliage-gleaner,taxon,Automolus ochrolaemus,Buff-throated Foliage-gleaner,5230249,birdnet,SPECIES,species,EXACT
621,Automolus paraensis_Para Foliage-gleaner,taxon,Automolus paraensis,Para Foliage-gleaner,5230236,birdnet,SPECIES,species,EXACT
622,Automolus rufipileatus_Chestnut-crowned Foliage-gleaner,taxon,Automolus rufipileatus,Chestnut-crowned Foliage-gleaner,5230246,birdnet,SPECIES,species,EXACT
623,Automolus subulatus_Striped Woodhaunter,taxon,Automolus subulatus,Striped Woodhaunter,8243431,birdnet,SPECIES,species,EXACT
624,Aviceda jerdoni_Jerdon's Baza,taxon,Aviceda jerdoni,Jerdon's Baza,2480708,birdnet,SPECIES,species,EXACT
625,Aviceda leuphotes_Black Baza,taxon,Aviceda leuphotes,Black Baza,2480706,birdnet,SPECIES,species,EXACT
626,Aviceda subcristata_Pacific Baza,taxon,Aviceda subcristata,Pacific Baza,2480707,birdnet,SPECIES,species,EXACT
627,Aythya affinis_Lesser Scaup,taxon,Aythya affinis,Lesser Scaup,2498257,birdnet,SPECIES,species,EXACT
628,Aythya americana_Redhead,taxon,Aythya americana,Redhead,2498263,birdnet,SPECIES,species,EXACT
629,Aythya collaris_Ring-necked Duck,taxon,Aythya collaris,Ring-necked Duck,2498264,birdnet,SPECIES,species,EXACT
630,Aythya ferina_Common Pochard,taxon,Aythya ferina,Common Pochard,2498255,birdnet,SPECIES,species,EXACT
631,Aythya fuligula_Tufted Duck,taxon,Aythya fuligula,Tufted Duck,2498261,birdnet,SPECIES,species,EXACT
632,Aythya marila_Greater Scaup,taxon,Aythya marila,Greater Scaup,2498265,birdnet,SPECIES,species,EXACT
633,Aythya nyroca_Ferruginous Duck,taxon,Aythya nyroca,Ferruginous Duck,2498259,birdnet,SPECIES,species,EXACT
634,Aythya valisineria_Canvasback,taxon,Aythya valisineria,Canvasback,2498256,birdnet,SPECIES,species,EXACT
635,Baeolophus atricristatus_Black-crested Titmouse,taxon,Baeolophus atricristatus,Black-crested Titmouse,2487919,birdnet,SPECIES,species,EXACT
636,Baeolophus bicolor_Tufted Titmouse,taxon,Baeolophus bicolor,Tufted Titmouse,2487887,birdnet,SPECIES,species,EXACT
637,Baeolophus inornatus_Oak Titmouse,taxon,Baeolophus inornatus,Oak Titmouse,2487905,birdnet,SPECIES,species,EXACT
638,Baeolophus ridgwayi_Juniper Titmouse,taxon,Baeolophus ridgwayi,Juniper Titmouse,2487898,birdnet,SPECIES,species,EXACT
639,Baeolophus wollweberi_Bridled Titmouse,taxon,Baeolophus wollweberi,Bridled Titmouse,2487892,birdnet,SPECIES,species,EXACT
640,Baeopogon indicator_Honeyguide Greenbul,taxon,Baeopogon indicator,Honeyguide Greenbul,2486218,birdnet,SPECIES,species,EXACT
641,Balearica regulorum_Gray Crowned-Crane,taxon,Balearica regulorum,Gray Crowned-Crane,5228229,birdnet,SPECIES,species,EXACT
642,Bambusicola fytchii_Mountain Bamboo-Partridge,taxon,Bambusicola fytchii,Mountain Bamboo-Partridge,5227943,birdnet,SPECIES,species,EXACT
643,Bambusicola sonorivox_Taiwan Bamboo-Partridge,taxon,Bambusicola sonorivox,Taiwan Bamboo-Partridge,7529528,birdnet,SPECIES,species,EXACT
644,Bambusicola thoracicus_Chinese Bamboo-Partridge,taxon,Bambusicola thoracicus,Chinese Bamboo-Partridge,5227939,birdnet,SPECIES,species,EXACT
645,Bangsia aureocincta_Gold-ringed Tanager,taxon,Bangsia aureocincta,Gold-ringed Tanager,2488331,birdnet,SPECIES,species,EXACT
646,Bangsia edwardsi_Moss-backed Tanager,taxon,Bangsia edwardsi,Moss-backed Tanager,2488336,birdnet,SPECIES,species,EXACT
647,Bangsia melanochlamys_Black-and-gold Tanager,taxon,Bangsia melanochlamys,Black-and-gold Tanager,2488330,birdnet,SPECIES,species,EXACT
648,Barnardius zonarius_Australian Ringneck,taxon,Barnardius zonarius,Australian Ringneck,2479720,birdnet,SPECIES,species,EXACT
649,Bartramia longicauda_Upland Sandpiper,taxon,Bartramia longicauda,Upland Sandpiper,2481705,birdnet,SPECIES,species,EXACT
650,Baryphthengus martii_Rufous Motmot,taxon,Baryphthengus martii,Rufous Motmot,2475270,birdnet,SPECIES,species,EXACT
651,Baryphthengus ruficapillus_Rufous-capped Motmot,taxon,Baryphthengus ruficapillus,Rufous-capped Motmot,2475269,birdnet,SPECIES,species,EXACT
652,Basileuterus belli_Golden-browed Warbler,taxon,Basileuterus belli,Golden-browed Warbler,2489732,birdnet,SPECIES,species,EXACT
653,Basileuterus culicivorus_Golden-crowned Warbler,taxon,Basileuterus culicivorus,Golden-crowned Warbler,2489770,birdnet,SPECIES,species,EXACT
654,Basileuterus delattrii_Chestnut-capped Warbler,taxon,Basileuterus delattrii,Chestnut-capped Warbler,2489794,birdnet,SPECIES,species,EXACT
655,Basileuterus lachrymosus_Fan-tailed Warbler,taxon,Basileuterus lachrymosus,Fan-tailed Warbler,6092627,birdnet,SPECIES,species,EXACT
656,Basileuterus melanogenys_Black-cheeked Warbler,taxon,Basileuterus melanogenys,Black-cheeked Warbler,2489744,birdnet,SPECIES,species,EXACT
657,Basileuterus melanotis_Costa Rican Warbler,taxon,Basileuterus melanotis,Costa Rican Warbler,8941046,birdnet,SPECIES,species,EXACT
658,Basileuterus rufifrons_Rufous-capped Warbler,taxon,Basileuterus rufifrons,Rufous-capped Warbler,2489785,birdnet,SPECIES,species,EXACT
659,Basileuterus trifasciatus_Three-banded Warbler,taxon,Basileuterus trifasciatus,Three-banded Warbler,2489767,birdnet,SPECIES,species,EXACT
660,Basileuterus tristriatus_Three-striped Warbler,taxon,Basileuterus tristriatus,Three-striped Warbler,2489815,birdnet,SPECIES,species,EXACT
661,Basilinna leucotis_White-eared Hummingbird,taxon,Basilinna leucotis,White-eared Hummingbird,2476836,birdnet,SPECIES,species,EXACT
662,Batara cinerea_Giant Antshrike,taxon,Batara cinerea,Giant Antshrike,2490001,birdnet,SPECIES,species,EXACT
663,Bathmocercus rufus_Black-faced Rufous-Warbler,taxon,Bathmocercus rufus,Black-faced Rufous-Warbler,2493502,birdnet,SPECIES,species,EXACT
664,Batis capensis_Cape Batis,taxon,Batis capensis,Cape Batis,5231178,birdnet,SPECIES,species,EXACT
665,Batis erlangeri_Western Black-headed Batis,taxon,Batis erlangeri,Western Black-headed Batis,5789257,birdnet,SPECIES,species,EXACT
666,Batis mixta_Short-tailed Batis,taxon,Batis mixta,Short-tailed Batis,5231174,birdnet,SPECIES,species,EXACT
667,Batis molitor_Chinspot Batis,taxon,Batis molitor,Chinspot Batis,5231186,birdnet,SPECIES,species,EXACT
668,Batis orientalis_Gray-headed Batis,taxon,Batis orientalis,Gray-headed Batis,5231181,birdnet,SPECIES,species,EXACT
669,Batis perkeo_Pygmy Batis,taxon,Batis perkeo,Pygmy Batis,5231187,birdnet,SPECIES,species,EXACT
670,Batis pririt_Pririt Batis,taxon,Batis pririt,Pririt Batis,5231188,birdnet,SPECIES,species,EXACT
671,Batis soror_Pale Batis,taxon,Batis soror,Pale Batis,5231189,birdnet,SPECIES,species,EXACT
672,Batrachostomus affinis_Blyth's Frogmouth,taxon,Batrachostomus affinis,Blyth's Frogmouth,2497140,birdnet,SPECIES,species,EXACT
673,Batrachostomus auritus_Large Frogmouth,taxon,Batrachostomus auritus,Large Frogmouth,2497148,birdnet,SPECIES,species,EXACT
674,Batrachostomus cornutus_Sunda Frogmouth,taxon,Batrachostomus cornutus,Sunda Frogmouth,2497125,birdnet,SPECIES,species,EXACT
675,Batrachostomus hodgsoni_Hodgson's Frogmouth,taxon,Batrachostomus hodgsoni,Hodgson's Frogmouth,2497128,birdnet,SPECIES,species,EXACT
676,Batrachostomus moniliger_Sri Lanka Frogmouth,taxon,Batrachostomus moniliger,Sri Lanka Frogmouth,2497135,birdnet,SPECIES,species,EXACT
677,Batrachostomus septimus_Philippine Frogmouth,taxon,Batrachostomus septimus,Philippine Frogmouth,10854057,birdnet,SPECIES,species,EXACT
678,Batrachostomus stellatus_Gould's Frogmouth,taxon,Batrachostomus stellatus,Gould's Frogmouth,2497147,birdnet,SPECIES,species,EXACT
679,Berenicornis comatus_White-crowned Hornbill,taxon,Berenicornis comatus,White-crowned Hornbill,2476030,birdnet,SPECIES,species,EXACT
680,Berlepschia rikeri_Point-tailed Palmcreeper,taxon,Berlepschia rikeri,Point-tailed Palmcreeper,5230284,birdnet,SPECIES,species,EXACT
681,Bernieria madagascariensis_Long-billed Bernieria,taxon,Bernieria madagascariensis,Long-billed Bernieria,7340892,birdnet,SPECIES,species,EXACT
682,Bias musicus_Black-and-white Shrike-flycatcher,taxon,Bias musicus,Black-and-white Shrike-flycatcher,2492284,birdnet,SPECIES,species,EXACT
683,Biatas nigropectus_White-bearded Antshrike,taxon,Biatas nigropectus,White-bearded Antshrike,2490127,birdnet,SPECIES,species,EXACT
684,Biziura lobata_Musk Duck,taxon,Biziura lobata,Musk Duck,2498187,birdnet,SPECIES,species,EXACT
685,Bleda canicapillus_Gray-headed Bristlebill,taxon,Bleda canicapillus,Gray-headed Bristlebill,7340443,birdnet,SPECIES,species,EXACT
686,Bleda notatus_Lesser Bristlebill,taxon,Bleda notatus,Lesser Bristlebill,7340446,birdnet,SPECIES,species,EXACT
687,Bleda syndactylus_Red-tailed Bristlebill,taxon,Bleda syndactylus,Red-tailed Bristlebill,7340458,birdnet,SPECIES,species,EXACT
688,Blythipicus pyrrhotis_Bay Woodpecker,taxon,Blythipicus pyrrhotis,Bay Woodpecker,2478226,birdnet,SPECIES,species,EXACT
689,Blythipicus rubiginosus_Maroon Woodpecker,taxon,Blythipicus rubiginosus,Maroon Woodpecker,2478225,birdnet,SPECIES,species,EXACT
690,Boissonneaua flavescens_Buff-tailed Coronet,taxon,Boissonneaua flavescens,Buff-tailed Coronet,2476787,birdnet,SPECIES,species,EXACT
691,Boissonneaua jardini_Velvet-purple Coronet,taxon,Boissonneaua jardini,Velvet-purple Coronet,2476786,birdnet,SPECIES,species,EXACT
692,Boissonneaua matthewsii_Chestnut-breasted Coronet,taxon,Boissonneaua matthewsii,Chestnut-breasted Coronet,2476790,birdnet,SPECIES,species,EXACT
693,Bolbopsittacus lunulatus_Guaiabero,taxon,Bolbopsittacus lunulatus,Guaiabero,2479729,birdnet,SPECIES,species,EXACT
694,Bolborhynchus lineola_Barred Parakeet,taxon,Bolborhynchus lineola,Barred Parakeet,5229121,birdnet,SPECIES,species,EXACT
695,Bolborhynchus orbygnesius_Andean Parakeet,taxon,Bolborhynchus orbygnesius,Andean Parakeet,5229119,birdnet,SPECIES,species,EXACT
696,Bolemoreus frenatus_Bridled Honeyeater,taxon,Bolemoreus frenatus,Bridled Honeyeater,8312933,birdnet,SPECIES,species,EXACT
697,Bombycilla cedrorum_Cedar Waxwing,taxon,Bombycilla cedrorum,Cedar Waxwing,2484609,birdnet,SPECIES,species,EXACT
698,Bombycilla garrulus_Bohemian Waxwing,taxon,Bombycilla garrulus,Bohemian Waxwing,2484605,birdnet,SPECIES,species,EXACT
699,Bombycilla japonica_Japanese Waxwing,taxon,Bombycilla japonica,Japanese Waxwing,2484608,birdnet,SPECIES,species,EXACT
700,Bonasa umbellus_Ruffed Grouse,taxon,Bonasa umbellus,Ruffed Grouse,2473702,birdnet,SPECIES,species,EXACT
701,Bostrychia carunculata_Wattled Ibis,taxon,Bostrychia carunculata,Wattled Ibis,5229200,birdnet,SPECIES,species,EXACT
702,Bostrychia hagedash_Hadada Ibis,taxon,Bostrychia hagedash,Hadada Ibis,5229203,birdnet,SPECIES,species,EXACT
703,Botaurus lentiginosus_American Bittern,taxon,Botaurus lentiginosus,American Bittern,2480911,birdnet,SPECIES,species,EXACT
704,Botaurus stellaris_Great Bittern,taxon,Botaurus stellaris,Great Bittern,2480910,birdnet,SPECIES,species,EXACT
705,Brachygalba albogularis_White-throated Jacamar,taxon,Brachygalba albogularis,White-throated Jacamar,2475050,birdnet,SPECIES,species,EXACT
706,Brachygalba lugubris_Brown Jacamar,taxon,Brachygalba lugubris,Brown Jacamar,2475040,birdnet,SPECIES,species,EXACT
707,Brachypodius eutilotus_Puff-backed Bulbul,taxon,Brachypodius eutilotus,Puff-backed Bulbul,10679153,birdnet,SPECIES,species,EXACT
708,Brachypodius melanocephalos_Black-headed Bulbul,taxon,Brachypodius melanocephalos,Black-headed Bulbul,10813063,birdnet,SPECIES,species,EXACT
709,Brachypodius melanoleucos_Black-and-white Bulbul,taxon,Brachypodius melanoleucos,Black-and-white Bulbul,10854627,birdnet,SPECIES,species,EXACT
710,Brachypodius priocephalus_Gray-headed Bulbul,taxon,Brachypodius priocephalus,Gray-headed Bulbul,10958055,birdnet,SPECIES,species,EXACT
711,Brachypodius urostictus_Yellow-wattled Bulbul,taxon,Brachypodius urostictus,Yellow-wattled Bulbul,10836314,birdnet,SPECIES,species,EXACT
712,Brachypteryx cruralis_Himalayan Shortwing,taxon,Brachypteryx cruralis,Himalayan Shortwing,11102364,birdnet,SPECIES,species,EXACT
713,Brachypteryx goodfellowi_Taiwan Shortwing,taxon,Brachypteryx goodfellowi,Taiwan Shortwing,9099083,birdnet,SPECIES,species,EXACT
714,Brachypteryx hyperythra_Rusty-bellied Shortwing,taxon,Brachypteryx hyperythra,Rusty-bellied Shortwing,5230993,birdnet,SPECIES,species,EXACT
715,Brachypteryx leucophris_Lesser Shortwing,taxon,Brachypteryx leucophris,Lesser Shortwing,5789038,birdnet,SPECIES,species,EXACT
716,Brachypteryx montana_White-browed Shortwing,taxon,Brachypteryx montana,White-browed Shortwing,5230996,birdnet,SPECIES,species,EXACT
717,Brachyramphus marmoratus_Marbled Murrelet,taxon,Brachyramphus marmoratus,Marbled Murrelet,5229281,birdnet,SPECIES,species,EXACT
718,Bradornis microrhynchus_African Gray Flycatcher,taxon,Bradornis microrhynchus,African Gray Flycatcher,9476359,birdnet,SPECIES,species,EXACT
719,Bradypterus baboecala_Little Rush Warbler,taxon,Bradypterus baboecala,Little Rush Warbler,5231344,birdnet,SPECIES,species,EXACT
720,Bradypterus barratti_Barratt's Warbler,taxon,Bradypterus barratti,Barratt's Warbler,5231352,birdnet,SPECIES,species,EXACT
721,Bradypterus brunneus_Brown Emutail,taxon,Bradypterus brunneus,Brown Emutail,7420185,birdnet,SPECIES,species,EXACT
722,Bradypterus carpalis_White-winged Swamp Warbler,taxon,Bradypterus carpalis,White-winged Swamp Warbler,5231358,birdnet,SPECIES,species,EXACT
723,Bradypterus cinnamomeus_Cinnamon Bracken-Warbler,taxon,Bradypterus cinnamomeus,Cinnamon Bracken-Warbler,5231359,birdnet,SPECIES,species,EXACT
724,Bradypterus lopezi_Evergreen-forest Warbler,taxon,Bradypterus lopezi,Evergreen-forest Warbler,5231347,birdnet,SPECIES,species,EXACT
725,Bradypterus sylvaticus_Knysna Warbler,taxon,Bradypterus sylvaticus,Knysna Warbler,5231356,birdnet,SPECIES,species,EXACT
726,Branta bernicla_Brant,taxon,Branta bernicla,Brant,5232446,birdnet,SPECIES,species,EXACT
727,Branta canadensis_Canada Goose,taxon,Branta canadensis,Canada Goose,5232437,birdnet,SPECIES,species,EXACT
728,Branta hutchinsii_Cackling Goose,taxon,Branta hutchinsii,Cackling Goose,5232452,birdnet,SPECIES,species,EXACT
729,Branta leucopsis_Barnacle Goose,taxon,Branta leucopsis,Barnacle Goose,5232464,birdnet,SPECIES,species,EXACT
730,Branta sandvicensis_Hawaiian Goose,taxon,Branta sandvicensis,Hawaiian Goose,5232445,birdnet,SPECIES,species,EXACT
731,Brotogeris chiriri_Yellow-chevroned Parakeet,taxon,Brotogeris chiriri,Yellow-chevroned Parakeet,2479583,birdnet,SPECIES,species,EXACT
732,Brotogeris chrysoptera_Golden-winged Parakeet,taxon,Brotogeris chrysoptera,Golden-winged Parakeet,2479566,birdnet,SPECIES,species,EXACT
733,Brotogeris cyanoptera_Cobalt-winged Parakeet,taxon,Brotogeris cyanoptera,Cobalt-winged Parakeet,2479576,birdnet,SPECIES,species,EXACT
734,Brotogeris jugularis_Orange-chinned Parakeet,taxon,Brotogeris jugularis,Orange-chinned Parakeet,2479563,birdnet,SPECIES,species,EXACT
735,Brotogeris pyrrhoptera_Gray-cheeked Parakeet,taxon,Brotogeris pyrrhoptera,Gray-cheeked Parakeet,2479580,birdnet,SPECIES,species,EXACT
736,Brotogeris sanctithomae_Tui Parakeet,taxon,Brotogeris sanctithomae,Tui Parakeet,2479573,birdnet,SPECIES,species,EXACT
737,Brotogeris tirica_Plain Parakeet,taxon,Brotogeris tirica,Plain Parakeet,2479562,birdnet,SPECIES,species,EXACT
738,Brotogeris versicolurus_White-winged Parakeet,taxon,Brotogeris versicolurus,White-winged Parakeet,2479582,birdnet,SPECIES,species,EXACT
739,Bubalornis albirostris_White-billed Buffalo-Weaver,taxon,Bubalornis albirostris,White-billed Buffalo-Weaver,2494074,birdnet,SPECIES,species,EXACT
740,Bubalornis niger_Red-billed Buffalo-Weaver,taxon,Bubalornis niger,Red-billed Buffalo-Weaver,2494073,birdnet,SPECIES,species,EXACT
741,Bubo africanus_Spotted Eagle-Owl,taxon,Bubo africanus,Spotted Eagle-Owl,5959111,birdnet,SPECIES,species,EXACT
742,Bubo bengalensis_Rock Eagle-Owl,taxon,Bubo bengalensis,Rock Eagle-Owl,5959096,birdnet,SPECIES,species,EXACT
743,Bubo bubo_Eurasian Eagle-Owl,taxon,Bubo bubo,Eurasian Eagle-Owl,5959092,birdnet,SPECIES,species,EXACT
744,Bubo coromandus_Dusky Eagle-Owl,taxon,Bubo coromandus,Dusky Eagle-Owl,5959156,birdnet,SPECIES,species,EXACT
745,Bubo lacteus_Verreaux's Eagle-Owl,taxon,Bubo lacteus,Verreaux's Eagle-Owl,5959139,birdnet,SPECIES,species,EXACT
746,Bubo nipalensis_Spot-bellied Eagle-Owl,taxon,Bubo nipalensis,Spot-bellied Eagle-Owl,5959136,birdnet,SPECIES,species,EXACT
747,Bubo scandiacus_Snowy Owl,taxon,Bubo scandiacus,Snowy Owl,5959143,birdnet,SPECIES,species,EXACT
748,Bubo sumatranus_Barred Eagle-Owl,taxon,Bubo sumatranus,Barred Eagle-Owl,5959152,birdnet,SPECIES,species,EXACT
749,Bubo virginianus_Great Horned Owl,taxon,Bubo virginianus,Great Horned Owl,5959118,birdnet,SPECIES,species,EXACT
750,Bubulcus ibis_Cattle Egret,taxon,Bubulcus ibis,Cattle Egret,2480830,birdnet,SPECIES,species,EXACT
751,Bucanetes githagineus_Trumpeter Finch,taxon,Bucanetes githagineus,Trumpeter Finch,2494394,birdnet,SPECIES,species,EXACT
752,Buccanodon duchaillui_Yellow-spotted Barbet,taxon,Buccanodon duchaillui,Yellow-spotted Barbet,2478790,birdnet,SPECIES,species,EXACT
753,Bucco capensis_Collared Puffbird,taxon,Bucco capensis,Collared Puffbird,5228276,birdnet,SPECIES,species,EXACT
754,Bucco macrodactylus_Chestnut-capped Puffbird,taxon,Bucco macrodactylus,Chestnut-capped Puffbird,5228265,birdnet,SPECIES,species,EXACT
755,Bucco tamatia_Spotted Puffbird,taxon,Bucco tamatia,Spotted Puffbird,5228270,birdnet,SPECIES,species,EXACT
756,Bucephala albeola_Bufflehead,taxon,Bucephala albeola,Bufflehead,2498329,birdnet,SPECIES,species,EXACT
757,Bucephala clangula_Common Goldeneye,taxon,Bucephala clangula,Common Goldeneye,2498326,birdnet,SPECIES,species,EXACT
758,Bucephala islandica_Barrow's Goldeneye,taxon,Bucephala islandica,Barrow's Goldeneye,2498325,birdnet,SPECIES,species,EXACT
759,Buceros bicornis_Great Hornbill,taxon,Buceros bicornis,Great Hornbill,2476012,birdnet,SPECIES,species,EXACT
760,Buceros hydrocorax_Rufous Hornbill,taxon,Buceros hydrocorax,Rufous Hornbill,2476008,birdnet,SPECIES,species,EXACT
761,Buceros rhinoceros_Rhinoceros Hornbill,taxon,Buceros rhinoceros,Rhinoceros Hornbill,2476004,birdnet,SPECIES,species,EXACT
762,Buceros vigil_Helmeted Hornbill,taxon,Buceros vigil,Helmeted Hornbill,2475952,birdnet,SPECIES,species,EXACT
763,Bucorvus leadbeateri_Southern Ground-Hornbill,taxon,Bucorvus leadbeateri,Southern Ground-Hornbill,2476041,birdnet,SPECIES,species,EXACT
764,Bulweria bulwerii_Bulwer's Petrel,taxon,Bulweria bulwerii,Bulwer's Petrel,2481606,birdnet,SPECIES,species,EXACT
765,Buphagus africanus_Yellow-billed Oxpecker,taxon,Buphagus africanus,Yellow-billed Oxpecker,2489053,birdnet,SPECIES,species,EXACT
766,Buphagus erythrorynchus_Red-billed Oxpecker,taxon,Buphagus erythrorhynchus,Red-billed Oxpecker,2489052,birdnet,SPECIES,species,VARIANT
767,Burhinus bistriatus_Double-striped Thick-knee,taxon,Burhinus bistriatus,Double-striped Thick-knee,2482101,birdnet,SPECIES,species,EXACT
768,Burhinus capensis_Spotted Thick-knee,taxon,Burhinus capensis,Spotted Thick-knee,2482097,birdnet,SPECIES,species,EXACT
769,Burhinus grallarius_Bush Thick-knee,taxon,Burhinus grallarius,Bush Thick-knee,2482098,birdnet,SPECIES,species,EXACT
770,Burhinus indicus_Indian Thick-knee,taxon,Burhinus indicus,Indian Thick-knee,6066037,birdnet,SPECIES,species,EXACT
771,Burhinus oedicnemus_Eurasian Thick-knee,taxon,Burhinus oedicnemus,Eurasian Thick-knee,2482100,birdnet,SPECIES,species,EXACT
772,Burhinus senegalensis_Senegal Thick-knee,taxon,Burhinus senegalensis,Senegal Thick-knee,2482099,birdnet,SPECIES,species,EXACT
773,Burhinus superciliaris_Peruvian Thick-knee,taxon,Burhinus superciliaris,Peruvian Thick-knee,2482096,birdnet,SPECIES,species,EXACT
774,Burhinus vermiculatus_Water Thick-knee,taxon,Burhinus vermiculatus,Water Thick-knee,2482095,birdnet,SPECIES,species,EXACT
775,Busarellus nigricollis_Black-collared Hawk,taxon,Busarellus nigricollis,Black-collared Hawk,2480692,birdnet,SPECIES,species,EXACT
776,Butastur indicus_Gray-faced Buzzard,taxon,Butastur indicus,Gray-faced Buzzard,2480477,birdnet,SPECIES,species,EXACT
777,Butastur teesa_White-eyed Buzzard,taxon,Butastur teesa,White-eyed Buzzard,2480478,birdnet,SPECIES,species,EXACT
778,Buteo albigula_White-throated Hawk,taxon,Buteo albigula,White-throated Hawk,2480535,birdnet,SPECIES,species,EXACT
779,Buteo albonotatus_Zone-tailed Hawk,taxon,Buteo albonotatus,Zone-tailed Hawk,2480541,birdnet,SPECIES,species,EXACT
780,Buteo augur_Augur Buzzard,taxon,Buteo augur,Augur Buzzard,2480540,birdnet,SPECIES,species,EXACT
781,Buteo brachypterus_Madagascar Buzzard,taxon,Buteo brachypterus,Madagascar Buzzard,2480560,birdnet,SPECIES,species,EXACT
782,Buteo brachyurus_Short-tailed Hawk,taxon,Buteo brachyurus,Short-tailed Hawk,2480553,birdnet,SPECIES,species,EXACT
783,Buteo buteo_Common Buzzard,taxon,Buteo buteo,Common Buzzard,2480537,birdnet,SPECIES,species,EXACT
784,Buteo jamaicensis_Red-tailed Hawk,taxon,Buteo jamaicensis,Red-tailed Hawk,2480542,birdnet,SPECIES,species,EXACT
785,Buteo japonicus_Eastern Buzzard,taxon,Buteo japonicus,Eastern Buzzard,5844385,birdnet,SPECIES,species,EXACT
786,Buteo lagopus_Rough-legged Hawk,taxon,Buteo lagopus,Rough-legged Hawk,2480524,birdnet,SPECIES,species,EXACT
787,Buteo lineatus_Red-shouldered Hawk,taxon,Buteo lineatus,Red-shouldered Hawk,2480529,birdnet,SPECIES,species,EXACT
788,Buteo nitidus_Gray-lined Hawk,taxon,Buteo nitidus,Gray-lined Hawk,2480556,birdnet,SPECIES,species,EXACT
789,Buteo oreophilus_Mountain Buzzard,taxon,Buteo oreophilus,Mountain Buzzard,2480536,birdnet,SPECIES,species,EXACT
790,Buteo plagiatus_Gray Hawk,taxon,Buteo plagiatus,Gray Hawk,7853540,birdnet,SPECIES,species,EXACT
791,Buteo platypterus_Broad-winged Hawk,taxon,Buteo platypterus,Broad-winged Hawk,2480538,birdnet,SPECIES,species,EXACT
792,Buteo regalis_Ferruginous Hawk,taxon,Buteo regalis,Ferruginous Hawk,2480566,birdnet,SPECIES,species,EXACT
793,Buteo ridgwayi_Ridgway's Hawk,taxon,Buteo ridgwayi,Ridgway's Hawk,2480523,birdnet,SPECIES,species,EXACT
794,Buteo solitarius_Hawaiian Hawk,taxon,Buteo solitarius,Hawaiian Hawk,2480528,birdnet,SPECIES,species,EXACT
795,Buteo swainsoni_Swainson's Hawk,taxon,Buteo swainsoni,Swainson's Hawk,2480562,birdnet,SPECIES,species,EXACT
796,Buteogallus anthracinus_Common Black Hawk,taxon,Buteogallus anthracinus,Common Black Hawk,2480651,birdnet,SPECIES,species,EXACT
797,Buteogallus coronatus_Chaco Eagle,taxon,Buteogallus coronatus,Chaco Eagle,7661920,birdnet,SPECIES,species,EXACT
798,Buteogallus meridionalis_Savanna Hawk,taxon,Buteogallus meridionalis,Savanna Hawk,2480655,birdnet,SPECIES,species,EXACT
799,Buteogallus schistaceus_Slate-colored Hawk,taxon,Buteogallus schistaceus,Slate-colored Hawk,7951098,birdnet,SPECIES,species,EXACT
800,Buteogallus solitarius_Solitary Eagle,taxon,Buteogallus solitarius,Solitary Eagle,7836955,birdnet,SPECIES,species,EXACT
801,Buteogallus urubitinga_Great Black Hawk,taxon,Buteogallus urubitinga,Great Black Hawk,2480657,birdnet,SPECIES,species,EXACT
802,Buthraupis montana_Hooded Mountain Tanager,taxon,Buthraupis montana,Hooded Mountain Tanager,2488303,birdnet,SPECIES,species,EXACT
803,Butorides striata_Striated Heron,taxon,Butorides striata,Striated Heron,2480824,birdnet,SPECIES,species,EXACT
804,Butorides virescens_Green Heron,taxon,Butorides virescens,Green Heron,9539567,birdnet,SPECIES,species,EXACT
805,Bycanistes albotibialis_White-thighed Hornbill,taxon,Bycanistes albotibialis,White-thighed Hornbill,5788445,birdnet,SPECIES,species,EXACT
806,Bycanistes brevis_Silvery-cheeked Hornbill,taxon,Bycanistes brevis,Silvery-cheeked Hornbill,5228450,birdnet,SPECIES,species,EXACT
807,Bycanistes bucinator_Trumpeter Hornbill,taxon,Bycanistes bucinator,Trumpeter Hornbill,5228451,birdnet,SPECIES,species,EXACT
808,Bycanistes fistulator_Piping Hornbill,taxon,Bycanistes fistulator,Piping Hornbill,5228443,birdnet,SPECIES,species,EXACT
809,Bycanistes subcylindricus_Black-and-white-casqued Hornbill,taxon,Bycanistes subcylindricus,Black-and-white-casqued Hornbill,5228440,birdnet,SPECIES,species,EXACT
810,Cacatua alba_White Cockatoo,taxon,Cacatua alba,White Cockatoo,2479870,birdnet,SPECIES,species,EXACT
811,Cacatua ducorpsii_Ducorps's Cockatoo,taxon,Cacatua ducorpsii,Ducorps's Cockatoo,2479877,birdnet,SPECIES,species,EXACT
812,Cacatua galerita_Sulphur-crested Cockatoo,taxon,Cacatua galerita,Sulphur-crested Cockatoo,2479888,birdnet,SPECIES,species,EXACT
813,Cacatua goffiniana_Tanimbar Corella,taxon,Cacatua goffiniana,Tanimbar Corella,2479886,birdnet,SPECIES,species,EXACT
814,Cacatua sanguinea_Little Corella,taxon,Cacatua sanguinea,Little Corella,2479871,birdnet,SPECIES,species,EXACT
815,Cacatua tenuirostris_Long-billed Corella,taxon,Cacatua tenuirostris,Long-billed Corella,2479899,birdnet,SPECIES,species,EXACT
816,Cacicus cela_Yellow-rumped Cacique,taxon,Cacicus cela,Yellow-rumped Cacique,5229832,birdnet,SPECIES,species,EXACT
817,Cacicus chrysonotus_Mountain Cacique,taxon,Cacicus chrysonotus,Mountain Cacique,5229822,birdnet,SPECIES,species,EXACT
818,Cacicus chrysopterus_Golden-winged Cacique,taxon,Cacicus chrysopterus,Golden-winged Cacique,5229816,birdnet,SPECIES,species,EXACT
819,Cacicus haemorrhous_Red-rumped Cacique,taxon,Cacicus haemorrhous,Red-rumped Cacique,5229828,birdnet,SPECIES,species,EXACT
820,Cacicus latirostris_Band-tailed Cacique,taxon,Cacicus latirostris,Band-tailed Cacique,7642358,birdnet,SPECIES,species,EXACT
821,Cacicus oseryi_Casqued Cacique,taxon,Cacicus oseryi,Casqued Cacique,8065606,birdnet,SPECIES,species,EXACT
822,Cacicus solitarius_Solitary Black Cacique,taxon,Cacicus solitarius,Solitary Black Cacique,5229826,birdnet,SPECIES,species,EXACT
823,Cacicus uropygialis_Scarlet-rumped Cacique,taxon,Cacicus uropygialis,Scarlet-rumped Cacique,5229817,birdnet,SPECIES,species,EXACT
824,Cacomantis castaneiventris_Chestnut-breasted Cuckoo,taxon,Cacomantis castaneiventris,Chestnut-breasted Cuckoo,2496249,birdnet,SPECIES,species,EXACT
825,Cacomantis flabelliformis_Fan-tailed Cuckoo,taxon,Cacomantis flabelliformis,Fan-tailed Cuckoo,2496258,birdnet,SPECIES,species,EXACT
826,Cacomantis leucolophus_White-crowned Koel,taxon,Cacomantis leucolophus,White-crowned Koel,6085624,birdnet,SPECIES,species,EXACT
827,Cacomantis merulinus_Plaintive Cuckoo,taxon,Cacomantis merulinus,Plaintive Cuckoo,2496253,birdnet,SPECIES,species,EXACT
828,Cacomantis pallidus_Pallid Cuckoo,taxon,Cacomantis pallidus,Pallid Cuckoo,6085626,birdnet,SPECIES,species,EXACT
829,Cacomantis passerinus_Gray-bellied Cuckoo,taxon,Cacomantis passerinus,Gray-bellied Cuckoo,2496279,birdnet,SPECIES,species,EXACT
830,Cacomantis sonneratii_Banded Bay Cuckoo,taxon,Cacomantis sonneratii,Banded Bay Cuckoo,2496280,birdnet,SPECIES,species,EXACT
831,Cacomantis variolosus_Brush Cuckoo,taxon,Cacomantis variolosus,Brush Cuckoo,2496264,birdnet,SPECIES,species,EXACT
832,Cairina moschata_Muscovy Duck,taxon,Cairina moschata,Muscovy Duck,9751099,birdnet,SPECIES,species,EXACT
833,Calamanthus fuliginosus_Striated Fieldwren,taxon,Calamanthus fuliginosus,Striated Fieldwren,2486611,birdnet,SPECIES,species,EXACT
834,Calamonastes fasciolatus_Barred Wren-Warbler,taxon,Calamonastes fasciolatus,Barred Wren-Warbler,2492740,birdnet,SPECIES,species,EXACT
835,Calamonastes simplex_Gray Wren-Warbler,taxon,Calamonastes simplex,Gray Wren-Warbler,2492742,birdnet,SPECIES,species,EXACT
836,Calamonastes stierlingi_Stierling's Wren-Warbler,taxon,Calamonastes stierlingi,Stierling's Wren-Warbler,2492741,birdnet,SPECIES,species,EXACT
837,Calamospiza melanocorys_Lark Bunting,taxon,Calamospiza melanocorys,Lark Bunting,2491893,birdnet,SPECIES,species,EXACT
838,Calandrella acutirostris_Hume's Lark,taxon,Calandrella acutirostris,Hume's Lark,5230986,birdnet,SPECIES,species,EXACT
839,Calandrella brachydactyla_Greater Short-toed Lark,taxon,Calandrella brachydactyla,Greater Short-toed Lark,2490681,birdnet,SPECIES,species,EXACT
840,Calandrella cinerea_Red-capped Lark,taxon,Calandrella cinerea,Red-capped Lark,5230989,birdnet,SPECIES,species,EXACT
841,Calandrella dukhunensis_Mongolian Short-toed Lark,taxon,Calandrella dukhunensis,Mongolian Short-toed Lark,7919660,birdnet,SPECIES,species,EXACT
842,Calcarius lapponicus_Lapland Longspur,taxon,Calcarius lapponicus,Lapland Longspur,2491678,birdnet,SPECIES,species,EXACT
843,Calcarius ornatus_Chestnut-collared Longspur,taxon,Calcarius ornatus,Chestnut-collared Longspur,2491677,birdnet,SPECIES,species,EXACT
844,Calcarius pictus_Smith's Longspur,taxon,Calcarius pictus,Smith's Longspur,2491684,birdnet,SPECIES,species,EXACT
845,Calendulauda africanoides_Fawn-colored Lark,taxon,Calendulauda africanoides,Fawn-colored Lark,7340946,birdnet,SPECIES,species,EXACT
846,Calendulauda albescens_Karoo Lark,taxon,Calendulauda albescens,Karoo Lark,7340931,birdnet,SPECIES,species,EXACT
847,Calendulauda alopex_Foxy Lark,taxon,Calendulauda alopex,Foxy Lark,7340939,birdnet,SPECIES,species,EXACT
848,Calendulauda poecilosterna_Pink-breasted Lark,taxon,Calendulauda poecilosterna,Pink-breasted Lark,6089205,birdnet,SPECIES,species,EXACT
849,Calendulauda sabota_Sabota Lark,taxon,Calendulauda sabota,Sabota Lark,7340954,birdnet,SPECIES,species,EXACT
850,Calicalicus madagascariensis_Red-tailed Vanga,taxon,Calicalicus madagascariensis,Red-tailed Vanga,2495102,birdnet,SPECIES,species,EXACT
851,Calidris acuminata_Sharp-tailed Sandpiper,taxon,Calidris acuminata,Sharp-tailed Sandpiper,2481769,birdnet,SPECIES,species,EXACT
852,Calidris alba_Sanderling,taxon,Calidris alba,Sanderling,2481748,birdnet,SPECIES,species,EXACT
853,Calidris alpina_Dunlin,taxon,Calidris alpina,Dunlin,2481759,birdnet,SPECIES,species,EXACT
854,Calidris bairdii_Baird's Sandpiper,taxon,Calidris bairdii,Baird's Sandpiper,2481770,birdnet,SPECIES,species,EXACT
855,Calidris canutus_Red Knot,taxon,Calidris canutus,Red Knot,2481765,birdnet,SPECIES,species,EXACT
856,Calidris falcinellus_Broad-billed Sandpiper,taxon,Calidris falcinellus,Broad-billed Sandpiper,7537888,birdnet,SPECIES,species,EXACT
857,Calidris ferruginea_Curlew Sandpiper,taxon,Calidris ferruginea,Curlew Sandpiper,2481741,birdnet,SPECIES,species,EXACT
858,Calidris fuscicollis_White-rumped Sandpiper,taxon,Calidris fuscicollis,White-rumped Sandpiper,2481756,birdnet,SPECIES,species,EXACT
859,Calidris himantopus_Stilt Sandpiper,taxon,Calidris himantopus,Stilt Sandpiper,5229400,birdnet,SPECIES,species,EXACT
860,Calidris maritima_Purple Sandpiper,taxon,Calidris maritima,Purple Sandpiper,2481743,birdnet,SPECIES,species,EXACT
861,Calidris mauri_Western Sandpiper,taxon,Calidris mauri,Western Sandpiper,2481742,birdnet,SPECIES,species,EXACT
862,Calidris melanotos_Pectoral Sandpiper,taxon,Calidris melanotos,Pectoral Sandpiper,2481744,birdnet,SPECIES,species,EXACT
863,Calidris minuta_Little Stint,taxon,Calidris minuta,Little Stint,2481749,birdnet,SPECIES,species,EXACT
864,Calidris minutilla_Least Sandpiper,taxon,Calidris minutilla,Least Sandpiper,2481745,birdnet,SPECIES,species,EXACT
865,Calidris ptilocnemis_Rock Sandpiper,taxon,Calidris ptilocnemis,Rock Sandpiper,5229395,birdnet,SPECIES,species,EXACT
866,Calidris pugnax_Ruff,taxon,Calidris pugnax,Ruff,8250742,birdnet,SPECIES,species,EXACT
867,Calidris pusilla_Semipalmated Sandpiper,taxon,Calidris pusilla,Semipalmated Sandpiper,2481764,birdnet,SPECIES,species,EXACT
868,Calidris pygmaea_Spoon-billed Sandpiper,taxon,Calidris pygmaea,Spoon-billed Sandpiper,10658506,birdnet,SPECIES,species,EXACT
869,Calidris ruficollis_Red-necked Stint,taxon,Calidris ruficollis,Red-necked Stint,2481746,birdnet,SPECIES,species,EXACT
870,Calidris subminuta_Long-toed Stint,taxon,Calidris subminuta,Long-toed Stint,2481750,birdnet,SPECIES,species,EXACT
871,Calidris subruficollis_Buff-breasted Sandpiper,taxon,Calidris subruficollis,Buff-breasted Sandpiper,8292425,birdnet,SPECIES,species,EXACT
872,Calidris temminckii_Temminck's Stint,taxon,Calidris temminckii,Temminck's Stint,2481740,birdnet,SPECIES,species,EXACT
873,Calidris tenuirostris_Great Knot,taxon,Calidris tenuirostris,Great Knot,2481768,birdnet,SPECIES,species,EXACT
874,Calidris virgata_Surfbird,taxon,Calidris virgata,Surfbird,7964835,birdnet,SPECIES,species,EXACT
875,Caligavis chrysops_Yellow-faced Honeyeater,taxon,Caligavis chrysops,Yellow-faced Honeyeater,8197121,birdnet,SPECIES,species,EXACT
876,Caligavis subfrenata_Black-throated Honeyeater,taxon,Caligavis subfrenata,Black-throated Honeyeater,8333066,birdnet,SPECIES,species,EXACT
877,Callacanthis burtoni_Spectacled Finch,taxon,Callacanthis burtoni,Spectacled Finch,2494338,birdnet,SPECIES,species,EXACT
878,Callaeas wilsoni_North Island Kokako,taxon,Callaeas wilsoni,North Island Kokako,5817136,birdnet,SPECIES,species,EXACT
879,Calliope calliope_Siberian Rubythroat,taxon,Calliope calliope,Siberian Rubythroat,6090081,birdnet,SPECIES,species,EXACT
880,Calliope pectardens_Firethroat,taxon,Calliope pectardens,Firethroat,6090093,birdnet,SPECIES,species,EXACT
881,Calliope pectoralis_Himalayan Rubythroat,taxon,Calliope pectoralis,Himalayan Rubythroat,7341137,birdnet,SPECIES,species,EXACT
882,Calliope tschebaiewi_Chinese Rubythroat,taxon,Calliope tschebaiewi,Chinese Rubythroat,9347692,birdnet,SPECIES,species,EXACT
883,Callipepla californica_California Quail,taxon,Callipepla californica,California Quail,5228080,birdnet,SPECIES,species,EXACT
884,Callipepla douglasii_Elegant Quail,taxon,Callipepla douglasii,Elegant Quail,5228068,birdnet,SPECIES,species,EXACT
885,Callipepla gambelii_Gambel's Quail,taxon,Callipepla gambelii,Gambel's Quail,5228072,birdnet,SPECIES,species,EXACT
886,Callipepla squamata_Scaled Quail,taxon,Callipepla squamata,Scaled Quail,5228075,birdnet,SPECIES,species,EXACT
887,Callocephalon fimbriatum_Gang-gang Cockatoo,taxon,Callocephalon fimbriatum,Gang-gang Cockatoo,2480030,birdnet,SPECIES,species,EXACT
888,Calocitta colliei_Black-throated Magpie-Jay,taxon,Calocitta colliei,Black-throated Magpie-Jay,2482459,birdnet,SPECIES,species,EXACT
889,Calocitta formosa_White-throated Magpie-Jay,taxon,Calocitta formosa,White-throated Magpie-Jay,2482458,birdnet,SPECIES,species,EXACT
890,Calonectris diomedea_Cory's Shearwater,taxon,Calonectris diomedea,Cory's Shearwater,2481521,birdnet,SPECIES,species,EXACT
891,Caloramphus fuliginosus_Brown Barbet,taxon,Caloramphus fuliginosus,Brown Barbet,2478987,birdnet,SPECIES,species,EXACT
892,Calothorax lucifer_Lucifer Hummingbird,taxon,Calothorax lucifer,Lucifer Hummingbird,2476570,birdnet,SPECIES,species,EXACT
893,Calypte anna_Anna's Hummingbird,taxon,Calypte anna,Anna's Hummingbird,2476674,birdnet,SPECIES,species,EXACT
894,Calypte costae_Costa's Hummingbird,taxon,Calypte costae,Costa's Hummingbird,2476675,birdnet,SPECIES,species,EXACT
895,Calyptomena viridis_Green Broadbill,taxon,Calyptomena viridis,Green Broadbill,2484559,birdnet,SPECIES,species,EXACT
896,Calyptomena whiteheadi_Whitehead's Broadbill,taxon,Calyptomena whiteheadi,Whitehead's Broadbill,2484564,birdnet,SPECIES,species,EXACT
897,Calyptophilus frugivorus_Eastern Chat-Tanager,taxon,Calyptophilus frugivorus,Eastern Chat-Tanager,2488342,birdnet,SPECIES,species,EXACT
898,Calyptophilus tertius_Western Chat-Tanager,taxon,Calyptophilus tertius,Western Chat-Tanager,2488345,birdnet,SPECIES,species,EXACT
899,Calyptorhynchus banksii_Red-tailed Black-Cockatoo,taxon,Calyptorhynchus banksii,Red-tailed Black-Cockatoo,2480108,birdnet,SPECIES,species,EXACT
900,Calyptorhynchus funereus_Yellow-tailed Black-Cockatoo,taxon,Calyptorhynchus funereus,Yellow-tailed Black-Cockatoo,2480115,birdnet,SPECIES,species,EXACT
901,Calyptorhynchus lathami_Glossy Black-Cockatoo,taxon,Calyptorhynchus lathami,Glossy Black-Cockatoo,2480104,birdnet,SPECIES,species,EXACT
902,Calyptorhynchus latirostris_Carnaby's Black-Cockatoo,taxon,Calyptorhynchus latirostris,Carnaby's Black-Cockatoo,2480119,birdnet,SPECIES,species,EXACT
903,Camaroptera brachyura_Green-backed Camaroptera,taxon,Camaroptera brachyura,Green-backed Camaroptera,5231296,birdnet,SPECIES,species,EXACT
904,Camaroptera chloronota_Olive-green Camaroptera,taxon,Camaroptera chloronota,Olive-green Camaroptera,5231295,birdnet,SPECIES,species,EXACT
905,Camaroptera superciliaris_Yellow-browed Camaroptera,taxon,Camaroptera superciliaris,Yellow-browed Camaroptera,5231299,birdnet,SPECIES,species,EXACT
906,Campephaga flava_Black Cuckooshrike,taxon,Campephaga flava,Black Cuckooshrike,2486745,birdnet,SPECIES,species,EXACT
907,Campephaga quiscalina_Purple-throated Cuckooshrike,taxon,Campephaga quiscalina,Purple-throated Cuckooshrike,2486743,birdnet,SPECIES,species,EXACT
908,Campephilus gayaquilensis_Guayaquil Woodpecker,taxon,Campephilus gayaquilensis,Guayaquil Woodpecker,2478579,birdnet,SPECIES,species,EXACT
909,Campephilus guatemalensis_Pale-billed Woodpecker,taxon,Campephilus guatemalensis,Pale-billed Woodpecker,2478580,birdnet,SPECIES,species,EXACT
910,Campephilus haematogaster_Crimson-bellied Woodpecker,taxon,Campephilus haematogaster,Crimson-bellied Woodpecker,2478584,birdnet,SPECIES,species,EXACT
911,Campephilus leucopogon_Cream-backed Woodpecker,taxon,Campephilus leucopogon,Cream-backed Woodpecker,2478572,birdnet,SPECIES,species,EXACT
912,Campephilus magellanicus_Magellanic Woodpecker,taxon,Campephilus magellanicus,Magellanic Woodpecker,2478578,birdnet,SPECIES,species,EXACT
913,Campephilus melanoleucos_Crimson-crested Woodpecker,taxon,Campephilus melanoleucos,Crimson-crested Woodpecker,2478564,birdnet,SPECIES,species,EXACT
914,Campephilus pollens_Powerful Woodpecker,taxon,Campephilus pollens,Powerful Woodpecker,2478569,birdnet,SPECIES,species,EXACT
915,Campephilus robustus_Robust Woodpecker,taxon,Campephilus robustus,Robust Woodpecker,2478568,birdnet,SPECIES,species,EXACT
916,Campephilus rubricollis_Red-necked Woodpecker,taxon,Campephilus rubricollis,Red-necked Woodpecker,2478573,birdnet,SPECIES,species,EXACT
917,Campethera abingoni_Golden-tailed Woodpecker,taxon,Campethera abingoni,Golden-tailed Woodpecker,2478174,birdnet,SPECIES,species,EXACT
918,Campethera cailliautii_Green-backed Woodpecker,taxon,Campethera cailliautii,Green-backed Woodpecker,2478189,birdnet,SPECIES,species,EXACT
919,Campethera mombassica_Mombasa Woodpecker,taxon,Campethera mombassica,Mombasa Woodpecker,2478194,birdnet,SPECIES,species,EXACT
920,Campethera nubica_Nubian Woodpecker,taxon,Campethera nubica,Nubian Woodpecker,2478195,birdnet,SPECIES,species,EXACT
921,Camptostoma imberbe_Northern Beardless-Tyrannulet,taxon,Camptostoma imberbe,Northern Beardless-Tyrannulet,2483507,birdnet,SPECIES,species,EXACT
922,Camptostoma obsoletum_Southern Beardless-Tyrannulet,taxon,Camptostoma obsoletum,Southern Beardless-Tyrannulet,2483511,birdnet,SPECIES,species,EXACT
923,Campylopterus falcatus_Lazuline Sabrewing,taxon,Campylopterus falcatus,Lazuline Sabrewing,2476125,birdnet,SPECIES,species,EXACT
924,Campylopterus hemileucurus_Violet Sabrewing,taxon,Campylopterus hemileucurus,Violet Sabrewing,2476133,birdnet,SPECIES,species,EXACT
925,Campylopterus largipennis_Gray-breasted Sabrewing,taxon,Campylopterus largipennis,Gray-breasted Sabrewing,2476116,birdnet,SPECIES,species,EXACT
926,Campylorhamphus falcularius_Black-billed Scythebill,taxon,Campylorhamphus falcularius,Black-billed Scythebill,2485943,birdnet,SPECIES,species,EXACT
927,Campylorhamphus procurvoides_Curve-billed Scythebill,taxon,Campylorhamphus procurvoides,Curve-billed Scythebill,2485932,birdnet,SPECIES,species,EXACT
928,Campylorhamphus pusillus_Brown-billed Scythebill,taxon,Campylorhamphus pusillus,Brown-billed Scythebill,2485937,birdnet,SPECIES,species,EXACT
929,Campylorhamphus trochilirostris_Red-billed Scythebill,taxon,Campylorhamphus trochilirostris,Red-billed Scythebill,2485917,birdnet,SPECIES,species,EXACT
930,Campylorhynchus albobrunneus_White-headed Wren,taxon,Campylorhynchus albobrunneus,White-headed Wren,5231470,birdnet,SPECIES,species,EXACT
931,Campylorhynchus brunneicapillus_Cactus Wren,taxon,Campylorhynchus brunneicapillus,Cactus Wren,5231474,birdnet,SPECIES,species,EXACT
932,Campylorhynchus chiapensis_Giant Wren,taxon,Campylorhynchus chiapensis,Giant Wren,5231479,birdnet,SPECIES,species,EXACT
933,Campylorhynchus fasciatus_Fasciated Wren,taxon,Campylorhynchus fasciatus,Fasciated Wren,5231471,birdnet,SPECIES,species,EXACT
934,Campylorhynchus griseus_Bicolored Wren,taxon,Campylorhynchus griseus,Bicolored Wren,5231480,birdnet,SPECIES,species,EXACT
935,Campylorhynchus gularis_Spotted Wren,taxon,Campylorhynchus gularis,Spotted Wren,5231466,birdnet,SPECIES,species,EXACT
936,Campylorhynchus jocosus_Boucard's Wren,taxon,Campylorhynchus jocosus,Boucard's Wren,5231481,birdnet,SPECIES,species,EXACT
937,Campylorhynchus megalopterus_Gray-barred Wren,taxon,Campylorhynchus megalopterus,Gray-barred Wren,5231467,birdnet,SPECIES,species,EXACT
938,Campylorhynchus nuchalis_Stripe-backed Wren,taxon,Campylorhynchus nuchalis,Stripe-backed Wren,5231472,birdnet,SPECIES,species,EXACT
939,Campylorhynchus rufinucha_Rufous-naped Wren,taxon,Campylorhynchus rufinucha,Rufous-naped Wren,5231482,birdnet,SPECIES,species,EXACT
940,Campylorhynchus turdinus_Thrush-like Wren,taxon,Campylorhynchus turdinus,Thrush-like Wren,5231468,birdnet,SPECIES,species,EXACT
941,Campylorhynchus yucatanicus_Yucatan Wren,taxon,Campylorhynchus yucatanicus,Yucatan Wren,5231473,birdnet,SPECIES,species,EXACT
942,Campylorhynchus zonatus_Band-backed Wren,taxon,Campylorhynchus zonatus,Band-backed Wren,5231469,birdnet,SPECIES,species,EXACT
943,Canachites canadensis_Spruce Grouse,taxon,Canachites canadensis,Spruce Grouse,2473502,birdnet,SPECIES,species,EXACT
944,Canis latrans_Coyote,taxon,Canis latrans,Coyote,5219153,birdnet,SPECIES,species,EXACT
945,Canis lupus_Gray Wolf,taxon,Canis lupus,Gray Wolf,5219173,birdnet,SPECIES,species,EXACT
946,Cantorchilus elutus_Isthmian Wren,taxon,Cantorchilus elutus,Isthmian Wren,7525186,birdnet,SPECIES,species,EXACT
947,Cantorchilus guarayanus_Fawn-breasted Wren,taxon,Cantorchilus guarayanus,Fawn-breasted Wren,6089532,birdnet,SPECIES,species,EXACT
948,Cantorchilus leucopogon_Stripe-throated Wren,taxon,Cantorchilus leucopogon,Stripe-throated Wren,7341082,birdnet,SPECIES,species,EXACT
949,Cantorchilus leucotis_Buff-breasted Wren,taxon,Cantorchilus leucotis,Buff-breasted Wren,7341038,birdnet,SPECIES,species,EXACT
950,Cantorchilus longirostris_Long-billed Wren,taxon,Cantorchilus longirostris,Long-billed Wren,7341035,birdnet,SPECIES,species,EXACT
951,Cantorchilus modestus_Cabanis's Wren,taxon,Cantorchilus modestus,Cabanis's Wren,7341074,birdnet,SPECIES,species,EXACT
952,Cantorchilus nigricapillus_Bay Wren,taxon,Cantorchilus nigricapillus,Bay Wren,7341063,birdnet,SPECIES,species,EXACT
953,Cantorchilus semibadius_Riverside Wren,taxon,Cantorchilus semibadius,Riverside Wren,6089710,birdnet,SPECIES,species,EXACT
954,Cantorchilus superciliaris_Superciliated Wren,taxon,Cantorchilus superciliaris,Superciliated Wren,7341058,birdnet,SPECIES,species,EXACT
955,Cantorchilus thoracicus_Stripe-breasted Wren,taxon,Cantorchilus thoracicus,Stripe-breasted Wren,6089791,birdnet,SPECIES,species,EXACT
956,Cantorchilus zeledoni_Canebrake Wren,taxon,Cantorchilus zeledoni,Canebrake Wren,8874605,birdnet,SPECIES,species,EXACT
957,Capito auratus_Gilded Barbet,taxon,Capito auratus,Gilded Barbet,2479031,birdnet,SPECIES,species,EXACT
958,Capito aurovirens_Scarlet-crowned Barbet,taxon,Capito aurovirens,Scarlet-crowned Barbet,2479050,birdnet,SPECIES,species,EXACT
959,Capito dayi_Black-girdled Barbet,taxon,Capito dayi,Black-girdled Barbet,2479045,birdnet,SPECIES,species,EXACT
960,Capito hypoleucus_White-mantled Barbet,taxon,Capito hypoleucus,White-mantled Barbet,2479046,birdnet,SPECIES,species,EXACT
961,Capito niger_Black-spotted Barbet,taxon,Capito niger,Black-spotted Barbet,2479051,birdnet,SPECIES,species,EXACT
962,Capito quinticolor_Five-colored Barbet,taxon,Capito quinticolor,Five-colored Barbet,2479040,birdnet,SPECIES,species,EXACT
963,Capito squamatus_Orange-fronted Barbet,taxon,Capito squamatus,Orange-fronted Barbet,2479030,birdnet,SPECIES,species,EXACT
964,Capito wallacei_Scarlet-banded Barbet,taxon,Capito wallacei,Scarlet-banded Barbet,2479029,birdnet,SPECIES,species,EXACT
965,Caprimulgus affinis_Savanna Nightjar,taxon,Caprimulgus affinis,Savanna Nightjar,2496952,birdnet,SPECIES,species,EXACT
966,Caprimulgus asiaticus_Indian Nightjar,taxon,Caprimulgus asiaticus,Indian Nightjar,2496944,birdnet,SPECIES,species,EXACT
967,Caprimulgus atripennis_Jerdon's Nightjar,taxon,Caprimulgus atripennis,Jerdon's Nightjar,2496852,birdnet,SPECIES,species,EXACT
968,Caprimulgus clarus_Slender-tailed Nightjar,taxon,Caprimulgus clarus,Slender-tailed Nightjar,2496937,birdnet,SPECIES,species,EXACT
969,Caprimulgus climacurus_Long-tailed Nightjar,taxon,Caprimulgus climacurus,Long-tailed Nightjar,2496964,birdnet,SPECIES,species,EXACT
970,Caprimulgus europaeus_Eurasian Nightjar,taxon,Caprimulgus europaeus,Eurasian Nightjar,8109681,birdnet,SPECIES,species,EXACT
971,Caprimulgus fossii_Square-tailed Nightjar,taxon,Caprimulgus fossii,Square-tailed Nightjar,2496905,birdnet,SPECIES,species,EXACT
972,Caprimulgus indicus_Jungle Nightjar,taxon,Caprimulgus indicus,Jungle Nightjar,9509689,birdnet,SPECIES,species,EXACT
973,Caprimulgus jotaka_Gray Nightjar,taxon,Caprimulgus jotaka,Gray Nightjar,6101184,birdnet,SPECIES,species,EXACT
974,Caprimulgus macrurus_Large-tailed Nightjar,taxon,Caprimulgus macrurus,Large-tailed Nightjar,2496890,birdnet,SPECIES,species,EXACT
975,Caprimulgus madagascariensis_Madagascar Nightjar,taxon,Caprimulgus madagascariensis,Madagascar Nightjar,2496923,birdnet,SPECIES,species,EXACT
976,Caprimulgus manillensis_Philippine Nightjar,taxon,Caprimulgus manillensis,Philippine Nightjar,2496828,birdnet,SPECIES,species,EXACT
977,Caprimulgus natalensis_Swamp Nightjar,taxon,Caprimulgus natalensis,Swamp Nightjar,2496911,birdnet,SPECIES,species,EXACT
978,Caprimulgus nigriscapularis_Black-shouldered Nightjar,taxon,Caprimulgus nigriscapularis,Black-shouldered Nightjar,2496904,birdnet,SPECIES,species,EXACT
979,Caprimulgus pectoralis_Fiery-necked Nightjar,taxon,Caprimulgus pectoralis,Fiery-necked Nightjar,2496865,birdnet,SPECIES,species,EXACT
980,Caprimulgus poliocephalus_Abyssinian Nightjar,taxon,Caprimulgus poliocephalus,Abyssinian Nightjar,2496986,birdnet,SPECIES,species,EXACT
981,Caprimulgus ruficollis_Red-necked Nightjar,taxon,Caprimulgus ruficollis,Red-necked Nightjar,9411857,birdnet,SPECIES,species,EXACT
982,Caprimulgus rufigena_Rufous-cheeked Nightjar,taxon,Caprimulgus rufigena,Rufous-cheeked Nightjar,2496941,birdnet,SPECIES,species,EXACT
983,Caprimulgus tristigma_Freckled Nightjar,taxon,Caprimulgus tristigma,Freckled Nightjar,2496926,birdnet,SPECIES,species,EXACT
984,Capsiempis flaveola_Yellow Tyrannulet,taxon,Capsiempis flaveola,Yellow Tyrannulet,2483845,birdnet,SPECIES,species,EXACT
985,Caracara plancus_Crested Caracara,taxon,Caracara plancus,Crested Caracara,2480989,birdnet,SPECIES,species,EXACT
986,Cardellina canadensis_Canada Warbler,taxon,Cardellina canadensis,Canada Warbler,6091946,birdnet,SPECIES,species,EXACT
987,Cardellina pusilla_Wilson's Warbler,taxon,Cardellina pusilla,Wilson's Warbler,7341606,birdnet,SPECIES,species,EXACT
988,Cardellina rubra_Red Warbler,taxon,Cardellina rubra,Red Warbler,7341589,birdnet,SPECIES,species,EXACT
989,Cardellina rubrifrons_Red-faced Warbler,taxon,Cardellina rubrifrons,Red-faced Warbler,2489634,birdnet,SPECIES,species,EXACT
990,Cardellina versicolor_Pink-headed Warbler,taxon,Cardellina versicolor,Pink-headed Warbler,6091866,birdnet,SPECIES,species,EXACT
991,Cardinalis cardinalis_Northern Cardinal,taxon,Cardinalis cardinalis,Northern Cardinal,2490384,birdnet,SPECIES,species,EXACT
992,Cardinalis phoeniceus_Vermilion Cardinal,taxon,Cardinalis phoeniceus,Vermilion Cardinal,2490404,birdnet,SPECIES,species,EXACT
993,Cardinalis sinuatus_Pyrrhuloxia,taxon,Cardinalis sinuatus,Pyrrhuloxia,2490405,birdnet,SPECIES,species,EXACT
994,Carduelis carduelis_European Goldfinch,taxon,Carduelis carduelis,European Goldfinch,2494686,birdnet,SPECIES,species,EXACT
995,Carduelis citrinella_Citril Finch,taxon,Carduelis citrinella,Citril Finch,2494632,birdnet,SPECIES,species,EXACT
996,Carduelis corsicana_Corsican Finch,taxon,Carduelis corsicana,Corsican Finch,4408961,birdnet,SPECIES,species,EXACT
997,Cariama cristata_Red-legged Seriema,taxon,Cariama cristata,Red-legged Seriema,5228133,birdnet,SPECIES,species,EXACT
998,Carpococcyx radiceus_Bornean Ground-Cuckoo,taxon,Carpococcyx radiceus,Bornean Ground-Cuckoo,2496388,birdnet,SPECIES,species,EXACT
999,Carpococcyx renauldi_Coral-billed Ground-Cuckoo,taxon,Carpococcyx renauldi,Coral-billed Ground-Cuckoo,2496390,birdnet,SPECIES,species,EXACT
1000,Carpodacus dubius_Chinese White-browed Rosefinch,taxon,Carpodacus dubius,Chinese White-browed Rosefinch,7341926,birdnet,SPECIES,species,EXACT
1001,Carpodacus erythrinus_Common Rosefinch,taxon,Carpodacus erythrinus,Common Rosefinch,2494459,birdnet,SPECIES,species,EXACT
1002,Carpodacus puniceus_Red-fronted Rosefinch,taxon,Carpodacus puniceus,Red-fronted Rosefinch,2494508,birdnet,SPECIES,species,EXACT
1003,Carpodacus rodochroa_Pink-browed Rosefinch,taxon,Carpodacus rodochroa,Pink-browed Rosefinch,2494476,birdnet,SPECIES,species,EXACT
1004,Carpodacus rubicilla_Great Rosefinch,taxon,Carpodacus rubicilla,Great Rosefinch,2494517,birdnet,SPECIES,species,EXACT
1005,Carpodacus rubicilloides_Streaked Rosefinch,taxon,Carpodacus rubicilloides,Streaked Rosefinch,9401967,birdnet,SPECIES,species,EXACT
1006,Carpodacus sibiricus_Long-tailed Rosefinch,taxon,Carpodacus sibiricus,Long-tailed Rosefinch,7690055,birdnet,SPECIES,species,EXACT
1007,Carpodacus synoicus_Sinai Rosefinch,taxon,Carpodacus synoicus,Sinai Rosefinch,2494495,birdnet,SPECIES,species,EXACT
1008,Carpodacus thura_Himalayan White-browed Rosefinch,taxon,Carpodacus thura,Himalayan White-browed Rosefinch,2494500,birdnet,SPECIES,species,EXACT
1009,Carpornis cucullata_Hooded Berryeater,taxon,Carpornis cucullata,Hooded Berryeater,2486392,birdnet,SPECIES,species,EXACT
1010,Carpornis melanocephala_Black-headed Berryeater,taxon,Carpornis melanocephala,Black-headed Berryeater,2486394,birdnet,SPECIES,species,EXACT
1011,Carpospiza brachydactyla_Pale Rockfinch,taxon,Carpospiza brachydactyla,Pale Rockfinch,2492364,birdnet,SPECIES,species,EXACT
1012,Carterornis chrysomela_Golden Monarch,taxon,Carterornis chrysomela,Golden Monarch,7340272,birdnet,SPECIES,species,EXACT
1013,Carterornis leucotis_White-eared Monarch,taxon,Carterornis leucotis,White-eared Monarch,4845713,birdnet,SPECIES,species,EXACT
1014,Carterornis pileatus_White-naped Monarch,taxon,Carterornis pileatus,White-naped Monarch,7340283,birdnet,SPECIES,species,EXACT
1015,Caryothraustes canadensis_Yellow-green Grosbeak,taxon,Caryothraustes canadensis,Yellow-green Grosbeak,2490354,birdnet,SPECIES,species,EXACT
1016,Caryothraustes poliogaster_Black-faced Grosbeak,taxon,Caryothraustes poliogaster,Black-faced Grosbeak,2490358,birdnet,SPECIES,species,EXACT
1017,Casiornis rufus_Rufous Casiornis,taxon,Casiornis rufus,Rufous Casiornis,2483980,birdnet,SPECIES,species,EXACT
1018,Cassiculus melanicterus_Yellow-winged Cacique,taxon,Cassiculus melanicterus,Yellow-winged Cacique,7392677,birdnet,SPECIES,species,EXACT
1019,Casuarius casuarius_Southern Cassowary,taxon,Casuarius casuarius,Southern Cassowary,5231783,birdnet,SPECIES,species,EXACT
1020,Catamblyrhynchus diadema_Plushcap,taxon,Catamblyrhynchus diadema,Plushcap,2488915,birdnet,SPECIES,species,EXACT
1021,Catamenia analis_Band-tailed Seedeater,taxon,Catamenia analis,Band-tailed Seedeater,2491185,birdnet,SPECIES,species,EXACT
1022,Catamenia homochroa_Paramo Seedeater,taxon,Catamenia homochroa,Paramo Seedeater,2491193,birdnet,SPECIES,species,EXACT
1023,Catamenia inornata_Plain-colored Seedeater,taxon,Catamenia inornata,Plain-colored Seedeater,2491197,birdnet,SPECIES,species,EXACT
1024,Cathartes aura_Turkey Vulture,taxon,Cathartes aura,Turkey Vulture,2481930,birdnet,SPECIES,species,EXACT
1025,Catharus aurantiirostris_Orange-billed Nightingale-Thrush,taxon,Catharus aurantiirostris,Orange-billed Nightingale-Thrush,2490801,birdnet,SPECIES,species,EXACT
1026,Catharus bicknelli_Bicknell's Thrush,taxon,Catharus bicknelli,Bicknell's Thrush,2490800,birdnet,SPECIES,species,EXACT
1027,Catharus dryas_Yellow-throated Nightingale-Thrush,taxon,Catharus dryas,Yellow-throated Nightingale-Thrush,2490808,birdnet,SPECIES,species,EXACT
1028,Catharus frantzii_Ruddy-capped Nightingale-Thrush,taxon,Catharus frantzii,Ruddy-capped Nightingale-Thrush,2490819,birdnet,SPECIES,species,EXACT
1029,Catharus fuscater_Slaty-backed Nightingale-Thrush,taxon,Catharus fuscater,Slaty-backed Nightingale-Thrush,2490802,birdnet,SPECIES,species,EXACT
1030,Catharus fuscescens_Veery,taxon,Catharus fuscescens,Veery,2490804,birdnet,SPECIES,species,EXACT
1031,Catharus gracilirostris_Black-billed Nightingale-Thrush,taxon,Catharus gracilirostris,Black-billed Nightingale-Thrush,2490809,birdnet,SPECIES,species,EXACT
1032,Catharus guttatus_Hermit Thrush,taxon,Catharus guttatus,Hermit Thrush,2490810,birdnet,SPECIES,species,EXACT
1033,Catharus maculatus_Speckled Nightingale-Thrush,taxon,Catharus maculatus,Speckled Nightingale-Thrush,9784421,birdnet,SPECIES,species,EXACT
1034,Catharus mexicanus_Black-headed Nightingale-Thrush,taxon,Catharus mexicanus,Black-headed Nightingale-Thrush,2490820,birdnet,SPECIES,species,EXACT
1035,Catharus minimus_Gray-cheeked Thrush,taxon,Catharus minimus,Gray-cheeked Thrush,2490826,birdnet,SPECIES,species,EXACT
1036,Catharus occidentalis_Russet Nightingale-Thrush,taxon,Catharus occidentalis,Russet Nightingale-Thrush,2490803,birdnet,SPECIES,species,EXACT
1037,Catharus ustulatus_Swainson's Thrush,taxon,Catharus ustulatus,Swainson's Thrush,2490821,birdnet,SPECIES,species,EXACT
1038,Catherpes mexicanus_Canyon Wren,taxon,Catherpes mexicanus,Canyon Wren,5231430,birdnet,SPECIES,species,EXACT
1039,Catreus wallichii_Cheer Pheasant,taxon,Catreus wallichii,Cheer Pheasant,5227753,birdnet,SPECIES,species,EXACT
1040,Cecropis abyssinica_Lesser Striped Swallow,taxon,Cecropis abyssinica,Lesser Striped Swallow,6095032,birdnet,SPECIES,species,EXACT
1041,Cecropis cucullata_Greater Striped Swallow,taxon,Cecropis cucullata,Greater Striped Swallow,5846387,birdnet,SPECIES,species,EXACT
1042,Cecropis daurica_Red-rumped Swallow,taxon,Cecropis daurica,Red-rumped Swallow,9717283,birdnet,SPECIES,species,EXACT
1043,Cecropis semirufa_Rufous-chested Swallow,taxon,Cecropis semirufa,Rufous-chested Swallow,7342255,birdnet,SPECIES,species,EXACT
1044,Cecropis striolata_Striated Swallow,taxon,Cecropis striolata,Striated Swallow,7342267,birdnet,SPECIES,species,EXACT
1045,Celeus castaneus_Chestnut-colored Woodpecker,taxon,Celeus castaneus,Chestnut-colored Woodpecker,5228940,birdnet,SPECIES,species,EXACT
1046,Celeus elegans_Chestnut Woodpecker,taxon,Celeus elegans,Chestnut Woodpecker,5228959,birdnet,SPECIES,species,EXACT
1047,Celeus flavescens_Blond-crested Woodpecker,taxon,Celeus flavescens,Blond-crested Woodpecker,5228941,birdnet,SPECIES,species,EXACT
1048,Celeus flavus_Cream-colored Woodpecker,taxon,Celeus flavus,Cream-colored Woodpecker,5228966,birdnet,SPECIES,species,EXACT
1049,Celeus galeatus_Helmeted Woodpecker,taxon,Celeus galeatus,Helmeted Woodpecker,8868834,birdnet,SPECIES,species,EXACT
1050,Celeus grammicus_Scale-breasted Woodpecker,taxon,Celeus grammicus,Scale-breasted Woodpecker,5228935,birdnet,SPECIES,species,EXACT
1051,Celeus loricatus_Cinnamon Woodpecker,taxon,Celeus loricatus,Cinnamon Woodpecker,5228950,birdnet,SPECIES,species,EXACT
1052,Celeus lugubris_Pale-crested Woodpecker,taxon,Celeus lugubris,Pale-crested Woodpecker,5228917,birdnet,SPECIES,species,EXACT
1053,Celeus obrieni_Kaempfer's Woodpecker,taxon,Celeus obrieni,Kaempfer's Woodpecker,5228949,birdnet,SPECIES,species,EXACT
1054,Celeus ochraceus_Ochre-backed Woodpecker,taxon,Celeus ochraceus,Ochre-backed Woodpecker,9185344,birdnet,SPECIES,species,EXACT
1055,Celeus spectabilis_Rufous-headed Woodpecker,taxon,Celeus spectabilis,Rufous-headed Woodpecker,5228920,birdnet,SPECIES,species,EXACT
1056,Celeus torquatus_Ringed Woodpecker,taxon,Celeus torquatus,Ringed Woodpecker,5228945,birdnet,SPECIES,species,EXACT
1057,Celeus undatus_Waved Woodpecker,taxon,Celeus undatus,Waved Woodpecker,5228955,birdnet,SPECIES,species,EXACT
1058,Centrocercus urophasianus_Greater Sage-Grouse,taxon,Centrocercus urophasianus,Greater Sage-Grouse,5959240,birdnet,SPECIES,species,EXACT
1059,Centronyx bairdii_Baird's Sparrow,taxon,Centronyx bairdii,Baird's Sparrow,10783710,birdnet,SPECIES,species,EXACT
1060,Centronyx henslowii_Henslow's Sparrow,taxon,Centronyx henslowii,Henslow's Sparrow,10850807,birdnet,SPECIES,species,EXACT
1061,Centropus andamanensis_Andaman Coucal,taxon,Centropus andamanensis,Andaman Coucal,5231973,birdnet,SPECIES,species,EXACT
1062,Centropus bengalensis_Lesser Coucal,taxon,Centropus bengalensis,Lesser Coucal,5231979,birdnet,SPECIES,species,EXACT
1063,Centropus celebensis_Bay Coucal,taxon,Centropus celebensis,Bay Coucal,5231949,birdnet,SPECIES,species,EXACT
1064,Centropus chlororhynchos_Green-billed Coucal,taxon,Centropus chlororhynchos,Green-billed Coucal,5231935,birdnet,SPECIES,species,EXACT
1065,Centropus leucogaster_Black-throated Coucal,taxon,Centropus leucogaster,Black-throated Coucal,5231986,birdnet,SPECIES,species,EXACT
1066,Centropus melanops_Black-faced Coucal,taxon,Centropus melanops,Black-faced Coucal,5231969,birdnet,SPECIES,species,EXACT
1067,Centropus menbeki_Greater Black Coucal,taxon,Centropus menbeki,Greater Black Coucal,5231996,birdnet,SPECIES,species,EXACT
1068,Centropus milo_Buff-headed Coucal,taxon,Centropus milo,Buff-headed Coucal,5231937,birdnet,SPECIES,species,EXACT
1069,Centropus monachus_Blue-headed Coucal,taxon,Centropus monachus,Blue-headed Coucal,5231993,birdnet,SPECIES,species,EXACT
1070,Centropus phasianinus_Pheasant Coucal,taxon,Centropus phasianinus,Pheasant Coucal,5231941,birdnet,SPECIES,species,EXACT
1071,Centropus rectunguis_Short-toed Coucal,taxon,Centropus rectunguis,Short-toed Coucal,5231972,birdnet,SPECIES,species,EXACT
1072,Centropus senegalensis_Senegal Coucal,taxon,Centropus senegalensis,Senegal Coucal,5231999,birdnet,SPECIES,species,EXACT
1073,Centropus sinensis_Greater Coucal,taxon,Centropus sinensis,Greater Coucal,5232005,birdnet,SPECIES,species,EXACT
1074,Centropus superciliosus_White-browed Coucal,taxon,Centropus superciliosus,White-browed Coucal,5231960,birdnet,SPECIES,species,EXACT
1075,Centropus toulou_Malagasy Coucal,taxon,Centropus toulou,Malagasy Coucal,5231953,birdnet,SPECIES,species,EXACT
1076,Centropus viridis_Philippine Coucal,taxon,Centropus viridis,Philippine Coucal,5231974,birdnet,SPECIES,species,EXACT
1077,Cephalopterus penduliger_Long-wattled Umbrellabird,taxon,Cephalopterus penduliger,Long-wattled Umbrellabird,5959195,birdnet,SPECIES,species,EXACT
1078,Cepphus columba_Pigeon Guillemot,taxon,Cepphus columba,Pigeon Guillemot,9315520,birdnet,SPECIES,species,EXACT
1079,Cepphus grylle_Black Guillemot,taxon,Cepphus grylle,Black Guillemot,2481312,birdnet,SPECIES,species,EXACT
1080,Ceratogymna atrata_Black-casqued Hornbill,taxon,Ceratogymna atrata,Black-casqued Hornbill,2476002,birdnet,SPECIES,species,EXACT
1081,Ceratopipra chloromeros_Round-tailed Manakin,taxon,Ceratopipra chloromeros,Round-tailed Manakin,8102670,birdnet,SPECIES,species,EXACT
1082,Ceratopipra cornuta_Scarlet-horned Manakin,taxon,Ceratopipra cornuta,Scarlet-horned Manakin,7508852,birdnet,SPECIES,species,EXACT
1083,Ceratopipra erythrocephala_Golden-headed Manakin,taxon,Ceratopipra erythrocephala,Golden-headed Manakin,8381098,birdnet,SPECIES,species,EXACT
1084,Ceratopipra mentalis_Red-capped Manakin,taxon,Ceratopipra mentalis,Red-capped Manakin,8338270,birdnet,SPECIES,species,EXACT
1085,Ceratopipra rubrocapilla_Red-headed Manakin,taxon,Ceratopipra rubrocapilla,Red-headed Manakin,8415063,birdnet,SPECIES,species,EXACT
1086,Cercibis oxycerca_Sharp-tailed Ibis,taxon,Cercibis oxycerca,Sharp-tailed Ibis,2480795,birdnet,SPECIES,species,EXACT
1087,Cercococcyx mechowi_Dusky Long-tailed Cuckoo,taxon,Cercococcyx mechowi,Dusky Long-tailed Cuckoo,2496490,birdnet,SPECIES,species,EXACT
1088,Cercococcyx montanus_Barred Long-tailed Cuckoo,taxon,Cercococcyx montanus,Barred Long-tailed Cuckoo,2496491,birdnet,SPECIES,species,EXACT
1089,Cercococcyx olivinus_Olive Long-tailed Cuckoo,taxon,Cercococcyx olivinus,Olive Long-tailed Cuckoo,2496494,birdnet,SPECIES,species,EXACT
1090,Cercomacra brasiliana_Rio de Janeiro Antbird,taxon,Cercomacra brasiliana,Rio de Janeiro Antbird,2490129,birdnet,SPECIES,species,EXACT
1091,Cercomacra carbonaria_Rio Branco Antbird,taxon,Cercomacra carbonaria,Rio Branco Antbird,2490132,birdnet,SPECIES,species,EXACT
1092,Cercomacra cinerascens_Gray Antbird,taxon,Cercomacra cinerascens,Gray Antbird,2490137,birdnet,SPECIES,species,EXACT
1093,Cercomacra ferdinandi_Bananal Antbird,taxon,Cercomacra ferdinandi,Bananal Antbird,2490133,birdnet,SPECIES,species,EXACT
1094,Cercomacra manu_Manu Antbird,taxon,Cercomacra manu,Manu Antbird,2490134,birdnet,SPECIES,species,EXACT
1095,Cercomacra melanaria_Mato Grosso Antbird,taxon,Cercomacra melanaria,Mato Grosso Antbird,2490139,birdnet,SPECIES,species,EXACT
1096,Cercomacra nigricans_Jet Antbird,taxon,Cercomacra nigricans,Jet Antbird,2490135,birdnet,SPECIES,species,EXACT
1097,Cercomacroides fuscicauda_Riparian Antbird,taxon,Cercomacroides fuscicauda,Riparian Antbird,8029817,birdnet,SPECIES,species,EXACT
1098,Cercomacroides laeta_Willis's Antbird,taxon,Cercomacroides laeta,Willis's Antbird,7863583,birdnet,SPECIES,species,EXACT
1099,Cercomacroides nigrescens_Blackish Antbird,taxon,Cercomacroides nigrescens,Blackish Antbird,7362531,birdnet,SPECIES,species,EXACT
1100,Cercomacroides parkeri_Parker's Antbird,taxon,Cercomacroides parkeri,Parker's Antbird,8307977,birdnet,SPECIES,species,EXACT
1101,Cercomacroides serva_Black Antbird,taxon,Cercomacroides serva,Black Antbird,8402378,birdnet,SPECIES,species,EXACT
1102,Cercomacroides tyrannina_Dusky Antbird,taxon,Cercomacroides tyrannina,Dusky Antbird,8354252,birdnet,SPECIES,species,EXACT
1103,Cercotrichas barbata_Miombo Scrub-Robin,taxon,Cercotrichas barbata,Miombo Scrub-Robin,2492469,birdnet,SPECIES,species,EXACT
1104,Cercotrichas coryphoeus_Karoo Scrub-Robin,taxon,Cercotrichas coryphoeus,Karoo Scrub-Robin,7611313,birdnet,SPECIES,species,EXACT
1105,Cercotrichas galactotes_Rufous-tailed Scrub-Robin,taxon,Cercotrichas galactotes,Rufous-tailed Scrub-Robin,2492478,birdnet,SPECIES,species,EXACT
1106,Cercotrichas hartlaubi_Brown-backed Scrub-Robin,taxon,Cercotrichas hartlaubi,Brown-backed Scrub-Robin,2492472,birdnet,SPECIES,species,EXACT
1107,Cercotrichas leucophrys_Red-backed Scrub-Robin,taxon,Cercotrichas leucophrys,Red-backed Scrub-Robin,2492477,birdnet,SPECIES,species,EXACT
1108,Cercotrichas paena_Kalahari Scrub-Robin,taxon,Cercotrichas paena,Kalahari Scrub-Robin,2492471,birdnet,SPECIES,species,EXACT
1109,Cercotrichas podobe_Black Scrub-Robin,taxon,Cercotrichas podobe,Black Scrub-Robin,2492476,birdnet,SPECIES,species,EXACT
1110,Cercotrichas quadrivirgata_Bearded Scrub-Robin,taxon,Cercotrichas quadrivirgata,Bearded Scrub-Robin,2492473,birdnet,SPECIES,species,EXACT
1111,Cercotrichas signata_Brown Scrub-Robin,taxon,Cercotrichas signata,Brown Scrub-Robin,2492470,birdnet,SPECIES,species,EXACT
1112,Certhia americana_Brown Creeper,taxon,Certhia americana,Brown Creeper,9581157,birdnet,SPECIES,species,EXACT
1113,Certhia brachydactyla_Short-toed Treecreeper,taxon,Certhia brachydactyla,Short-toed Treecreeper,7806848,birdnet,SPECIES,species,EXACT
1114,Certhia discolor_Sikkim Treecreeper,taxon,Certhia discolor,Sikkim Treecreeper,2487612,birdnet,SPECIES,species,EXACT
1115,Certhia familiaris_Eurasian Treecreeper,taxon,Certhia familiaris,Eurasian Treecreeper,2487603,birdnet,SPECIES,species,EXACT
1116,Certhia himalayana_Bar-tailed Treecreeper,taxon,Certhia himalayana,Bar-tailed Treecreeper,2487602,birdnet,SPECIES,species,EXACT
1117,Certhia hodgsoni_Hodgson's Treecreeper,taxon,Certhia hodgsoni,Hodgson's Treecreeper,5789211,birdnet,SPECIES,species,EXACT
1118,Certhia manipurensis_Hume's Treecreeper,taxon,Certhia manipurensis,Hume's Treecreeper,5789209,birdnet,SPECIES,species,EXACT
1119,Certhiasomus stictolaemus_Spot-throated Woodcreeper,taxon,Certhiasomus stictolaemus,Spot-throated Woodcreeper,7340380,birdnet,SPECIES,species,EXACT
1120,Certhiaxis cinnamomeus_Yellow-chinned Spinetail,taxon,Certhiaxis cinnamomeus,Yellow-chinned Spinetail,2486060,birdnet,SPECIES,species,EXACT
1121,Certhiaxis mustelinus_Red-and-white Spinetail,taxon,Certhiaxis mustelinus,Red-and-white Spinetail,2486070,birdnet,SPECIES,species,EXACT
1122,Certhilauda chuana_Short-clawed Lark,taxon,Certhilauda chuana,Short-clawed Lark,2490655,birdnet,SPECIES,species,EXACT
1123,Certhilauda semitorquata_Eastern Long-billed Lark,taxon,Certhilauda semitorquata,Eastern Long-billed Lark,7340879,birdnet,SPECIES,species,EXACT
1124,Certhilauda subcoronata_Karoo Long-billed Lark,taxon,Certhilauda subcoronata,Karoo Long-billed Lark,7340868,birdnet,SPECIES,species,EXACT
1125,Certhionyx variegatus_Pied Honeyeater,taxon,Certhionyx variegatus,Pied Honeyeater,2486989,birdnet,SPECIES,species,EXACT
1126,Ceryle rudis_Pied Kingfisher,taxon,Ceryle rudis,Pied Kingfisher,2475679,birdnet,SPECIES,species,EXACT
1127,Cettia brunnifrons_Gray-sided Bush Warbler,taxon,Cettia brunnifrons,Gray-sided Bush Warbler,2493011,birdnet,SPECIES,species,EXACT
1128,Cettia castaneocoronata_Chestnut-headed Tesia,taxon,Cettia castaneocoronata,Chestnut-headed Tesia,7953141,birdnet,SPECIES,species,EXACT
1129,Cettia cetti_Cetti's Warbler,taxon,Cettia cetti,Cetti's Warbler,2493012,birdnet,SPECIES,species,EXACT
1130,Cettia major_Chestnut-crowned Bush Warbler,taxon,Cettia major,Chestnut-crowned Bush Warbler,2493003,birdnet,SPECIES,species,EXACT
1131,Ceuthmochares aereus_Blue Malkoha,taxon,Ceuthmochares aereus,Blue Malkoha,2496449,birdnet,SPECIES,species,EXACT
1132,Ceuthmochares australis_Green Malkoha,taxon,Ceuthmochares australis,Green Malkoha,6100754,birdnet,SPECIES,species,EXACT
1133,Ceyx azureus_Azure Kingfisher,taxon,Ceyx azureus,Azure Kingfisher,7342322,birdnet,SPECIES,species,EXACT
1134,Ceyx erithaca_Black-backed Dwarf-Kingfisher,taxon,Ceyx erithaca,Black-backed Dwarf-Kingfisher,5228386,birdnet,SPECIES,species,EXACT
1135,Chaetocercus mulsant_White-bellied Woodstar,taxon,Chaetocercus mulsant,White-bellied Woodstar,5788533,birdnet,SPECIES,species,EXACT
1136,Chaetops frenatus_Cape Rockjumper,taxon,Chaetops frenatus,Cape Rockjumper,2482634,birdnet,SPECIES,species,EXACT
1137,Chaetura brachyura_Short-tailed Swift,taxon,Chaetura brachyura,Short-tailed Swift,5228607,birdnet,SPECIES,species,EXACT
1138,Chaetura chapmani_Chapman's Swift,taxon,Chaetura chapmani,Chapman's Swift,5228630,birdnet,SPECIES,species,EXACT
1139,Chaetura cinereiventris_Gray-rumped Swift,taxon,Chaetura cinereiventris,Gray-rumped Swift,5228621,birdnet,SPECIES,species,EXACT
1140,Chaetura meridionalis_Sick's Swift,taxon,Chaetura meridionalis,Sick's Swift,5228629,birdnet,SPECIES,species,EXACT
1141,Chaetura pelagica_Chimney Swift,taxon,Chaetura pelagica,Chimney Swift,4409023,birdnet,SPECIES,species,EXACT
1142,Chaetura spinicaudus_Band-rumped Swift,taxon,Chaetura spinicaudus,Band-rumped Swift,5228635,birdnet,SPECIES,species,EXACT
1143,Chaetura vauxi_Vaux's Swift,taxon,Chaetura vauxi,Vaux's Swift,5228612,birdnet,SPECIES,species,EXACT
1144,Chalcomitra amethystina_Amethyst Sunbird,taxon,Chalcomitra amethystina,Amethyst Sunbird,7340881,birdnet,SPECIES,species,EXACT
1145,Chalcomitra senegalensis_Scarlet-chested Sunbird,taxon,Chalcomitra senegalensis,Scarlet-chested Sunbird,7340870,birdnet,SPECIES,species,EXACT
1146,Chalcoparia singalensis_Ruby-cheeked Sunbird,taxon,Chalcoparia singalensis,Ruby-cheeked Sunbird,7341060,birdnet,SPECIES,species,EXACT
1147,Chalcophaps indica_Asian Emerald Dove,taxon,Chalcophaps indica,Asian Emerald Dove,2495840,birdnet,SPECIES,species,EXACT
1148,Chalcophaps longirostris_Pacific Emerald Dove,taxon,Chalcophaps longirostris,Pacific Emerald Dove,6101221,birdnet,SPECIES,species,EXACT
1149,Chalcophaps stephani_Stephan's Dove,taxon,Chalcophaps stephani,Stephan's Dove,10854669,birdnet,SPECIES,species,EXACT
1150,Chalybura buffonii_White-vented Plumeleteer,taxon,Chalybura buffonii,White-vented Plumeleteer,2476774,birdnet,SPECIES,species,EXACT
1151,Chalybura urochrysia_Bronze-tailed Plumeleteer,taxon,Chalybura urochrysia,Bronze-tailed Plumeleteer,2476769,birdnet,SPECIES,species,EXACT
1152,Chamaea fasciata_Wrentit,taxon,Chamaea fasciata,Wrentit,2493558,birdnet,SPECIES,species,EXACT
1153,Chamaepetes goudotii_Sickle-winged Guan,taxon,Chamaepetes goudotii,Sickle-winged Guan,2482183,birdnet,SPECIES,species,EXACT
1154,Chamaepetes unicolor_Black Guan,taxon,Chamaepetes unicolor,Black Guan,2482182,birdnet,SPECIES,species,EXACT
1155,Chamaetylas fuelleborni_White-chested Alethe,taxon,Chamaetylas fuelleborni,White-chested Alethe,9724622,birdnet,SPECIES,species,EXACT
1156,Chamaetylas poliocephala_Brown-chested Alethe,taxon,Chamaetylas poliocephala,Brown-chested Alethe,9788566,birdnet,SPECIES,species,EXACT
1157,Chamaeza campanisona_Short-tailed Antthrush,taxon,Chamaeza campanisona,Short-tailed Antthrush,2490570,birdnet,SPECIES,species,EXACT
1158,Chamaeza meruloides_Such's Antthrush,taxon,Chamaeza meruloides,Such's Antthrush,2490568,birdnet,SPECIES,species,EXACT
1159,Chamaeza mollissima_Barred Antthrush,taxon,Chamaeza mollissima,Barred Antthrush,2490566,birdnet,SPECIES,species,EXACT
1160,Chamaeza nobilis_Striated Antthrush,taxon,Chamaeza nobilis,Striated Antthrush,2490569,birdnet,SPECIES,species,EXACT
1161,Chamaeza ruficauda_Rufous-tailed Antthrush,taxon,Chamaeza ruficauda,Rufous-tailed Antthrush,2490567,birdnet,SPECIES,species,EXACT
1162,Chamaeza turdina_Schwartz's Antthrush,taxon,Chamaeza turdina,Schwartz's Antthrush,2490565,birdnet,SPECIES,species,EXACT
1163,Charadrius alexandrinus_Kentish Plover,taxon,Charadrius alexandrinus,Kentish Plover,2480311,birdnet,SPECIES,species,EXACT
1164,Charadrius bicinctus_Double-banded Plover,taxon,Charadrius bicinctus,Double-banded Plover,2480294,birdnet,SPECIES,species,EXACT
1165,Charadrius collaris_Collared Plover,taxon,Charadrius collaris,Collared Plover,2480296,birdnet,SPECIES,species,EXACT
1166,Charadrius dubius_Little Ringed Plover,taxon,Charadrius dubius,Little Ringed Plover,7937336,birdnet,SPECIES,species,EXACT
1167,Charadrius falklandicus_Two-banded Plover,taxon,Charadrius falklandicus,Two-banded Plover,2480287,birdnet,SPECIES,species,EXACT
1168,Charadrius hiaticula_Common Ringed Plover,taxon,Charadrius hiaticula,Common Ringed Plover,9566659,birdnet,SPECIES,species,EXACT
1169,Charadrius javanicus_Javan Plover,taxon,Charadrius javanicus,Javan Plover,2480290,birdnet,SPECIES,species,EXACT
1170,Charadrius leschenaultii_Greater Sand-Plover,taxon,Charadrius leschenaultii,Greater Sand-Plover,2480297,birdnet,SPECIES,species,EXACT
1171,Charadrius melodus_Piping Plover,taxon,Charadrius melodus,Piping Plover,2480283,birdnet,SPECIES,species,EXACT
1172,Charadrius modestus_Rufous-chested Dotterel,taxon,Charadrius modestus,Rufous-chested Dotterel,2480318,birdnet,SPECIES,species,EXACT
1173,Charadrius mongolus_Lesser Sand-Plover,taxon,Charadrius mongolus,Lesser Sand-Plover,9722670,birdnet,SPECIES,species,EXACT
1174,Charadrius montanus_Mountain Plover,taxon,Charadrius montanus,Mountain Plover,2480292,birdnet,SPECIES,species,EXACT
1175,Charadrius morinellus_Eurasian Dotterel,taxon,Charadrius morinellus,Eurasian Dotterel,2480281,birdnet,SPECIES,species,EXACT
1176,Charadrius nivosus_Snowy Plover,taxon,Charadrius nivosus,Snowy Plover,6065879,birdnet,SPECIES,species,EXACT
1177,Charadrius peronii_Malaysian Plover,taxon,Charadrius peronii,Malaysian Plover,2480306,birdnet,SPECIES,species,EXACT
1178,Charadrius placidus_Long-billed Plover,taxon,Charadrius placidus,Long-billed Plover,2480322,birdnet,SPECIES,species,EXACT
1179,Charadrius semipalmatus_Semipalmated Plover,taxon,Charadrius semipalmatus,Semipalmated Plover,2480295,birdnet,SPECIES,species,EXACT
1180,Charadrius tricollaris_Three-banded Plover,taxon,Charadrius tricollaris,Three-banded Plover,2480325,birdnet,SPECIES,species,EXACT
1181,Charadrius veredus_Oriental Plover,taxon,Charadrius veredus,Oriental Plover,2480309,birdnet,SPECIES,species,EXACT
1182,Charadrius vociferus_Killdeer,taxon,Charadrius vociferus,Killdeer,2480320,birdnet,SPECIES,species,EXACT
1183,Charadrius wilsonia_Wilson's Plover,taxon,Charadrius wilsonia,Wilson's Plover,2480302,birdnet,SPECIES,species,EXACT
1184,Charitospiza eucosma_Coal-crested Finch,taxon,Charitospiza eucosma,Coal-crested Finch,2491982,birdnet,SPECIES,species,EXACT
1185,Charmosyna papou_Papuan Lorikeet,taxon,Charmosyna papou,Papuan Lorikeet,2479745,birdnet,SPECIES,species,EXACT
1186,Chasiempis ibidis_Oahu Elepaio,taxon,Chasiempis ibidis,Oahu Elepaio,6086250,birdnet,SPECIES,species,EXACT
1187,Chasiempis sandwichensis_Hawaii Elepaio,taxon,Chasiempis sandwichensis,Hawaii Elepaio,2486699,birdnet,SPECIES,species,EXACT
1188,Chasiempis sclateri_Kauai Elepaio,taxon,Chasiempis sclateri,Kauai Elepaio,6086253,birdnet,SPECIES,species,EXACT
1189,Chauna chavaria_Northern Screamer,taxon,Chauna chavaria,Northern Screamer,5959223,birdnet,SPECIES,species,EXACT
1190,Chauna torquata_Southern Screamer,taxon,Chauna torquata,Southern Screamer,5959222,birdnet,SPECIES,species,EXACT
1191,Chelidoptera tenebrosa_Swallow-winged Puffbird,taxon,Chelidoptera tenebrosa,Swallow-winged Puffbird,5228262,birdnet,SPECIES,species,EXACT
1192,Chelidorhynx hypoxanthus_Yellow-bellied Fairy-Fantail,taxon,Chelidorhynx hypoxantha,Yellow-bellied Fairy-Fantail,5844978,birdnet,SPECIES,species,VARIANT
1193,Chenonetta jubata_Maned Duck,taxon,Chenonetta jubata,Maned Duck,2498046,birdnet,SPECIES,species,EXACT
1194,Chersomanes albofasciata_Spike-heeled Lark,taxon,Chersomanes albofasciata,Spike-heeled Lark,2490687,birdnet,SPECIES,species,EXACT
1195,Chersophilus duponti_Dupont's Lark,taxon,Chersophilus duponti,Dupont's Lark,2490674,birdnet,SPECIES,species,EXACT
1196,Chionomesa fimbriata_Glittering-throated Emerald,taxon,Chionomesa fimbriata,Glittering-throated Emerald,10941997,birdnet,SPECIES,species,EXACT
1197,Chionomesa lactea_Sapphire-spangled Emerald,taxon,Chionomesa lactea,Sapphire-spangled Emerald,11070437,birdnet,SPECIES,species,EXACT
1198,Chiroxiphia boliviana_Yungas Manakin,taxon,Chiroxiphia boliviana,Yungas Manakin,2487771,birdnet,SPECIES,species,EXACT
1199,Chiroxiphia caudata_Swallow-tailed Manakin,taxon,Chiroxiphia caudata,Swallow-tailed Manakin,2487775,birdnet,SPECIES,species,EXACT
1200,Chiroxiphia lanceolata_Lance-tailed Manakin,taxon,Chiroxiphia lanceolata,Lance-tailed Manakin,2487765,birdnet,SPECIES,species,EXACT
1201,Chiroxiphia linearis_Long-tailed Manakin,taxon,Chiroxiphia linearis,Long-tailed Manakin,2487772,birdnet,SPECIES,species,EXACT
1202,Chiroxiphia pareola_Blue-backed Manakin,taxon,Chiroxiphia pareola,Blue-backed Manakin,2487766,birdnet,SPECIES,species,EXACT
1203,Chlamydera maculata_Spotted Bowerbird,taxon,Chlamydera maculata,Spotted Bowerbird,2494820,birdnet,SPECIES,species,EXACT
1204,Chlamydera nuchalis_Great Bowerbird,taxon,Chlamydera nuchalis,Great Bowerbird,2494825,birdnet,SPECIES,species,EXACT
1205,Chlidonias albostriatus_Black-fronted Tern,taxon,Chlidonias albostriatus,Black-fronted Tern,2481123,birdnet,SPECIES,species,EXACT
1206,Chlidonias hybrida_Whiskered Tern,taxon,Chlidonias hybrida,Whiskered Tern,2481121,birdnet,SPECIES,species,EXACT
1207,Chlidonias leucopterus_White-winged Tern,taxon,Chlidonias leucopterus,White-winged Tern,2481120,birdnet,SPECIES,species,EXACT
1208,Chlidonias niger_Black Tern,taxon,Chlidonias niger,Black Tern,2481119,birdnet,SPECIES,species,EXACT
1209,Chloephaga picta_Upland Goose,taxon,Chloephaga picta,Upland Goose,5232428,birdnet,SPECIES,species,EXACT
1210,Chlorestes candida_White-bellied Emerald,taxon,Chlorestes candida,White-bellied Emerald,11055764,birdnet,SPECIES,species,EXACT
1211,Chlorestes cyanus_White-chinned Sapphire,taxon,Chlorestes cyanus,White-chinned Sapphire,10933139,birdnet,SPECIES,species,EXACT
1212,Chlorestes eliciae_Blue-throated Goldentail,taxon,Chlorestes eliciae,Blue-throated Goldentail,10933955,birdnet,SPECIES,species,EXACT
1213,Chlorestes julie_Violet-bellied Hummingbird,taxon,Chlorestes julie,Violet-bellied Hummingbird,11080380,birdnet,SPECIES,species,EXACT
1214,Chlorestes notata_Blue-chinned Sapphire,taxon,Chlorestes notata,Blue-chinned Sapphire,7342331,birdnet,SPECIES,species,EXACT
1215,Chloris chloris_European Greenfinch,taxon,Chloris chloris,European Greenfinch,5845582,birdnet,SPECIES,species,EXACT
1216,Chloris monguilloti_Vietnamese Greenfinch,taxon,Chloris monguilloti,Vietnamese Greenfinch,6093200,birdnet,SPECIES,species,EXACT
1217,Chloris sinica_Oriental Greenfinch,taxon,Chloris sinica,Oriental Greenfinch,6101015,birdnet,SPECIES,species,EXACT
1218,Chloris spinoides_Yellow-breasted Greenfinch,taxon,Chloris spinoides,Yellow-breasted Greenfinch,6101013,birdnet,SPECIES,species,EXACT
1219,Chloroceryle aenea_American Pygmy Kingfisher,taxon,Chloroceryle aenea,American Pygmy Kingfisher,2475483,birdnet,SPECIES,species,EXACT
1220,Chloroceryle amazona_Amazon Kingfisher,taxon,Chloroceryle amazona,Amazon Kingfisher,2475482,birdnet,SPECIES,species,EXACT
1221,Chloroceryle americana_Green Kingfisher,taxon,Chloroceryle americana,Green Kingfisher,2475486,birdnet,SPECIES,species,EXACT
1222,Chloroceryle inda_Green-and-rufous Kingfisher,taxon,Chloroceryle inda,Green-and-rufous Kingfisher,2475492,birdnet,SPECIES,species,EXACT
1223,Chlorochrysa phoenicotis_Glistening-green Tanager,taxon,Chlorochrysa phoenicotis,Glistening-green Tanager,5230596,birdnet,SPECIES,species,EXACT
1224,Chlorocichla flaviventris_Yellow-bellied Greenbul,taxon,Chlorocichla flaviventris,Yellow-bellied Greenbul,2486173,birdnet,SPECIES,species,EXACT
1225,Chlorocichla laetissima_Joyful Greenbul,taxon,Chlorocichla laetissima,Joyful Greenbul,2486174,birdnet,SPECIES,species,EXACT
1226,Chlorocichla simplex_Simple Greenbul,taxon,Chlorocichla simplex,Simple Greenbul,2486176,birdnet,SPECIES,species,EXACT
1227,Chlorodrepanis flava_Oahu Amakihi,taxon,Chlorodrepanis flava,Oahu Amakihi,8021975,birdnet,SPECIES,species,EXACT
1228,Chlorodrepanis stejnegeri_Kauai Amakihi,taxon,Chlorodrepanis stejnegeri,Kauai Amakihi,7706576,birdnet,SPECIES,species,EXACT
1229,Chlorodrepanis virens_Hawaii Amakihi,taxon,Chlorodrepanis virens,Hawaii Amakihi,8346110,birdnet,SPECIES,species,EXACT
1230,Chlorophanes spiza_Green Honeycreeper,taxon,Chlorophanes spiza,Green Honeycreeper,5230641,birdnet,SPECIES,species,EXACT
1231,Chlorophonia callophrys_Golden-browed Chlorophonia,taxon,Chlorophonia callophrys,Golden-browed Chlorophonia,2488323,birdnet,SPECIES,species,EXACT
1232,Chlorophonia cyanea_Blue-naped Chlorophonia,taxon,Chlorophonia cyanea,Blue-naped Chlorophonia,2488315,birdnet,SPECIES,species,EXACT
1233,Chlorophonia cyanocephala_Golden-rumped Euphonia,taxon,Chlorophonia cyanocephala,Golden-rumped Euphonia,11296330,birdnet,SPECIES,species,EXACT
1234,Chlorophonia elegantissima_Elegant Euphonia,taxon,Chlorophonia elegantissima,Elegant Euphonia,11312890,birdnet,SPECIES,species,EXACT
1235,Chlorophonia flavirostris_Yellow-collared Chlorophonia,taxon,Chlorophonia flavirostris,Yellow-collared Chlorophonia,2488313,birdnet,SPECIES,species,EXACT
1236,Chlorophonia musica_Antillean Euphonia,taxon,Chlorophonia musica,Antillean Euphonia,11282115,birdnet,SPECIES,species,EXACT
1237,Chlorophonia occipitalis_Blue-crowned Chlorophonia,taxon,Chlorophonia occipitalis,Blue-crowned Chlorophonia,2488314,birdnet,SPECIES,species,EXACT
1238,Chlorophonia pyrrhophrys_Chestnut-breasted Chlorophonia,taxon,Chlorophonia pyrrhophrys,Chestnut-breasted Chlorophonia,2488312,birdnet,SPECIES,species,EXACT
1239,Chloropicus fuscescens_Cardinal Woodpecker,taxon,Chloropicus fuscescens,Cardinal Woodpecker,10819191,birdnet,SPECIES,species,EXACT
1240,Chloropicus goertae_African Gray Woodpecker,taxon,Chloropicus goertae,African Gray Woodpecker,10886228,birdnet,SPECIES,species,EXACT
1241,Chloropicus griseocephalus_Olive Woodpecker,taxon,Chloropicus griseocephalus,Olive Woodpecker,10846163,birdnet,SPECIES,species,EXACT
1242,Chloropicus namaquus_Bearded Woodpecker,taxon,Chloropicus namaquus,Bearded Woodpecker,8818908,birdnet,SPECIES,species,EXACT
1243,Chloropicus spodocephalus_Mountain Gray Woodpecker,taxon,Chloropicus spodocephalus,Mountain Gray Woodpecker,10670652,birdnet,SPECIES,species,EXACT
1244,Chloropsis aurifrons_Golden-fronted Leafbird,taxon,Chloropsis aurifrons,Golden-fronted Leafbird,5230726,birdnet,SPECIES,species,EXACT
1245,Chloropsis cochinchinensis_Blue-winged Leafbird,taxon,Chloropsis cochinchinensis,Blue-winged Leafbird,5230732,birdnet,SPECIES,species,EXACT
1246,Chloropsis cyanopogon_Lesser Green Leafbird,taxon,Chloropsis cyanopogon,Lesser Green Leafbird,5230729,birdnet,SPECIES,species,EXACT
1247,Chloropsis hardwickii_Orange-bellied Leafbird,taxon,Chloropsis hardwickii,Orange-bellied Leafbird,5230728,birdnet,SPECIES,species,EXACT
1248,Chloropsis jerdoni_Jerdon's Leafbird,taxon,Chloropsis jerdoni,Jerdon's Leafbird,5789032,birdnet,SPECIES,species,EXACT
1249,Chloropsis sonnerati_Greater Green Leafbird,taxon,Chloropsis sonnerati,Greater Green Leafbird,5230730,birdnet,SPECIES,species,EXACT
1250,Chlorornis riefferii_Grass-green Tanager,taxon,Chlorornis riefferii,Grass-green Tanager,5230635,birdnet,SPECIES,species,EXACT
1251,Chlorospingus canigularis_Ashy-throated Chlorospingus,taxon,Chlorospingus canigularis,Ashy-throated Chlorospingus,2488739,birdnet,SPECIES,species,EXACT
1252,Chlorospingus flavigularis_Yellow-throated Chlorospingus,taxon,Chlorospingus flavigularis,Yellow-throated Chlorospingus,2488703,birdnet,SPECIES,species,EXACT
1253,Chlorospingus flavopectus_Common Chlorospingus,taxon,Chlorospingus flavopectus,Common Chlorospingus,2488710,birdnet,SPECIES,species,EXACT
1254,Chlorospingus pileatus_Sooty-capped Chlorospingus,taxon,Chlorospingus pileatus,Sooty-capped Chlorospingus,2488707,birdnet,SPECIES,species,EXACT
1255,Chlorospingus semifuscus_Dusky Chlorospingus,taxon,Chlorospingus semifuscus,Dusky Chlorospingus,2488735,birdnet,SPECIES,species,EXACT
1256,Chlorostilbon gibsoni_Red-billed Emerald,taxon,Chlorostilbon gibsoni,Red-billed Emerald,2476063,birdnet,SPECIES,species,EXACT
1257,Chlorostilbon lucidus_Glittering-bellied Emerald,taxon,Chlorostilbon lucidus,Glittering-bellied Emerald,5788555,birdnet,SPECIES,species,EXACT
1258,Chlorostilbon mellisugus_Blue-tailed Emerald,taxon,Chlorostilbon mellisugus,Blue-tailed Emerald,2476077,birdnet,SPECIES,species,EXACT
1259,Chlorothraupis carmioli_Carmiol's Tanager,taxon,Chlorothraupis carmioli,Carmiol's Tanager,2488765,birdnet,SPECIES,species,EXACT
1260,Chlorothraupis olivacea_Lemon-spectacled Tanager,taxon,Chlorothraupis olivacea,Lemon-spectacled Tanager,2488773,birdnet,SPECIES,species,EXACT
1261,Chlorothraupis stolzmanni_Ochre-breasted Tanager,taxon,Chlorothraupis stolzmanni,Ochre-breasted Tanager,2488770,birdnet,SPECIES,species,EXACT
1262,Cholornis unicolor_Brown Parrotbill,taxon,Cholornis unicolor,Brown Parrotbill,6100918,birdnet,SPECIES,species,EXACT
1263,Chondestes grammacus_Lark Sparrow,taxon,Chondestes grammacus,Lark Sparrow,2491651,birdnet,SPECIES,species,EXACT
1264,Chondrohierax uncinatus_Hook-billed Kite,taxon,Chondrohierax uncinatus,Hook-billed Kite,2480571,birdnet,SPECIES,species,EXACT
1265,Chordeiles acutipennis_Lesser Nighthawk,taxon,Chordeiles acutipennis,Lesser Nighthawk,2497052,birdnet,SPECIES,species,EXACT
1266,Chordeiles gundlachii_Antillean Nighthawk,taxon,Chordeiles gundlachii,Antillean Nighthawk,2497031,birdnet,SPECIES,species,EXACT
1267,Chordeiles minor_Common Nighthawk,taxon,Chordeiles minor,Common Nighthawk,2497035,birdnet,SPECIES,species,EXACT
1268,Chordeiles nacunda_Nacunda Nighthawk,taxon,Chordeiles nacunda,Nacunda Nighthawk,7342291,birdnet,SPECIES,species,EXACT
1269,Chordeiles pusillus_Least Nighthawk,taxon,Chordeiles pusillus,Least Nighthawk,2497045,birdnet,SPECIES,species,EXACT
1270,Chroicocephalus brunnicephalus_Brown-headed Gull,taxon,Chroicocephalus brunnicephalus,Brown-headed Gull,6065809,birdnet,SPECIES,species,EXACT
1271,Chroicocephalus cirrocephalus_Gray-hooded Gull,taxon,Chroicocephalus cirrocephalus,Gray-hooded Gull,6065820,birdnet,SPECIES,species,EXACT
1272,Chroicocephalus genei_Slender-billed Gull,taxon,Chroicocephalus genei,Slender-billed Gull,6065810,birdnet,SPECIES,species,EXACT
1273,Chroicocephalus maculipennis_Brown-hooded Gull,taxon,Chroicocephalus maculipennis,Brown-hooded Gull,6065823,birdnet,SPECIES,species,EXACT
1274,Chroicocephalus novaehollandiae_Silver Gull,taxon,Chroicocephalus novaehollandiae,Silver Gull,6065811,birdnet,SPECIES,species,EXACT
1275,Chroicocephalus philadelphia_Bonaparte's Gull,taxon,Chroicocephalus philadelphia,Bonaparte's Gull,6065818,birdnet,SPECIES,species,EXACT
1276,Chroicocephalus ridibundus_Black-headed Gull,taxon,Chroicocephalus ridibundus,Black-headed Gull,6065824,birdnet,SPECIES,species,EXACT
1277,Chroicocephalus serranus_Andean Gull,taxon,Chroicocephalus serranus,Andean Gull,6065825,birdnet,SPECIES,species,EXACT
1278,Chrysococcyx basalis_Horsfield's Bronze-Cuckoo,taxon,Chrysococcyx basalis,Horsfield's Bronze-Cuckoo,2496314,birdnet,SPECIES,species,EXACT
1279,Chrysococcyx caprius_Dideric Cuckoo,taxon,Chrysococcyx caprius,Dideric Cuckoo,2496333,birdnet,SPECIES,species,EXACT
1280,Chrysococcyx cupreus_African Emerald Cuckoo,taxon,Chrysococcyx cupreus,African Emerald Cuckoo,2496324,birdnet,SPECIES,species,EXACT
1281,Chrysococcyx klaas_Klaas's Cuckoo,taxon,Chrysococcyx klaas,Klaas's Cuckoo,2496316,birdnet,SPECIES,species,EXACT
1282,Chrysococcyx lucidus_Shining Bronze-Cuckoo,taxon,Chrysococcyx lucidus,Shining Bronze-Cuckoo,2496325,birdnet,SPECIES,species,EXACT
1283,Chrysococcyx maculatus_Asian Emerald Cuckoo,taxon,Chrysococcyx maculatus,Asian Emerald Cuckoo,2496315,birdnet,SPECIES,species,EXACT
1284,Chrysococcyx minutillus_Little Bronze-Cuckoo,taxon,Chrysococcyx minutillus,Little Bronze-Cuckoo,2496334,birdnet,SPECIES,species,EXACT
1285,Chrysococcyx osculans_Black-eared Cuckoo,taxon,Chrysococcyx osculans,Black-eared Cuckoo,2496331,birdnet,SPECIES,species,EXACT
1286,Chrysococcyx xanthorhynchus_Violet Cuckoo,taxon,Chrysococcyx xanthorhynchus,Violet Cuckoo,2496321,birdnet,SPECIES,species,EXACT
1287,Chrysocolaptes festivus_White-naped Woodpecker,taxon,Chrysocolaptes festivus,White-naped Woodpecker,2478037,birdnet,SPECIES,species,EXACT
1288,Chrysocolaptes guttacristatus_Greater Flameback,taxon,Chrysocolaptes guttacristatus,Greater Flameback,7387276,birdnet,SPECIES,species,EXACT
1289,Chrysolampis mosquitus_Ruby-topaz Hummingbird,taxon,Chrysolampis mosquitus,Ruby-topaz Hummingbird,2476346,birdnet,SPECIES,species,EXACT
1290,Chrysolophus amherstiae_Lady Amherst's Pheasant,taxon,Chrysolophus amherstiae,Lady Amherst's Pheasant,5228033,birdnet,SPECIES,species,EXACT
1291,Chrysolophus pictus_Golden Pheasant,taxon,Chrysolophus pictus,Golden Pheasant,5228034,birdnet,SPECIES,species,EXACT
1292,Chrysomma altirostre_Jerdon's Babbler,taxon,Chrysomma altirostre,Jerdon's Babbler,5231394,birdnet,SPECIES,species,EXACT
1293,Chrysomma sinense_Yellow-eyed Babbler,taxon,Chrysomma sinense,Yellow-eyed Babbler,5231393,birdnet,SPECIES,species,EXACT
1294,Chrysomus icterocephalus_Yellow-hooded Blackbird,taxon,Chrysomus icterocephalus,Yellow-hooded Blackbird,2484103,birdnet,SPECIES,species,EXACT
1295,Chrysomus ruficapillus_Chestnut-capped Blackbird,taxon,Chrysomus ruficapillus,Chestnut-capped Blackbird,2484099,birdnet,SPECIES,species,EXACT
1296,Chrysophlegma flavinucha_Greater Yellownape,taxon,Chrysophlegma flavinucha,Greater Yellownape,6101206,birdnet,SPECIES,species,EXACT
1297,Chrysophlegma mentale_Checker-throated Woodpecker,taxon,Chrysophlegma mentale,Checker-throated Woodpecker,6101204,birdnet,SPECIES,species,EXACT
1298,Chrysophlegma miniaceum_Banded Woodpecker,taxon,Chrysophlegma miniaceum,Banded Woodpecker,6101205,birdnet,SPECIES,species,EXACT
1299,Chrysothlypis chrysomelas_Black-and-yellow Tanager,taxon,Chrysothlypis chrysomelas,Black-and-yellow Tanager,2488535,birdnet,SPECIES,species,EXACT
1300,Chrysothlypis salmoni_Scarlet-and-white Tanager,taxon,Chrysothlypis salmoni,Scarlet-and-white Tanager,2488533,birdnet,SPECIES,species,EXACT
1301,Chrysuronia oenone_Golden-tailed Sapphire,taxon,Chrysuronia oenone,Golden-tailed Sapphire,2476152,birdnet,SPECIES,species,EXACT
1302,Chrysuronia versicolor_Versicolored Emerald,taxon,Chrysuronia versicolor,Versicolored Emerald,11021619,birdnet,SPECIES,species,EXACT
1303,Chunga burmeisteri_Black-legged Seriema,taxon,Chunga burmeisteri,Black-legged Seriema,2474328,birdnet,SPECIES,species,EXACT
1304,Ciccaba albitarsis_Rufous-banded Owl,taxon,Ciccaba albitarsis,Rufous-banded Owl,5789319,birdnet,SPECIES,species,EXACT
1305,Ciccaba huhula_Black-banded Owl,taxon,Ciccaba huhula,Black-banded Owl,2497455,birdnet,SPECIES,species,EXACT
1306,Ciccaba nigrolineata_Black-and-white Owl,taxon,Ciccaba nigrolineata,Black-and-white Owl,2497438,birdnet,SPECIES,species,EXACT
1307,Ciccaba virgata_Mottled Owl,taxon,Ciccaba virgata,Mottled Owl,2497439,birdnet,SPECIES,species,EXACT
1308,Cichladusa arquata_Collared Palm-Thrush,taxon,Cichladusa arquata,Collared Palm-Thrush,2492645,birdnet,SPECIES,species,EXACT
1309,Cichladusa guttata_Spotted Morning-Thrush,taxon,Cichladusa guttata,Spotted Morning-Thrush,2492647,birdnet,SPECIES,species,EXACT
1310,Cichlocolaptes leucophrus_Pale-browed Treehunter,taxon,Cichlocolaptes leucophrus,Pale-browed Treehunter,2486001,birdnet,SPECIES,species,EXACT
1311,Cichlopsis leucogenys_Rufous-brown Solitaire,taxon,Cichlopsis leucogenys,Rufous-brown Solitaire,2490933,birdnet,SPECIES,species,EXACT
1312,Cicinnurus magnificus_Magnificent Bird-of-Paradise,taxon,Cicinnurus magnificus,Magnificent Bird-of-Paradise,2494914,birdnet,SPECIES,species,EXACT
1313,Cicinnurus regius_King Bird-of-Paradise,taxon,Cicinnurus regius,King Bird-of-Paradise,2494913,birdnet,SPECIES,species,EXACT
1314,Cicinnurus respublica_Wilson's Bird-of-Paradise,taxon,Cicinnurus respublica,Wilson's Bird-of-Paradise,2494912,birdnet,SPECIES,species,EXACT
1315,Ciconia ciconia_White Stork,taxon,Ciconia ciconia,White Stork,2481912,birdnet,SPECIES,species,EXACT
1316,Ciconia nigra_Black Stork,taxon,Ciconia nigra,Black Stork,2481909,birdnet,SPECIES,species,EXACT
1317,Cinclidium frontale_Blue-fronted Robin,taxon,Cinclidium frontale,Blue-fronted Robin,5231292,birdnet,SPECIES,species,EXACT
1318,Cinclocerthia gutturalis_Gray Trembler,taxon,Cinclocerthia gutturalis,Gray Trembler,2494984,birdnet,SPECIES,species,EXACT
1319,Cinclodes albidiventris_Chestnut-winged Cinclodes,taxon,Cinclodes albidiventris,Chestnut-winged Cinclodes,9434745,birdnet,SPECIES,species,EXACT
1320,Cinclodes albiventris_Cream-winged Cinclodes,taxon,Cinclodes albiventris,Cream-winged Cinclodes,7341295,birdnet,SPECIES,species,EXACT
1321,Cinclodes excelsior_Stout-billed Cinclodes,taxon,Cinclodes excelsior,Stout-billed Cinclodes,2485064,birdnet,SPECIES,species,EXACT
1322,Cinclodes fuscus_Buff-winged Cinclodes,taxon,Cinclodes fuscus,Buff-winged Cinclodes,2485069,birdnet,SPECIES,species,EXACT
1323,Cinclodes nigrofumosus_Seaside Cinclodes,taxon,Cinclodes nigrofumosus,Seaside Cinclodes,2485053,birdnet,SPECIES,species,EXACT
1324,Cinclodes oustaleti_Gray-flanked Cinclodes,taxon,Cinclodes oustaleti,Gray-flanked Cinclodes,2485054,birdnet,SPECIES,species,EXACT
1325,Cinclodes pabsti_Long-tailed Cinclodes,taxon,Cinclodes pabsti,Long-tailed Cinclodes,2485067,birdnet,SPECIES,species,EXACT
1326,Cinclodes patagonicus_Dark-bellied Cinclodes,taxon,Cinclodes patagonicus,Dark-bellied Cinclodes,2485058,birdnet,SPECIES,species,EXACT
1327,Cincloramphus cruralis_Brown Songlark,taxon,Cincloramphus cruralis,Brown Songlark,2492984,birdnet,SPECIES,species,EXACT
1328,Cincloramphus macrurus_Papuan Grassbird,taxon,Cincloramphus macrurus,Papuan Grassbird,10939463,birdnet,SPECIES,species,EXACT
1329,Cincloramphus mathewsi_Rufous Songlark,taxon,Cincloramphus mathewsi,Rufous Songlark,2492983,birdnet,SPECIES,species,EXACT
1330,Cincloramphus timoriensis_Tawny Grassbird,taxon,Cincloramphus timoriensis,Tawny Grassbird,11008435,birdnet,SPECIES,species,EXACT
1331,Cinclosoma ajax_Painted Quail-thrush,taxon,Cinclosoma ajax,Painted Quail-thrush,2495062,birdnet,SPECIES,species,EXACT
1332,Cinclosoma castaneothorax_Chestnut-breasted Quail-thrush,taxon,Cinclosoma castaneothorax,Chestnut-breasted Quail-thrush,2495064,birdnet,SPECIES,species,EXACT
1333,Cinclosoma punctatum_Spotted Quail-thrush,taxon,Cinclosoma punctatum,Spotted Quail-thrush,2495063,birdnet,SPECIES,species,EXACT
1334,Cinclus cinclus_White-throated Dipper,taxon,Cinclus cinclus,White-throated Dipper,2495093,birdnet,SPECIES,species,EXACT
1335,Cinclus mexicanus_American Dipper,taxon,Cinclus mexicanus,American Dipper,9606873,birdnet,SPECIES,species,EXACT
1336,Cinclus pallasii_Brown Dipper,taxon,Cinclus pallasii,Brown Dipper,5231774,birdnet,SPECIES,species,EXACT
1337,Cinnycerthia fulva_Fulvous Wren,taxon,Cinnycerthia fulva,Fulvous Wren,7341229,birdnet,SPECIES,species,EXACT
1338,Cinnycerthia olivascens_Sharpe's Wren,taxon,Cinnycerthia olivascens,Sharpe's Wren,7341239,birdnet,SPECIES,species,EXACT
1339,Cinnycerthia peruana_Peruvian Wren,taxon,Cinnycerthia peruana,Peruvian Wren,2493787,birdnet,SPECIES,species,EXACT
1340,Cinnycerthia unirufa_Rufous Wren,taxon,Cinnycerthia unirufa,Rufous Wren,2493788,birdnet,SPECIES,species,EXACT
1341,Cinnyricinclus leucogaster_Violet-backed Starling,taxon,Cinnyricinclus leucogaster,Violet-backed Starling,2489057,birdnet,SPECIES,species,EXACT
1342,Cinnyris afer_Greater Double-collared Sunbird,taxon,Cinnyris afer,Greater Double-collared Sunbird,7340730,birdnet,SPECIES,species,EXACT
1343,Cinnyris asiaticus_Purple Sunbird,taxon,Cinnyris asiaticus,Purple Sunbird,7340608,birdnet,SPECIES,species,EXACT
1344,Cinnyris bifasciatus_Purple-banded Sunbird,taxon,Cinnyris bifasciatus,Purple-banded Sunbird,6087859,birdnet,SPECIES,species,EXACT
1345,Cinnyris chalybeus_Southern Double-collared Sunbird,taxon,Cinnyris chalybeus,Southern Double-collared Sunbird,7340753,birdnet,SPECIES,species,EXACT
1346,Cinnyris chloropygius_Olive-bellied Sunbird,taxon,Cinnyris chloropygius,Olive-bellied Sunbird,7340768,birdnet,SPECIES,species,EXACT
1347,Cinnyris coccinigastrus_Splendid Sunbird,taxon,Cinnyris coccinigastrus,Splendid Sunbird,6087760,birdnet,SPECIES,species,EXACT
1348,Cinnyris cupreus_Copper Sunbird,taxon,Cinnyris cupreus,Copper Sunbird,7340615,birdnet,SPECIES,species,EXACT
1349,Cinnyris erythrocercus_Red-chested Sunbird,taxon,Cinnyris erythrocercus,Red-chested Sunbird,6087898,birdnet,SPECIES,species,EXACT
1350,Cinnyris fuscus_Dusky Sunbird,taxon,Cinnyris fuscus,Dusky Sunbird,7340625,birdnet,SPECIES,species,EXACT
1351,Cinnyris gertrudis_Western Miombo Sunbird,taxon,Cinnyris gertrudis,Western Miombo Sunbird,9683295,birdnet,SPECIES,species,EXACT
1352,Cinnyris habessinicus_Shining Sunbird,taxon,Cinnyris habessinicus,Shining Sunbird,7340666,birdnet,SPECIES,species,EXACT
1353,Cinnyris jugularis_Olive-backed Sunbird,taxon,Cinnyris jugularis,Olive-backed Sunbird,7340578,birdnet,SPECIES,species,EXACT
1354,Cinnyris lotenius_Loten's Sunbird,taxon,Cinnyris lotenius,Loten's Sunbird,7340540,birdnet,SPECIES,species,EXACT
1355,Cinnyris mariquensis_Mariqua Sunbird,taxon,Cinnyris mariquensis,Mariqua Sunbird,7340700,birdnet,SPECIES,species,EXACT
1356,Cinnyris mediocris_Eastern Double-collared Sunbird,taxon,Cinnyris mediocris,Eastern Double-collared Sunbird,7340716,birdnet,SPECIES,species,EXACT
1357,Cinnyris nectarinioides_Black-bellied Sunbird,taxon,Cinnyris nectarinioides,Black-bellied Sunbird,7340688,birdnet,SPECIES,species,EXACT
1358,Cinnyris osea_Palestine Sunbird,taxon,Cinnyris osea,Palestine Sunbird,7340679,birdnet,SPECIES,species,EXACT
1359,Cinnyris pulchellus_Beautiful Sunbird,taxon,Cinnyris pulchellus,Beautiful Sunbird,7340702,birdnet,SPECIES,species,EXACT
1360,Cinnyris regius_Regal Sunbird,taxon,Cinnyris regius,Regal Sunbird,7340726,birdnet,SPECIES,species,EXACT
1361,Cinnyris reichenowi_Northern Double-collared Sunbird,taxon,Cinnyris reichenowi,Northern Double-collared Sunbird,7340734,birdnet,SPECIES,species,EXACT
1362,Cinnyris solaris_Flame-breasted Sunbird,taxon,Cinnyris solaris,Flame-breasted Sunbird,7340570,birdnet,SPECIES,species,EXACT
1363,Cinnyris sovimanga_Souimanga Sunbird,taxon,Cinnyris sovimanga,Souimanga Sunbird,6101109,birdnet,SPECIES,species,EXACT
1364,Cinnyris talatala_White-breasted Sunbird,taxon,Cinnyris talatala,White-breasted Sunbird,6087680,birdnet,SPECIES,species,EXACT
1365,Cinnyris venustus_Variable Sunbird,taxon,Cinnyris venustus,Variable Sunbird,7340636,birdnet,SPECIES,species,EXACT
1366,Circaetus gallicus_Short-toed Snake-Eagle,taxon,Circaetus gallicus,Short-toed Snake-Eagle,2480666,birdnet,SPECIES,species,EXACT
1367,Circus aeruginosus_Eurasian Marsh-Harrier,taxon,Circus aeruginosus,Eurasian Marsh-Harrier,2480482,birdnet,SPECIES,species,EXACT
1368,Circus approximans_Swamp Harrier,taxon,Circus approximans,Swamp Harrier,5229172,birdnet,SPECIES,species,EXACT
1369,Circus buffoni_Long-winged Harrier,taxon,Circus buffoni,Long-winged Harrier,5229178,birdnet,SPECIES,species,EXACT
1370,Circus cyaneus_Hen Harrier,taxon,Circus cyaneus,Hen Harrier,2480487,birdnet,SPECIES,species,EXACT
1371,Circus hudsonius_Northern Harrier,taxon,Circus hudsonius,Northern Harrier,6101217,birdnet,SPECIES,species,EXACT
1372,Circus macrourus_Pallid Harrier,taxon,Circus macrourus,Pallid Harrier,2480491,birdnet,SPECIES,species,EXACT
1373,Circus melanoleucos_Pied Harrier,taxon,Circus melanoleucos,Pied Harrier,5229171,birdnet,SPECIES,species,EXACT
1374,Circus pygargus_Montagu's Harrier,taxon,Circus pygargus,Montagu's Harrier,2480495,birdnet,SPECIES,species,EXACT
1375,Circus spilonotus_Eastern Marsh-Harrier,taxon,Circus spilonotus,Eastern Marsh-Harrier,5229180,birdnet,SPECIES,species,EXACT
1376,Cissa chinensis_Common Green-Magpie,taxon,Cissa chinensis,Common Green-Magpie,2482587,birdnet,SPECIES,species,EXACT
1377,Cissa hypoleuca_Indochinese Green-Magpie,taxon,Cissa hypoleuca,Indochinese Green-Magpie,2482586,birdnet,SPECIES,species,EXACT
1378,Cissa jefferyi_Bornean Green-Magpie,taxon,Cissa jefferyi,Bornean Green-Magpie,7508972,birdnet,SPECIES,species,EXACT
1379,Cissopis leverianus_Magpie Tanager,taxon,Cissopis leverianus,Magpie Tanager,2488854,birdnet,SPECIES,species,EXACT
1380,Cisticola aberrans_Rock-loving Cisticola,taxon,Cisticola aberrans,Rock-loving Cisticola,2492833,birdnet,SPECIES,species,EXACT
1381,Cisticola anonymus_Chattering Cisticola,taxon,Cisticola anonymus,Chattering Cisticola,2492808,birdnet,SPECIES,species,EXACT
1382,Cisticola aridulus_Desert Cisticola,taxon,Cisticola aridulus,Desert Cisticola,2492800,birdnet,SPECIES,species,EXACT
1383,Cisticola ayresii_Wing-snapping Cisticola,taxon,Cisticola ayresii,Wing-snapping Cisticola,9450689,birdnet,SPECIES,species,EXACT
1384,Cisticola brachypterus_Siffling Cisticola,taxon,Cisticola brachypterus,Siffling Cisticola,2492819,birdnet,SPECIES,species,EXACT
1385,Cisticola cantans_Singing Cisticola,taxon,Cisticola cantans,Singing Cisticola,2492795,birdnet,SPECIES,species,EXACT
1386,Cisticola cherina_Madagascar Cisticola,taxon,Cisticola cherina,Madagascar Cisticola,5788680,birdnet,SPECIES,species,EXACT
1387,Cisticola chiniana_Rattling Cisticola,taxon,Cisticola chiniana,Rattling Cisticola,7340518,birdnet,SPECIES,species,EXACT
1388,Cisticola chubbi_Chubb's Cisticola,taxon,Cisticola chubbi,Chubb's Cisticola,2492797,birdnet,SPECIES,species,EXACT
1389,Cisticola cinereolus_Ashy Cisticola,taxon,Cisticola cinereolus,Ashy Cisticola,2492790,birdnet,SPECIES,species,EXACT
1390,Cisticola erythrops_Red-faced Cisticola,taxon,Cisticola erythrops,Red-faced Cisticola,2492793,birdnet,SPECIES,species,EXACT
1391,Cisticola exilis_Golden-headed Cisticola,taxon,Cisticola exilis,Golden-headed Cisticola,2492836,birdnet,SPECIES,species,EXACT
1392,Cisticola fulvicapilla_Piping Cisticola,taxon,Cisticola fulvicapilla,Piping Cisticola,7340401,birdnet,SPECIES,species,EXACT
1393,Cisticola haematocephalus_Coastal Cisticola,taxon,Cisticola haematocephalus,Coastal Cisticola,6100909,birdnet,SPECIES,species,EXACT
1394,Cisticola hunteri_Hunter's Cisticola,taxon,Cisticola hunteri,Hunter's Cisticola,2492788,birdnet,SPECIES,species,EXACT
1395,Cisticola juncidis_Zitting Cisticola,taxon,Cisticola juncidis,Zitting Cisticola,2492822,birdnet,SPECIES,species,EXACT
1396,Cisticola lais_Wailing Cisticola,taxon,Cisticola lais,Wailing Cisticola,2492814,birdnet,SPECIES,species,EXACT
1397,Cisticola lateralis_Whistling Cisticola,taxon,Cisticola lateralis,Whistling Cisticola,2492806,birdnet,SPECIES,species,EXACT
1398,Cisticola marginatus_Winding Cisticola,taxon,Cisticola marginatus,Winding Cisticola,6100910,birdnet,SPECIES,species,EXACT
1399,Cisticola natalensis_Croaking Cisticola,taxon,Cisticola natalensis,Croaking Cisticola,2492810,birdnet,SPECIES,species,EXACT
1400,Cisticola nigriloris_Black-lored Cisticola,taxon,Cisticola nigriloris,Black-lored Cisticola,2492802,birdnet,SPECIES,species,EXACT
1401,Cisticola njombe_Churring Cisticola,taxon,Cisticola njombe,Churring Cisticola,2492794,birdnet,SPECIES,species,EXACT
1402,Cisticola pipiens_Chirping Cisticola,taxon,Cisticola pipiens,Chirping Cisticola,2492837,birdnet,SPECIES,species,EXACT
1403,Cisticola robustus_Stout Cisticola,taxon,Cisticola robustus,Stout Cisticola,2492820,birdnet,SPECIES,species,EXACT
1404,Cisticola subruficapilla_Red-headed Cisticola,taxon,Cisticola subruficapilla,Red-headed Cisticola,7340488,birdnet,SPECIES,species,EXACT
1405,Cisticola textrix_Cloud Cisticola,taxon,Cisticola textrix,Cloud Cisticola,2492815,birdnet,SPECIES,species,EXACT
1406,Cisticola tinniens_Levaillant's Cisticola,taxon,Cisticola tinniens,Levaillant's Cisticola,2492807,birdnet,SPECIES,species,EXACT
1407,Cisticola woosnami_Trilling Cisticola,taxon,Cisticola woosnami,Trilling Cisticola,2492792,birdnet,SPECIES,species,EXACT
1408,Cistothorus apolinari_Apolinar's Wren,taxon,Cistothorus apolinari,Apolinar's Wren,2493862,birdnet,SPECIES,species,EXACT
1409,Cistothorus palustris_Marsh Wren,taxon,Cistothorus palustris,Marsh Wren,2493863,birdnet,SPECIES,species,EXACT
1410,Cistothorus platensis_Grass Wren,taxon,Cistothorus platensis,Grass Wren,2493890,birdnet,SPECIES,species,EXACT
1411,Cistothorus stellaris_Sedge Wren,taxon,Cistothorus stellaris,Sedge Wren,8930925,birdnet,SPECIES,species,EXACT
1412,Clamator coromandus_Chestnut-winged Cuckoo,taxon,Clamator coromandus,Chestnut-winged Cuckoo,2496467,birdnet,SPECIES,species,EXACT
1413,Clamator glandarius_Great Spotted Cuckoo,taxon,Clamator glandarius,Great Spotted Cuckoo,2496464,birdnet,SPECIES,species,EXACT
1414,Clamator jacobinus_Pied Cuckoo,taxon,Clamator jacobinus,Pied Cuckoo,2496468,birdnet,SPECIES,species,EXACT
1415,Clamator levaillantii_Levaillant's Cuckoo,taxon,Clamator levaillantii,Levaillant's Cuckoo,2496465,birdnet,SPECIES,species,EXACT
1416,Clanga clanga_Greater Spotted Eagle,taxon,Clanga clanga,Greater Spotted Eagle,7477624,birdnet,SPECIES,species,EXACT
1417,Clanga pomarina_Lesser Spotted Eagle,taxon,Clanga pomarina,Lesser Spotted Eagle,8256382,birdnet,SPECIES,species,EXACT
1418,Clangula hyemalis_Long-tailed Duck,taxon,Clangula hyemalis,Long-tailed Duck,2498273,birdnet,SPECIES,species,EXACT
1419,Claravis pretiosa_Blue Ground Dove,taxon,Claravis pretiosa,Blue Ground Dove,2495922,birdnet,SPECIES,species,EXACT
1420,Clibanornis dendrocolaptoides_Canebrake Groundcreeper,taxon,Clibanornis dendrocolaptoides,Canebrake Groundcreeper,2485780,birdnet,SPECIES,species,EXACT
1421,Clibanornis erythrocephalus_Henna-hooded Foliage-gleaner,taxon,Clibanornis erythrocephalus,Henna-hooded Foliage-gleaner,8035383,birdnet,SPECIES,species,EXACT
1422,Clibanornis rectirostris_Chestnut-capped Foliage-gleaner,taxon,Clibanornis rectirostris,Chestnut-capped Foliage-gleaner,7739996,birdnet,SPECIES,species,EXACT
1423,Clibanornis rubiginosus_Ruddy Foliage-gleaner,taxon,Clibanornis rubiginosus,Ruddy Foliage-gleaner,8009306,birdnet,SPECIES,species,EXACT
1424,Clibanornis rufipectus_Santa Marta Foliage-gleaner,taxon,Clibanornis rufipectus,Santa Marta Foliage-gleaner,7604570,birdnet,SPECIES,species,EXACT
1425,Climacteris picumnus_Brown Treecreeper,taxon,Climacteris picumnus,Brown Treecreeper,2494126,birdnet,SPECIES,species,EXACT
1426,Clytoctantes alixii_Recurve-billed Bushbird,taxon,Clytoctantes alixii,Recurve-billed Bushbird,2490227,birdnet,SPECIES,species,EXACT
1427,Clytolaema rubricauda_Brazilian Ruby,taxon,Clytolaema rubricauda,Brazilian Ruby,2476730,birdnet,SPECIES,species,EXACT
1428,Clytorhynchus vitiensis_Fiji Shrikebill,taxon,Clytorhynchus vitiensis,Fiji Shrikebill,2486630,birdnet,SPECIES,species,EXACT
1429,Cnemoscopus rubrirostris_Gray-hooded Bush Tanager,taxon,Cnemoscopus rubrirostris,Gray-hooded Bush Tanager,2488759,birdnet,SPECIES,species,EXACT
1430,Cnemotriccus fuscatus_Fuscous Flycatcher,taxon,Cnemotriccus fuscatus,Fuscous Flycatcher,2483387,birdnet,SPECIES,species,EXACT
1431,Cnipodectes subbrunneus_Brownish Twistwing,taxon,Cnipodectes subbrunneus,Brownish Twistwing,2483288,birdnet,SPECIES,species,EXACT
1432,Coccopygia melanotis_Swee Waxbill,taxon,Coccopygia melanotis,Swee Waxbill,7340723,birdnet,SPECIES,species,EXACT
1433,Coccopygia quartinia_Yellow-bellied Waxbill,taxon,Coccopygia quartinia,Yellow-bellied Waxbill,7340714,birdnet,SPECIES,species,EXACT
1434,Coccothraustes abeillei_Hooded Grosbeak,taxon,Coccothraustes abeillei,Hooded Grosbeak,2494311,birdnet,SPECIES,species,EXACT
1435,Coccothraustes coccothraustes_Hawfinch,taxon,Coccothraustes coccothraustes,Hawfinch,2494329,birdnet,SPECIES,species,EXACT
1436,Coccothraustes vespertinus_Evening Grosbeak,taxon,Coccothraustes vespertinus,Evening Grosbeak,2494321,birdnet,SPECIES,species,EXACT
1437,Coccycua cinerea_Ash-colored Cuckoo,taxon,Coccycua cinerea,Ash-colored Cuckoo,5788393,birdnet,SPECIES,species,EXACT
1438,Coccycua minuta_Little Cuckoo,taxon,Coccycua minuta,Little Cuckoo,7340209,birdnet,SPECIES,species,EXACT
1439,Coccyzus americanus_Yellow-billed Cuckoo,taxon,Coccyzus americanus,Yellow-billed Cuckoo,2496287,birdnet,SPECIES,species,EXACT
1440,Coccyzus erythropthalmus_Black-billed Cuckoo,taxon,Coccyzus erythropthalmus,Black-billed Cuckoo,2496286,birdnet,SPECIES,species,EXACT
1441,Coccyzus euleri_Pearly-breasted Cuckoo,taxon,Coccyzus euleri,Pearly-breasted Cuckoo,2496293,birdnet,SPECIES,species,EXACT
1442,Coccyzus longirostris_Hispaniolan Lizard-Cuckoo,taxon,Coccyzus longirostris,Hispaniolan Lizard-Cuckoo,7340216,birdnet,SPECIES,species,EXACT
1443,Coccyzus melacoryphus_Dark-billed Cuckoo,taxon,Coccyzus melacoryphus,Dark-billed Cuckoo,2496297,birdnet,SPECIES,species,EXACT
1444,Coccyzus merlini_Great Lizard-Cuckoo,taxon,Coccyzus merlini,Great Lizard-Cuckoo,7340218,birdnet,SPECIES,species,EXACT
1445,Coccyzus minor_Mangrove Cuckoo,taxon,Coccyzus minor,Mangrove Cuckoo,2496294,birdnet,SPECIES,species,EXACT
1446,Coccyzus vieilloti_Puerto Rican Lizard-Cuckoo,taxon,Coccyzus vieilloti,Puerto Rican Lizard-Cuckoo,5788386,birdnet,SPECIES,species,EXACT
1447,Cochlearius cochlearius_Boat-billed Heron,taxon,Cochlearius cochlearius,Boat-billed Heron,2480833,birdnet,SPECIES,species,EXACT
1448,Cochoa viridis_Green Cochoa,taxon,Cochoa viridis,Green Cochoa,2492554,birdnet,SPECIES,species,EXACT
1449,Coeligena coeligena_Bronzy Inca,taxon,Coeligena coeligena,Bronzy Inca,2477062,birdnet,SPECIES,species,EXACT
1450,Coeligena iris_Rainbow Starfrontlet,taxon,Coeligena iris,Rainbow Starfrontlet,2477043,birdnet,SPECIES,species,EXACT
1451,Coeligena lutetiae_Buff-winged Starfrontlet,taxon,Coeligena lutetiae,Buff-winged Starfrontlet,2477040,birdnet,SPECIES,species,EXACT
1452,Coeligena wilsoni_Brown Inca,taxon,Coeligena wilsoni,Brown Inca,2477042,birdnet,SPECIES,species,EXACT
1453,Coereba flaveola_Bananaquit,taxon,Coereba flaveola,Bananaquit,2493744,birdnet,SPECIES,species,EXACT
1454,Colaptes atricollis_Black-necked Woodpecker,taxon,Colaptes atricollis,Black-necked Woodpecker,2478256,birdnet,SPECIES,species,EXACT
1455,Colaptes auratus_Northern Flicker,taxon,Colaptes auratus,Northern Flicker,2478259,birdnet,SPECIES,species,EXACT
1456,Colaptes auricularis_Gray-crowned Woodpecker,taxon,Colaptes auricularis,Gray-crowned Woodpecker,5789382,birdnet,SPECIES,species,EXACT
1457,Colaptes campestris_Campo Flicker,taxon,Colaptes campestris,Campo Flicker,2478233,birdnet,SPECIES,species,EXACT
1458,Colaptes chrysoides_Gilded Flicker,taxon,Colaptes chrysoides,Gilded Flicker,2478248,birdnet,SPECIES,species,EXACT
1459,Colaptes fernandinae_Fernandina's Flicker,taxon,Colaptes fernandinae,Fernandina's Flicker,2478236,birdnet,SPECIES,species,EXACT
1460,Colaptes melanochloros_Green-barred Woodpecker,taxon,Colaptes melanochloros,Green-barred Woodpecker,2478272,birdnet,SPECIES,species,EXACT
1461,Colaptes pitius_Chilean Flicker,taxon,Colaptes pitius,Chilean Flicker,2478271,birdnet,SPECIES,species,EXACT
1462,Colaptes punctigula_Spot-breasted Woodpecker,taxon,Colaptes punctigula,Spot-breasted Woodpecker,2478237,birdnet,SPECIES,species,EXACT
1463,Colaptes rivolii_Crimson-mantled Woodpecker,taxon,Colaptes rivolii,Crimson-mantled Woodpecker,7340159,birdnet,SPECIES,species,EXACT
1464,Colaptes rubiginosus_Golden-olive Woodpecker,taxon,Colaptes rubiginosus,Golden-olive Woodpecker,7340161,birdnet,SPECIES,species,EXACT
1465,Colaptes rupicola_Andean Flicker,taxon,Colaptes rupicola,Andean Flicker,2478244,birdnet,SPECIES,species,EXACT
1466,Colibri coruscans_Sparkling Violetear,taxon,Colibri coruscans,Sparkling Violetear,5228474,birdnet,SPECIES,species,EXACT
1467,Colibri cyanotus_Lesser Violetear,taxon,Colibri cyanotus,Lesser Violetear,9053125,birdnet,SPECIES,species,EXACT
1468,Colibri delphinae_Brown Violetear,taxon,Colibri delphinae,Brown Violetear,5228485,birdnet,SPECIES,species,EXACT
1469,Colibri serrirostris_White-vented Violetear,taxon,Colibri serrirostris,White-vented Violetear,5228484,birdnet,SPECIES,species,EXACT
1470,Colibri thalassinus_Mexican Violetear,taxon,Colibri thalassinus,Mexican Violetear,5228478,birdnet,SPECIES,species,EXACT
1471,Colinus cristatus_Crested Bobwhite,taxon,Colinus cristatus,Crested Bobwhite,5228112,birdnet,SPECIES,species,EXACT
1472,Colinus nigrogularis_Black-throated Bobwhite,taxon,Colinus nigrogularis,Black-throated Bobwhite,5228086,birdnet,SPECIES,species,EXACT
1473,Colinus virginianus_Northern Bobwhite,taxon,Colinus virginianus,Northern Bobwhite,9791464,birdnet,SPECIES,species,EXACT
1474,Colius colius_White-backed Mousebird,taxon,Colius colius,White-backed Mousebird,5229466,birdnet,SPECIES,species,EXACT
1475,Colius striatus_Speckled Mousebird,taxon,Colius striatus,Speckled Mousebird,5229467,birdnet,SPECIES,species,EXACT
1476,Collocalia affinis_Plume-toed Swiftlet,taxon,Collocalia affinis,Plume-toed Swiftlet,9478106,birdnet,SPECIES,species,EXACT
1477,Colluricincla boweri_Bower's Shrikethrush,taxon,Colluricincla boweri,Bower's Shrikethrush,2482353,birdnet,SPECIES,species,EXACT
1478,Colluricincla harmonica_Gray Shrikethrush,taxon,Colluricincla harmonica,Gray Shrikethrush,2482357,birdnet,SPECIES,species,EXACT
1479,Colluricincla megarhyncha_Arafura Shrikethrush,taxon,Colluricincla megarhyncha,Arafura Shrikethrush,2482354,birdnet,SPECIES,species,EXACT
1480,Colluricincla rufogaster_Rufous Shrikethrush,taxon,Colluricincla rufogaster,Rufous Shrikethrush,7899775,birdnet,SPECIES,species,EXACT
1481,Colonia colonus_Long-tailed Tyrant,taxon,Colonia colonus,Long-tailed Tyrant,5229809,birdnet,SPECIES,species,EXACT
1482,Colorhamphus parvirostris_Patagonian Tyrant,taxon,Colorhamphus parvirostris,Patagonian Tyrant,2483790,birdnet,SPECIES,species,EXACT
1483,Columba arquatrix_Rameron Pigeon,taxon,Columba arquatrix,Rameron Pigeon,5231873,birdnet,SPECIES,species,EXACT
1484,Columba delegorguei_Delegorgue's Pigeon,taxon,Columba delegorguei,Delegorgue's Pigeon,5231865,birdnet,SPECIES,species,EXACT
1485,Columba guinea_Speckled Pigeon,taxon,Columba guinea,Speckled Pigeon,5231817,birdnet,SPECIES,species,EXACT
1486,Columba iriditorques_Bronze-naped Pigeon,taxon,Columba iriditorques,Bronze-naped Pigeon,5231851,birdnet,SPECIES,species,EXACT
1487,Columba janthina_Japanese Wood-Pigeon,taxon,Columba janthina,Japanese Wood-Pigeon,5231838,birdnet,SPECIES,species,EXACT
1488,Columba larvata_Lemon Dove,taxon,Columba larvata,Lemon Dove,5231853,birdnet,SPECIES,species,EXACT
1489,Columba livia_Rock Pigeon,taxon,Columba livia,Rock Pigeon,2495414,birdnet,SPECIES,species,EXACT
1490,Columba oenas_Stock Dove,taxon,Columba oenas,Stock Dove,2495471,birdnet,SPECIES,species,EXACT
1491,Columba palumbus_Common Wood-Pigeon,taxon,Columba palumbus,Common Wood-Pigeon,2495455,birdnet,SPECIES,species,EXACT
1492,Columba unicincta_Afep Pigeon,taxon,Columba unicincta,Afep Pigeon,5231836,birdnet,SPECIES,species,EXACT
1493,Columba vitiensis_Metallic Pigeon,taxon,Columba vitiensis,Metallic Pigeon,9300216,birdnet,SPECIES,species,EXACT
1494,Columbina buckleyi_Ecuadorian Ground Dove,taxon,Columbina buckleyi,Ecuadorian Ground Dove,2495892,birdnet,SPECIES,species,EXACT
1495,Columbina cruziana_Croaking Ground Dove,taxon,Columbina cruziana,Croaking Ground Dove,2495891,birdnet,SPECIES,species,EXACT
1496,Columbina cyanopis_Blue-eyed Ground Dove,taxon,Columbina cyanopis,Blue-eyed Ground Dove,2495868,birdnet,SPECIES,species,EXACT
1497,Columbina inca_Inca Dove,taxon,Columbina inca,Inca Dove,2495863,birdnet,SPECIES,species,EXACT
1498,Columbina minuta_Plain-breasted Ground Dove,taxon,Columbina minuta,Plain-breasted Ground Dove,2495853,birdnet,SPECIES,species,EXACT
1499,Columbina passerina_Common Ground Dove,taxon,Columbina passerina,Common Ground Dove,2495869,birdnet,SPECIES,species,EXACT
1500,Columbina picui_Picui Ground Dove,taxon,Columbina picui,Picui Ground Dove,2495865,birdnet,SPECIES,species,EXACT
1501,Columbina squammata_Scaled Dove,taxon,Columbina squammata,Scaled Dove,2495888,birdnet,SPECIES,species,EXACT
1502,Columbina talpacoti_Ruddy Ground Dove,taxon,Columbina talpacoti,Ruddy Ground Dove,2495858,birdnet,SPECIES,species,EXACT
1503,Compsothraupis loricata_Scarlet-throated Tanager,taxon,Compsothraupis loricata,Scarlet-throated Tanager,2488763,birdnet,SPECIES,species,EXACT
1504,Conioptilon mcilhennyi_Black-faced Cotinga,taxon,Conioptilon mcilhennyi,Black-faced Cotinga,2486255,birdnet,SPECIES,species,EXACT
1505,Conirostrum albifrons_Capped Conebill,taxon,Conirostrum albifrons,Capped Conebill,5230627,birdnet,SPECIES,species,EXACT
1506,Conirostrum bicolor_Bicolored Conebill,taxon,Conirostrum bicolor,Bicolored Conebill,5230618,birdnet,SPECIES,species,EXACT
1507,Conirostrum binghami_Giant Conebill,taxon,Conirostrum binghami,Giant Conebill,9594691,birdnet,SPECIES,species,EXACT
1508,Conirostrum cinereum_Cinereous Conebill,taxon,Conirostrum cinereum,Cinereous Conebill,5230612,birdnet,SPECIES,species,EXACT
1509,Conirostrum leucogenys_White-eared Conebill,taxon,Conirostrum leucogenys,White-eared Conebill,5230608,birdnet,SPECIES,species,EXACT
1510,Conirostrum margaritae_Pearly-breasted Conebill,taxon,Conirostrum margaritae,Pearly-breasted Conebill,5230625,birdnet,SPECIES,species,EXACT
1511,Conirostrum rufum_Rufous-browed Conebill,taxon,Conirostrum rufum,Rufous-browed Conebill,5230617,birdnet,SPECIES,species,EXACT
1512,Conirostrum sitticolor_Blue-backed Conebill,taxon,Conirostrum sitticolor,Blue-backed Conebill,5230603,birdnet,SPECIES,species,EXACT
1513,Conirostrum speciosum_Chestnut-vented Conebill,taxon,Conirostrum speciosum,Chestnut-vented Conebill,5230621,birdnet,SPECIES,species,EXACT
1514,Conirostrum tamarugense_Tamarugo Conebill,taxon,Conirostrum tamarugense,Tamarugo Conebill,5230616,birdnet,SPECIES,species,EXACT
1515,Conocephalus brevipennis_Short-winged Meadow Katydid,taxon,Conocephalus brevipennis,Short-winged Meadow Katydid,5095697,birdnet,SPECIES,species,EXACT
1516,Conocephalus fasciatus_Slender Meadow Katydid,taxon,Conocephalus fasciatus,Slender Meadow Katydid,5095896,birdnet,SPECIES,species,EXACT
1517,Conopias albovittatus_White-ringed Flycatcher,taxon,Conopias albovittatus,White-ringed Flycatcher,2482664,birdnet,SPECIES,species,EXACT
1518,Conopias cinchoneti_Lemon-browed Flycatcher,taxon,Conopias cinchoneti,Lemon-browed Flycatcher,2482661,birdnet,SPECIES,species,EXACT
1519,Conopias parvus_Yellow-throated Flycatcher,taxon,Conopias parva,Yellow-throated Flycatcher,5789101,birdnet,SPECIES,species,VARIANT
1520,Conopias trivirgatus_Three-striped Flycatcher,taxon,Conopias trivirgatus,Three-striped Flycatcher,2482657,birdnet,SPECIES,species,EXACT
1521,Conopophaga ardesiaca_Slaty Gnateater,taxon,Conopophaga ardesiaca,Slaty Gnateater,2488934,birdnet,SPECIES,species,EXACT
1522,Conopophaga aurita_Chestnut-belted Gnateater,taxon,Conopophaga aurita,Chestnut-belted Gnateater,2488939,birdnet,SPECIES,species,EXACT
1523,Conopophaga castaneiceps_Chestnut-crowned Gnateater,taxon,Conopophaga castaneiceps,Chestnut-crowned Gnateater,2488936,birdnet,SPECIES,species,EXACT
1524,Conopophaga cearae_Ceara Gnateater,taxon,Conopophaga cearae,Ceara Gnateater,6101035,birdnet,SPECIES,species,EXACT
1525,Conopophaga lineata_Rufous Gnateater,taxon,Conopophaga lineata,Rufous Gnateater,2488933,birdnet,SPECIES,species,EXACT
1526,Conopophaga melanogaster_Black-bellied Gnateater,taxon,Conopophaga melanogaster,Black-bellied Gnateater,2488938,birdnet,SPECIES,species,EXACT
1527,Conopophaga melanops_Black-cheeked Gnateater,taxon,Conopophaga melanops,Black-cheeked Gnateater,2488935,birdnet,SPECIES,species,EXACT
1528,Conopophaga peruviana_Ash-throated Gnateater,taxon,Conopophaga peruviana,Ash-throated Gnateater,2488932,birdnet,SPECIES,species,EXACT
1529,Conopophila albogularis_Rufous-banded Honeyeater,taxon,Conopophila albogularis,Rufous-banded Honeyeater,2486946,birdnet,SPECIES,species,EXACT
1530,Conostoma aemodium_Great Parrotbill,taxon,Conostoma aemodium,Great Parrotbill,5844573,birdnet,SPECIES,species,EXACT
1531,Conothraupis speculigera_Black-and-white Tanager,taxon,Conothraupis speculigera,Black-and-white Tanager,2488775,birdnet,SPECIES,species,EXACT
1532,Contopus caribaeus_Cuban Pewee,taxon,Contopus caribaeus,Cuban Pewee,5229723,birdnet,SPECIES,species,EXACT
1533,Contopus cinereus_Tropical Pewee,taxon,Contopus cinereus,Tropical Pewee,5229745,birdnet,SPECIES,species,EXACT
1534,Contopus cooperi_Olive-sided Flycatcher,taxon,Contopus cooperi,Olive-sided Flycatcher,5229743,birdnet,SPECIES,species,EXACT
1535,Contopus fumigatus_Smoke-colored Pewee,taxon,Contopus fumigatus,Smoke-colored Pewee,5229760,birdnet,SPECIES,species,EXACT
1536,Contopus lugubris_Dark Pewee,taxon,Contopus lugubris,Dark Pewee,5229728,birdnet,SPECIES,species,EXACT
1537,Contopus nigrescens_Blackish Pewee,taxon,Contopus nigrescens,Blackish Pewee,5229739,birdnet,SPECIES,species,EXACT
1538,Contopus pertinax_Greater Pewee,taxon,Contopus pertinax,Greater Pewee,5229730,birdnet,SPECIES,species,EXACT
1539,Contopus sordidulus_Western Wood-Pewee,taxon,Contopus sordidulus,Western Wood-Pewee,5229754,birdnet,SPECIES,species,EXACT
1540,Contopus virens_Eastern Wood-Pewee,taxon,Contopus virens,Eastern Wood-Pewee,5229734,birdnet,SPECIES,species,EXACT
1541,Copsychus albiventris_Andaman Shama,taxon,Copsychus albiventris,Andaman Shama,6092494,birdnet,SPECIES,species,EXACT
1542,Copsychus albospecularis_Madagascar Magpie-Robin,taxon,Copsychus albospecularis,Madagascar Magpie-Robin,2492681,birdnet,SPECIES,species,EXACT
1543,Copsychus cebuensis_Black Shama,taxon,Copsychus cebuensis,Black Shama,2492679,birdnet,SPECIES,species,EXACT
1544,Copsychus fulicatus_Indian Robin,taxon,Copsychus fulicatus,Indian Robin,7341809,birdnet,SPECIES,species,EXACT
1545,Copsychus luzoniensis_White-browed Shama,taxon,Copsychus luzoniensis,White-browed Shama,2492676,birdnet,SPECIES,species,EXACT
1546,Copsychus malabaricus_White-rumped Shama,taxon,Copsychus malabaricus,White-rumped Shama,2492675,birdnet,SPECIES,species,EXACT
1547,Copsychus mindanensis_Philippine Magpie-Robin,taxon,Copsychus mindanensis,Philippine Magpie-Robin,6092661,birdnet,SPECIES,species,EXACT
1548,Copsychus niger_White-vented Shama,taxon,Copsychus niger,White-vented Shama,2492682,birdnet,SPECIES,species,EXACT
1549,Copsychus pyrropygus_Rufous-tailed Shama,taxon,Copsychus pyrropygus,Rufous-tailed Shama,6092712,birdnet,SPECIES,species,EXACT
1550,Copsychus saularis_Oriental Magpie-Robin,taxon,Copsychus saularis,Oriental Magpie-Robin,2492680,birdnet,SPECIES,species,EXACT
1551,Coracias abyssinicus_Abyssinian Roller,taxon,Coracias abyssinicus,Abyssinian Roller,2475373,birdnet,SPECIES,species,EXACT
1552,Coracias benghalensis_Indian Roller,taxon,Coracias benghalensis,Indian Roller,2475379,birdnet,SPECIES,species,EXACT
1553,Coracias caudatus_Lilac-breasted Roller,taxon,Coracias caudatus,Lilac-breasted Roller,2475360,birdnet,SPECIES,species,EXACT
1554,Coracias garrulus_European Roller,taxon,Coracias garrulus,European Roller,2475365,birdnet,SPECIES,species,EXACT
1555,Coracina caesia_Gray Cuckooshrike,taxon,Coracina caesia,Gray Cuckooshrike,2486771,birdnet,SPECIES,species,EXACT
1556,Coracina cinerea_Madagascar Cuckooshrike,taxon,Coracina cinerea,Madagascar Cuckooshrike,2486773,birdnet,SPECIES,species,EXACT
1557,Coracina lineata_Barred Cuckooshrike,taxon,Coracina lineata,Barred Cuckooshrike,2486752,birdnet,SPECIES,species,EXACT
1558,Coracina longicauda_Hooded Cuckooshrike,taxon,Coracina longicauda,Hooded Cuckooshrike,2486785,birdnet,SPECIES,species,EXACT
1559,Coracina macei_Large Cuckooshrike,taxon,Coracina macei,Large Cuckooshrike,2486770,birdnet,SPECIES,species,EXACT
1560,Coracina novaehollandiae_Black-faced Cuckooshrike,taxon,Coracina novaehollandiae,Black-faced Cuckooshrike,2486761,birdnet,SPECIES,species,EXACT
1561,Coracina papuensis_White-bellied Cuckooshrike,taxon,Coracina papuensis,White-bellied Cuckooshrike,2486777,birdnet,SPECIES,species,EXACT
1562,Coracina pectoralis_White-breasted Cuckooshrike,taxon,Coracina pectoralis,White-breasted Cuckooshrike,2486795,birdnet,SPECIES,species,EXACT
1563,Coracina striata_Bar-bellied Cuckooshrike,taxon,Coracina striata,Bar-bellied Cuckooshrike,2486751,birdnet,SPECIES,species,EXACT
1564,Coracopsis nigra_Lesser Vasa Parrot,taxon,Coracopsis nigra,Lesser Vasa Parrot,2479301,birdnet,SPECIES,species,EXACT
1565,Coracopsis vasa_Greater Vasa Parrot,taxon,Coracopsis vasa,Greater Vasa Parrot,2479297,birdnet,SPECIES,species,EXACT
1566,Coragyps atratus_Black Vulture,taxon,Coragyps atratus,Black Vulture,2481942,birdnet,SPECIES,species,EXACT
1567,Corapipo altera_White-ruffed Manakin,taxon,Corapipo altera,White-ruffed Manakin,2487779,birdnet,SPECIES,species,EXACT
1568,Corapipo gutturalis_White-throated Manakin,taxon,Corapipo gutturalis,White-throated Manakin,2487778,birdnet,SPECIES,species,EXACT
1569,Corcorax melanorhamphos_White-winged Chough,taxon,Corcorax melanoramphos,White-winged Chough,5845081,birdnet,SPECIES,species,VARIANT
1570,Cormobates leucophaea_White-throated Treecreeper,taxon,Cormobates leucophaea,White-throated Treecreeper,2494108,birdnet,SPECIES,species,EXACT
1571,Cormobates placens_Papuan Treecreeper,taxon,Cormobates placens,Papuan Treecreeper,2494115,birdnet,SPECIES,species,EXACT
1572,Corthylio calendula_Ruby-crowned Kinglet,taxon,Corthylio calendula,Ruby-crowned Kinglet,11261360,birdnet,SPECIES,species,EXACT
1573,Corvus albicollis_White-necked Raven,taxon,Corvus albicollis,White-necked Raven,2482478,birdnet,SPECIES,species,EXACT
1574,Corvus albus_Pied Crow,taxon,Corvus albus,Pied Crow,2482519,birdnet,SPECIES,species,EXACT
1575,Corvus brachyrhynchos_American Crow,taxon,Corvus brachyrhynchos,American Crow,2482507,birdnet,SPECIES,species,EXACT
1576,Corvus capensis_Cape Crow,taxon,Corvus capensis,Cape Crow,2482521,birdnet,SPECIES,species,EXACT
1577,Corvus corax_Common Raven,taxon,Corvus corax,Common Raven,2482492,birdnet,SPECIES,species,EXACT
1578,Corvus cornix_Hooded Crow,taxon,Corvus cornix,Hooded Crow,2482515,birdnet,SPECIES,species,EXACT
1579,Corvus corone_Carrion Crow,taxon,Corvus corone,Carrion Crow,9409796,birdnet,SPECIES,species,EXACT
1580,Corvus coronoides_Australian Raven,taxon,Corvus coronoides,Australian Raven,2482524,birdnet,SPECIES,species,EXACT
1581,Corvus cryptoleucus_Chihuahuan Raven,taxon,Corvus cryptoleucus,Chihuahuan Raven,2482500,birdnet,SPECIES,species,EXACT
1582,Corvus dauuricus_Daurian Jackdaw,taxon,Corvus dauuricus,Daurian Jackdaw,2482483,birdnet,SPECIES,species,EXACT
1583,Corvus enca_Slender-billed Crow,taxon,Corvus enca,Slender-billed Crow,2482470,birdnet,SPECIES,species,EXACT
1584,Corvus florensis_Flores Crow,taxon,Corvus florensis,Flores Crow,2482505,birdnet,SPECIES,species,EXACT
1585,Corvus frugilegus_Rook,taxon,Corvus frugilegus,Rook,2482513,birdnet,SPECIES,species,EXACT
1586,Corvus hawaiiensis_Hawaiian Crow,taxon,Corvus hawaiiensis,Hawaiian Crow,2482517,birdnet,SPECIES,species,EXACT
1587,Corvus imparatus_Tamaulipas Crow,taxon,Corvus imparatus,Tamaulipas Crow,2482471,birdnet,SPECIES,species,EXACT
1588,Corvus jamaicensis_Jamaican Crow,taxon,Corvus jamaicensis,Jamaican Crow,2482472,birdnet,SPECIES,species,EXACT
1589,Corvus leucognaphalus_White-necked Crow,taxon,Corvus leucognaphalus,White-necked Crow,2482486,birdnet,SPECIES,species,EXACT
1590,Corvus macrorhynchos_Large-billed Crow,taxon,Corvus macrorhynchos,Large-billed Crow,2482487,birdnet,SPECIES,species,EXACT
1591,Corvus mellori_Little Raven,taxon,Corvus mellori,Little Raven,2482490,birdnet,SPECIES,species,EXACT
1592,Corvus monedula_Eurasian Jackdaw,taxon,Corvus monedula,Eurasian Jackdaw,2482473,birdnet,SPECIES,species,EXACT
1593,Corvus nasicus_Cuban Crow,taxon,Corvus nasicus,Cuban Crow,2482518,birdnet,SPECIES,species,EXACT
1594,Corvus orru_Torresian Crow,taxon,Corvus orru,Torresian Crow,2482491,birdnet,SPECIES,species,EXACT
1595,Corvus ossifragus_Fish Crow,taxon,Corvus ossifragus,Fish Crow,2482481,birdnet,SPECIES,species,EXACT
1596,Corvus palmarum_Palm Crow,taxon,Corvus palmarum,Palm Crow,2482477,birdnet,SPECIES,species,EXACT
1597,Corvus rhipidurus_Fan-tailed Raven,taxon,Corvus rhipidurus,Fan-tailed Raven,2482497,birdnet,SPECIES,species,EXACT
1598,Corvus ruficollis_Brown-necked Raven,taxon,Corvus ruficollis,Brown-necked Raven,2482479,birdnet,SPECIES,species,EXACT
1599,Corvus sinaloae_Sinaloa Crow,taxon,Corvus sinaloae,Sinaloa Crow,2482520,birdnet,SPECIES,species,EXACT
1600,Corvus splendens_House Crow,taxon,Corvus splendens,House Crow,2482499,birdnet,SPECIES,species,EXACT
1601,Corvus tasmanicus_Forest Raven,taxon,Corvus tasmanicus,Forest Raven,2482522,birdnet,SPECIES,species,EXACT
1602,Corvus tristis_Gray Crow,taxon,Corvus tristis,Gray Crow,2482482,birdnet,SPECIES,species,EXACT
1603,Corvus typicus_Piping Crow,taxon,Corvus typicus,Piping Crow,2482488,birdnet,SPECIES,species,EXACT
1604,Corvus validus_Long-billed Crow,taxon,Corvus validus,Long-billed Crow,2482504,birdnet,SPECIES,species,EXACT
1605,Corydon sumatranus_Dusky Broadbill,taxon,Corydon sumatranus,Dusky Broadbill,5229948,birdnet,SPECIES,species,EXACT
1606,Coryphaspiza melanotis_Black-masked Finch,taxon,Coryphaspiza melanotis,Black-masked Finch,2491076,birdnet,SPECIES,species,EXACT
1607,Coryphistera alaudina_Lark-like Brushrunner,taxon,Coryphistera alaudina,Lark-like Brushrunner,2485606,birdnet,SPECIES,species,EXACT
1608,Coryphospingus cucullatus_Red-crested Finch,taxon,Coryphospingus cucullatus,Red-crested Finch,2491984,birdnet,SPECIES,species,EXACT
1609,Coryphospingus pileatus_Pileated Finch,taxon,Coryphospingus pileatus,Pileated Finch,2491988,birdnet,SPECIES,species,EXACT
1610,Corythaeola cristata_Great Blue Turaco,taxon,Corythaeola cristata,Great Blue Turaco,2475223,birdnet,SPECIES,species,EXACT
1611,Corythaixoides concolor_Gray Go-away-bird,taxon,Corythaixoides concolor,Gray Go-away-bird,2475259,birdnet,SPECIES,species,EXACT
1612,Corythaixoides leucogaster_White-bellied Go-away-bird,taxon,Corythaixoides leucogaster,White-bellied Go-away-bird,2475264,birdnet,SPECIES,species,EXACT
1613,Corythopis delalandi_Southern Antpipit,taxon,Corythopis delalandi,Southern Antpipit,2484068,birdnet,SPECIES,species,EXACT
1614,Corythopis torquatus_Ringed Antpipit,taxon,Corythopis torquatus,Ringed Antpipit,2484069,birdnet,SPECIES,species,EXACT
1615,Corythornis cristatus_Malachite Kingfisher,taxon,Corythornis cristatus,Malachite Kingfisher,6095338,birdnet,SPECIES,species,EXACT
1616,Coscoroba coscoroba_Coscoroba Swan,taxon,Coscoroba coscoroba,Coscoroba Swan,2498288,birdnet,SPECIES,species,EXACT
1617,Cossypha albicapillus_White-crowned Robin-Chat,taxon,Cossypha albicapillus,White-crowned Robin-Chat,5845292,birdnet,SPECIES,species,EXACT
1618,Cossypha anomala_Olive-flanked Robin-Chat,taxon,Cossypha anomala,Olive-flanked Robin-Chat,2492586,birdnet,SPECIES,species,EXACT
1619,Cossypha archeri_Archer's Robin-Chat,taxon,Cossypha archeri,Archer's Robin-Chat,2492591,birdnet,SPECIES,species,EXACT
1620,Cossypha caffra_Cape Robin-Chat,taxon,Cossypha caffra,Cape Robin-Chat,2492582,birdnet,SPECIES,species,EXACT
1621,Cossypha cyanocampter_Blue-shouldered Robin-Chat,taxon,Cossypha cyanocampter,Blue-shouldered Robin-Chat,2492587,birdnet,SPECIES,species,EXACT
1622,Cossypha dichroa_Chorister Robin-Chat,taxon,Cossypha dichroa,Chorister Robin-Chat,2492583,birdnet,SPECIES,species,EXACT
1623,Cossypha heuglini_White-browed Robin-Chat,taxon,Cossypha heuglini,White-browed Robin-Chat,2492592,birdnet,SPECIES,species,EXACT
1624,Cossypha humeralis_White-throated Robin-Chat,taxon,Cossypha humeralis,White-throated Robin-Chat,2492584,birdnet,SPECIES,species,EXACT
1625,Cossypha natalensis_Red-capped Robin-Chat,taxon,Cossypha natalensis,Red-capped Robin-Chat,2492593,birdnet,SPECIES,species,EXACT
1626,Cossypha niveicapilla_Snowy-crowned Robin-Chat,taxon,Cossypha niveicapilla,Snowy-crowned Robin-Chat,2492590,birdnet,SPECIES,species,EXACT
1627,Cossypha polioptera_Gray-winged Robin-Chat,taxon,Cossypha polioptera,Gray-winged Robin-Chat,2492594,birdnet,SPECIES,species,EXACT
1628,Cossypha semirufa_Rüppell's Robin-Chat,taxon,Cossypha semirufa,Rüppell's Robin-Chat,2492595,birdnet,SPECIES,species,EXACT
1629,Coturnicops noveboracensis_Yellow Rail,taxon,Coturnicops noveboracensis,Yellow Rail,5228183,birdnet,SPECIES,species,EXACT
1630,Coturnix coromandelica_Rain Quail,taxon,Coturnix coromandelica,Rain Quail,2474163,birdnet,SPECIES,species,EXACT
1631,Coturnix coturnix_Common Quail,taxon,Coturnix coturnix,Common Quail,2474156,birdnet,SPECIES,species,EXACT
1632,Coturnix delegorguei_Harlequin Quail,taxon,Coturnix delegorguei,Harlequin Quail,2474141,birdnet,SPECIES,species,EXACT
1633,Coturnix japonica_Japanese Quail,taxon,Coturnix japonica,Japanese Quail,2474162,birdnet,SPECIES,species,EXACT
1634,Coturnix pectoralis_Stubble Quail,taxon,Coturnix pectoralis,Stubble Quail,2474127,birdnet,SPECIES,species,EXACT
1635,Coua caerulea_Blue Coua,taxon,Coua caerulea,Blue Coua,2496419,birdnet,SPECIES,species,EXACT
1636,Coua coquereli_Coquerel's Coua,taxon,Coua coquereli,Coquerel's Coua,2496417,birdnet,SPECIES,species,EXACT
1637,Coua cristata_Crested Coua,taxon,Coua cristata,Crested Coua,2496411,birdnet,SPECIES,species,EXACT
1638,Coua gigas_Giant Coua,taxon,Coua gigas,Giant Coua,2496424,birdnet,SPECIES,species,EXACT
1639,Coua reynaudii_Red-fronted Coua,taxon,Coua reynaudii,Red-fronted Coua,2496416,birdnet,SPECIES,species,EXACT
1640,Coua ruficeps_Red-capped Coua,taxon,Coua ruficeps,Red-capped Coua,2496420,birdnet,SPECIES,species,EXACT
1641,Coua serriana_Red-breasted Coua,taxon,Coua serriana,Red-breasted Coua,2496423,birdnet,SPECIES,species,EXACT
1642,Cracticus cassicus_Hooded Butcherbird,taxon,Cracticus cassicus,Hooded Butcherbird,2489444,birdnet,SPECIES,species,EXACT
1643,Cracticus nigrogularis_Pied Butcherbird,taxon,Cracticus nigrogularis,Pied Butcherbird,2489439,birdnet,SPECIES,species,EXACT
1644,Cracticus quoyi_Black Butcherbird,taxon,Cracticus quoyi,Black Butcherbird,2489442,birdnet,SPECIES,species,EXACT
1645,Cracticus torquatus_Gray Butcherbird,taxon,Cracticus torquatus,Gray Butcherbird,2489440,birdnet,SPECIES,species,EXACT
1646,Cranioleuca albicapilla_Creamy-crested Spinetail,taxon,Cranioleuca albicapilla,Creamy-crested Spinetail,2485316,birdnet,SPECIES,species,EXACT
1647,Cranioleuca albiceps_Light-crowned Spinetail,taxon,Cranioleuca albiceps,Light-crowned Spinetail,2485330,birdnet,SPECIES,species,EXACT
1648,Cranioleuca antisiensis_Line-cheeked Spinetail,taxon,Cranioleuca antisiensis,Line-cheeked Spinetail,2485299,birdnet,SPECIES,species,EXACT
1649,Cranioleuca curtata_Ash-browed Spinetail,taxon,Cranioleuca curtata,Ash-browed Spinetail,2485319,birdnet,SPECIES,species,EXACT
1650,Cranioleuca demissa_Tepui Spinetail,taxon,Cranioleuca demissa,Tepui Spinetail,2485333,birdnet,SPECIES,species,EXACT
1651,Cranioleuca erythrops_Red-faced Spinetail,taxon,Cranioleuca erythrops,Red-faced Spinetail,2485336,birdnet,SPECIES,species,EXACT
1652,Cranioleuca gutturata_Speckled Spinetail,taxon,Cranioleuca gutturata,Speckled Spinetail,2485302,birdnet,SPECIES,species,EXACT
1653,Cranioleuca hellmayri_Streak-capped Spinetail,taxon,Cranioleuca hellmayri,Streak-capped Spinetail,2485323,birdnet,SPECIES,species,EXACT
1654,Cranioleuca marcapatae_Marcapata Spinetail,taxon,Cranioleuca marcapatae,Marcapata Spinetail,2485303,birdnet,SPECIES,species,EXACT
1655,Cranioleuca obsoleta_Olive Spinetail,taxon,Cranioleuca obsoleta,Olive Spinetail,2485306,birdnet,SPECIES,species,EXACT
1656,Cranioleuca pallida_Pallid Spinetail,taxon,Cranioleuca pallida,Pallid Spinetail,2485325,birdnet,SPECIES,species,EXACT
1657,Cranioleuca pyrrhophia_Stripe-crowned Spinetail,taxon,Cranioleuca pyrrhophia,Stripe-crowned Spinetail,2485307,birdnet,SPECIES,species,EXACT
1658,Cranioleuca semicinerea_Gray-headed Spinetail,taxon,Cranioleuca semicinerea,Gray-headed Spinetail,2485326,birdnet,SPECIES,species,EXACT
1659,Cranioleuca subcristata_Crested Spinetail,taxon,Cranioleuca subcristata,Crested Spinetail,2485288,birdnet,SPECIES,species,EXACT
1660,Cranioleuca vulpecula_Parker's Spinetail,taxon,Cranioleuca vulpecula,Parker's Spinetail,2485329,birdnet,SPECIES,species,EXACT
1661,Cranioleuca vulpina_Rusty-backed Spinetail,taxon,Cranioleuca vulpina,Rusty-backed Spinetail,2485291,birdnet,SPECIES,species,EXACT
1662,Crateroscelis murina_Rusty Mouse-Warbler,taxon,Crateroscelis murina,Rusty Mouse-Warbler,2486616,birdnet,SPECIES,species,EXACT
1663,Crateroscelis robusta_Mountain Mouse-Warbler,taxon,Crateroscelis robusta,Mountain Mouse-Warbler,2486617,birdnet,SPECIES,species,EXACT
1664,Crax alberti_Blue-billed Curassow,taxon,Crax alberti,Blue-billed Curassow,2482178,birdnet,SPECIES,species,EXACT
1665,Crax alector_Black Curassow,taxon,Crax alector,Black Curassow,2482173,birdnet,SPECIES,species,EXACT
1666,Crax fasciolata_Bare-faced Curassow,taxon,Crax fasciolata,Bare-faced Curassow,2482174,birdnet,SPECIES,species,EXACT
1667,Crax rubra_Great Curassow,taxon,Crax rubra,Great Curassow,2482168,birdnet,SPECIES,species,EXACT
1668,Creagrus furcatus_Swallow-tailed Gull,taxon,Creagrus furcatus,Swallow-tailed Gull,2481225,birdnet,SPECIES,species,EXACT
1669,Creatophora cinerea_Wattled Starling,taxon,Creatophora cinerea,Wattled Starling,2489016,birdnet,SPECIES,species,EXACT
1670,Crex crex_Corn Crake,taxon,Crex crex,Corn Crake,4408498,birdnet,SPECIES,species,EXACT
1671,Crinifer piscator_Western Plantain-eater,taxon,Crinifer piscator,Western Plantain-eater,2475211,birdnet,SPECIES,species,EXACT
1672,Criniger barbatus_Western Bearded-Greenbul,taxon,Criniger barbatus,Western Bearded-Greenbul,5230286,birdnet,SPECIES,species,EXACT
1673,Criniger calurus_Red-tailed Greenbul,taxon,Criniger calurus,Red-tailed Greenbul,5230289,birdnet,SPECIES,species,EXACT
1674,Criniger chloronotus_Eastern Bearded-Greenbul,taxon,Criniger chloronotus,Eastern Bearded-Greenbul,5230287,birdnet,SPECIES,species,EXACT
1675,Crithagra albogularis_White-throated Canary,taxon,Crithagra albogularis,White-throated Canary,6100985,birdnet,SPECIES,species,EXACT
1676,Crithagra atrogularis_Black-throated Canary,taxon,Crithagra atrogularis,Black-throated Canary,6100979,birdnet,SPECIES,species,EXACT
1677,Crithagra buchanani_Southern Grosbeak-Canary,taxon,Crithagra buchanani,Southern Grosbeak-Canary,6101009,birdnet,SPECIES,species,EXACT
1678,Crithagra dorsostriata_White-bellied Canary,taxon,Crithagra dorsostriata,White-bellied Canary,6100984,birdnet,SPECIES,species,EXACT
1679,Crithagra flaviventris_Yellow Canary,taxon,Crithagra flaviventris,Yellow Canary,6100997,birdnet,SPECIES,species,EXACT
1680,Crithagra gularis_Streaky-headed Seedeater,taxon,Crithagra gularis,Streaky-headed Seedeater,6100998,birdnet,SPECIES,species,EXACT
1681,Crithagra hyposticta_Southern Citril,taxon,Crithagra hyposticta,Southern Citril,6100999,birdnet,SPECIES,species,EXACT
1682,Crithagra menachensis_Yemen Serin,taxon,Crithagra menachensis,Yemen Serin,6100978,birdnet,SPECIES,species,EXACT
1683,Crithagra mozambica_Yellow-fronted Canary,taxon,Crithagra mozambica,Yellow-fronted Canary,6100996,birdnet,SPECIES,species,EXACT
1684,Crithagra reichenowi_Reichenow's Seedeater,taxon,Crithagra reichenowi,Reichenow's Seedeater,6100992,birdnet,SPECIES,species,EXACT
1685,Crithagra scotops_Forest Canary,taxon,Crithagra scotops,Forest Canary,6101001,birdnet,SPECIES,species,EXACT
1686,Crithagra striolata_Streaky Seedeater,taxon,Crithagra striolata,Streaky Seedeater,6101002,birdnet,SPECIES,species,EXACT
1687,Crithagra sulphurata_Brimstone Canary,taxon,Crithagra sulphurata,Brimstone Canary,6100973,birdnet,SPECIES,species,EXACT
1688,Crossleyia xanthophrys_Yellow-browed Oxylabes,taxon,Crossleyia xanthophrys,Yellow-browed Oxylabes,2493291,birdnet,SPECIES,species,EXACT
1689,Crotophaga ani_Smooth-billed Ani,taxon,Crotophaga ani,Smooth-billed Ani,2496209,birdnet,SPECIES,species,EXACT
1690,Crotophaga major_Greater Ani,taxon,Crotophaga major,Greater Ani,2496210,birdnet,SPECIES,species,EXACT
1691,Crotophaga sulcirostris_Groove-billed Ani,taxon,Crotophaga sulcirostris,Groove-billed Ani,2496211,birdnet,SPECIES,species,EXACT
1692,Crypsirina temia_Racket-tailed Treepie,taxon,Crypsirina temia,Racket-tailed Treepie,2482611,birdnet,SPECIES,species,EXACT
1693,Cryptillas victorini_Victorin's Warbler,taxon,Cryptillas victorini,Victorin's Warbler,6093047,birdnet,SPECIES,species,EXACT
1694,Cryptoleucopteryx plumbea_Plumbeous Hawk,taxon,Cryptoleucopteryx plumbea,Plumbeous Hawk,7506330,birdnet,SPECIES,species,EXACT
1695,Cryptopezus nattereri_Speckle-breasted Antpitta,taxon,Cryptopezus nattereri,Speckle-breasted Antpitta,11304686,birdnet,SPECIES,species,EXACT
1696,Cryptopipo holochlora_Green Manakin,taxon,Cryptopipo holochlora,Green Manakin,7467919,birdnet,SPECIES,species,EXACT
1697,Cryptospiza reichenovii_Red-faced Crimsonwing,taxon,Cryptospiza reichenovii,Red-faced Crimsonwing,2493691,birdnet,SPECIES,species,EXACT
1698,Cryptosylvicola randrianasoloi_Cryptic Warbler,taxon,Cryptosylvicola randrianasoloi,Cryptic Warbler,2493161,birdnet,SPECIES,species,EXACT
1699,Crypturellus atrocapillus_Black-capped Tinamou,taxon,Crypturellus atrocapillus,Black-capped Tinamou,2477529,birdnet,SPECIES,species,EXACT
1700,Crypturellus bartletti_Bartlett's Tinamou,taxon,Crypturellus bartletti,Bartlett's Tinamou,2477556,birdnet,SPECIES,species,EXACT
1701,Crypturellus boucardi_Slaty-breasted Tinamou,taxon,Crypturellus boucardi,Slaty-breasted Tinamou,2477567,birdnet,SPECIES,species,EXACT
1702,Crypturellus cinereus_Cinereous Tinamou,taxon,Crypturellus cinereus,Cinereous Tinamou,2477533,birdnet,SPECIES,species,EXACT
1703,Crypturellus cinnamomeus_Thicket Tinamou,taxon,Crypturellus cinnamomeus,Thicket Tinamou,2477493,birdnet,SPECIES,species,EXACT
1704,Crypturellus duidae_Gray-legged Tinamou,taxon,Crypturellus duidae,Gray-legged Tinamou,2477534,birdnet,SPECIES,species,EXACT
1705,Crypturellus erythropus_Red-legged Tinamou,taxon,Crypturellus erythropus,Red-legged Tinamou,2477546,birdnet,SPECIES,species,EXACT
1706,Crypturellus noctivagus_Yellow-legged Tinamou,taxon,Crypturellus noctivagus,Yellow-legged Tinamou,2477503,birdnet,SPECIES,species,EXACT
1707,Crypturellus obsoletus_Brown Tinamou,taxon,Crypturellus obsoletus,Brown Tinamou,2477535,birdnet,SPECIES,species,EXACT
1708,Crypturellus parvirostris_Small-billed Tinamou,taxon,Crypturellus parvirostris,Small-billed Tinamou,2477558,birdnet,SPECIES,species,EXACT
1709,Crypturellus soui_Little Tinamou,taxon,Crypturellus soui,Little Tinamou,2477507,birdnet,SPECIES,species,EXACT
1710,Crypturellus strigulosus_Brazilian Tinamou,taxon,Crypturellus strigulosus,Brazilian Tinamou,2477559,birdnet,SPECIES,species,EXACT
1711,Crypturellus tataupa_Tataupa Tinamou,taxon,Crypturellus tataupa,Tataupa Tinamou,2477522,birdnet,SPECIES,species,EXACT
1712,Crypturellus transfasciatus_Pale-browed Tinamou,taxon,Crypturellus transfasciatus,Pale-browed Tinamou,2477545,birdnet,SPECIES,species,EXACT
1713,Crypturellus undulatus_Undulated Tinamou,taxon,Crypturellus undulatus,Undulated Tinamou,2477560,birdnet,SPECIES,species,EXACT
1714,Crypturellus variegatus_Variegated Tinamou,taxon,Crypturellus variegatus,Variegated Tinamou,2477527,birdnet,SPECIES,species,EXACT
1715,Cuculus canorus_Common Cuckoo,taxon,Cuculus canorus,Common Cuckoo,5231918,birdnet,SPECIES,species,EXACT
1716,Cuculus clamosus_Black Cuckoo,taxon,Cuculus clamosus,Black Cuckoo,5231913,birdnet,SPECIES,species,EXACT
1717,Cuculus gularis_African Cuckoo,taxon,Cuculus gularis,African Cuckoo,5231916,birdnet,SPECIES,species,EXACT
1718,Cuculus lepidus_Sunda Cuckoo,taxon,Cuculus lepidus,Sunda Cuckoo,5231924,birdnet,SPECIES,species,EXACT
1719,Cuculus micropterus_Indian Cuckoo,taxon,Cuculus micropterus,Indian Cuckoo,5231904,birdnet,SPECIES,species,EXACT
1720,Cuculus optatus_Oriental Cuckoo,taxon,Cuculus optatus,Oriental Cuckoo,5231898,birdnet,SPECIES,species,EXACT
1721,Cuculus poliocephalus_Lesser Cuckoo,taxon,Cuculus poliocephalus,Lesser Cuckoo,5231927,birdnet,SPECIES,species,EXACT
1722,Cuculus rochii_Madagascar Cuckoo,taxon,Cuculus rochii,Madagascar Cuckoo,5231907,birdnet,SPECIES,species,EXACT
1723,Cuculus saturatus_Himalayan Cuckoo,taxon,Cuculus saturatus,Himalayan Cuckoo,9548093,birdnet,SPECIES,species,EXACT
1724,Cuculus solitarius_Red-chested Cuckoo,taxon,Cuculus solitarius,Red-chested Cuckoo,5231903,birdnet,SPECIES,species,EXACT
1725,Culicicapa ceylonensis_Gray-headed Canary-Flycatcher,taxon,Culicicapa ceylonensis,Gray-headed Canary-Flycatcher,2492634,birdnet,SPECIES,species,EXACT
1726,Culicicapa helianthea_Citrine Canary-Flycatcher,taxon,Culicicapa helianthea,Citrine Canary-Flycatcher,2492635,birdnet,SPECIES,species,EXACT
1727,Culicivora caudacuta_Sharp-tailed Tyrant,taxon,Culicivora caudacuta,Sharp-tailed Tyrant,2482675,birdnet,SPECIES,species,EXACT
1728,Curaeus curaeus_Austral Blackbird,taxon,Curaeus curaeus,Austral Blackbird,2484424,birdnet,SPECIES,species,EXACT
1729,Curruca boehmi_Banded Parisoma,taxon,Curruca boehmi,Banded Parisoma,10903789,birdnet,SPECIES,species,EXACT
1730,Curruca communis_Greater Whitethroat,taxon,Curruca communis,Greater Whitethroat,10507373,birdnet,SPECIES,species,EXACT
1731,Curruca conspicillata_Spectacled Warbler,taxon,Curruca conspicillata,Spectacled Warbler,9868071,birdnet,SPECIES,species,EXACT
1732,Curruca crassirostris_Eastern Orphean Warbler,taxon,Curruca crassirostris,Eastern Orphean Warbler,11098086,birdnet,SPECIES,species,EXACT
1733,Curruca curruca_Lesser Whitethroat,taxon,Curruca curruca,Lesser Whitethroat,11034996,birdnet,SPECIES,species,EXACT
1734,Curruca hortensis_Western Orphean Warbler,taxon,Curruca hortensis,Western Orphean Warbler,10630343,birdnet,SPECIES,species,EXACT
1735,Curruca iberiae_Western Subalpine Warbler,taxon,Curruca iberiae,Western Subalpine Warbler,10700636,birdnet,SPECIES,species,EXACT
1736,Curruca melanocephala_Sardinian Warbler,taxon,Curruca melanocephala,Sardinian Warbler,9990095,birdnet,SPECIES,species,EXACT
1737,Curruca nisoria_Barred Warbler,taxon,Curruca nisoria,Barred Warbler,10983621,birdnet,SPECIES,species,EXACT
1738,Curruca subcoerulea_Chestnut-vented Warbler,taxon,Curruca subcoerulea,Chestnut-vented Warbler,10702658,birdnet,SPECIES,species,EXACT
1739,Curruca undata_Dartford Warbler,taxon,Curruca undata,Dartford Warbler,10355796,birdnet,SPECIES,species,EXACT
1740,Cutia legalleni_Vietnamese Cutia,taxon,Cutia legalleni,Vietnamese Cutia,7340448,birdnet,SPECIES,species,EXACT
1741,Cutia nipalensis_Himalayan Cutia,taxon,Cutia nipalensis,Himalayan Cutia,5231396,birdnet,SPECIES,species,EXACT
1742,Cyanerpes caeruleus_Purple Honeycreeper,taxon,Cyanerpes caeruleus,Purple Honeycreeper,2488903,birdnet,SPECIES,species,EXACT
1743,Cyanerpes cyaneus_Red-legged Honeycreeper,taxon,Cyanerpes cyaneus,Red-legged Honeycreeper,2488890,birdnet,SPECIES,species,EXACT
1744,Cyanicterus cyanicterus_Blue-backed Tanager,taxon,Cyanicterus cyanicterus,Blue-backed Tanager,2488340,birdnet,SPECIES,species,EXACT
1745,Cyanistes caeruleus_Eurasian Blue Tit,taxon,Cyanistes caeruleus,Eurasian Blue Tit,2487879,birdnet,SPECIES,species,EXACT
1746,Cyanistes cyanus_Azure Tit,taxon,Cyanistes cyanus,Azure Tit,2487877,birdnet,SPECIES,species,EXACT
1747,Cyanistes teneriffae_African Blue Tit,taxon,Cyanistes teneriffae,African Blue Tit,7341849,birdnet,SPECIES,species,EXACT
1748,Cyanocitta cristata_Blue Jay,taxon,Cyanocitta cristata,Blue Jay,2482593,birdnet,SPECIES,species,EXACT
1749,Cyanocitta stelleri_Steller's Jay,taxon,Cyanocitta stelleri,Steller's Jay,2482598,birdnet,SPECIES,species,EXACT
1750,Cyanocompsa parellina_Blue Bunting,taxon,Cyanocompsa parellina,Blue Bunting,2490365,birdnet,SPECIES,species,EXACT
1751,Cyanocorax affinis_Black-chested Jay,taxon,Cyanocorax affinis,Black-chested Jay,2482559,birdnet,SPECIES,species,EXACT
1752,Cyanocorax beecheii_Purplish-backed Jay,taxon,Cyanocorax beecheii,Purplish-backed Jay,2482570,birdnet,SPECIES,species,EXACT
1753,Cyanocorax caeruleus_Azure Jay,taxon,Cyanocorax caeruleus,Azure Jay,2482560,birdnet,SPECIES,species,EXACT
1754,Cyanocorax cayanus_Cayenne Jay,taxon,Cyanocorax cayanus,Cayenne Jay,2482571,birdnet,SPECIES,species,EXACT
1755,Cyanocorax chrysops_Plush-crested Jay,taxon,Cyanocorax chrysops,Plush-crested Jay,2482575,birdnet,SPECIES,species,EXACT
1756,Cyanocorax cristatellus_Curl-crested Jay,taxon,Cyanocorax cristatellus,Curl-crested Jay,2482561,birdnet,SPECIES,species,EXACT
1757,Cyanocorax cyanomelas_Purplish Jay,taxon,Cyanocorax cyanomelas,Purplish Jay,2482572,birdnet,SPECIES,species,EXACT
1758,Cyanocorax cyanopogon_White-naped Jay,taxon,Cyanocorax cyanopogon,White-naped Jay,2482576,birdnet,SPECIES,species,EXACT
1759,Cyanocorax dickeyi_Tufted Jay,taxon,Cyanocorax dickeyi,Tufted Jay,2482562,birdnet,SPECIES,species,EXACT
1760,Cyanocorax melanocyaneus_Bushy-crested Jay,taxon,Cyanocorax melanocyaneus,Bushy-crested Jay,2482577,birdnet,SPECIES,species,EXACT
1761,Cyanocorax mystacalis_White-tailed Jay,taxon,Cyanocorax mystacalis,White-tailed Jay,2482563,birdnet,SPECIES,species,EXACT
1762,Cyanocorax sanblasianus_San Blas Jay,taxon,Cyanocorax sanblasianus,San Blas Jay,2482578,birdnet,SPECIES,species,EXACT
1763,Cyanocorax violaceus_Violaceous Jay,taxon,Cyanocorax violaceus,Violaceous Jay,2482564,birdnet,SPECIES,species,EXACT
1764,Cyanocorax yncas_Green Jay,taxon,Cyanocorax yncas,Green Jay,2482565,birdnet,SPECIES,species,EXACT
1765,Cyanocorax yucatanicus_Yucatan Jay,taxon,Cyanocorax yucatanicus,Yucatan Jay,2482574,birdnet,SPECIES,species,EXACT
1766,Cyanoderma ambiguum_Buff-chested Babbler,taxon,Cyanoderma ambiguum,Buff-chested Babbler,7506618,birdnet,SPECIES,species,EXACT
1767,Cyanoderma chrysaeum_Golden Babbler,taxon,Cyanoderma chrysaeum,Golden Babbler,8324497,birdnet,SPECIES,species,EXACT
1768,Cyanoderma erythropterum_Chestnut-winged Babbler,taxon,Cyanoderma erythropterum,Chestnut-winged Babbler,7951961,birdnet,SPECIES,species,EXACT
1769,Cyanoderma melanothorax_Crescent-chested Babbler,taxon,Cyanoderma melanothorax,Crescent-chested Babbler,8290497,birdnet,SPECIES,species,EXACT
1770,Cyanoderma pyrrhops_Black-chinned Babbler,taxon,Cyanoderma pyrrhops,Black-chinned Babbler,8164297,birdnet,SPECIES,species,EXACT
1771,Cyanoderma ruficeps_Rufous-capped Babbler,taxon,Cyanoderma ruficeps,Rufous-capped Babbler,7349322,birdnet,SPECIES,species,EXACT
1772,Cyanoderma rufifrons_Rufous-fronted Babbler,taxon,Cyanoderma rufifrons,Rufous-fronted Babbler,8182183,birdnet,SPECIES,species,EXACT
1773,Cyanolanius madagascarinus_Blue Vanga,taxon,Cyanolanius madagascarinus,Blue Vanga,2495111,birdnet,SPECIES,species,EXACT
1774,Cyanoliseus patagonus_Burrowing Parakeet,taxon,Cyanoliseus patagonus,Burrowing Parakeet,2479529,birdnet,SPECIES,species,EXACT
1775,Cyanoloxia brissonii_Ultramarine Grosbeak,taxon,Cyanoloxia brissonii,Ultramarine Grosbeak,9555348,birdnet,SPECIES,species,EXACT
1776,Cyanoloxia cyanoides_Blue-black Grosbeak,taxon,Cyanoloxia cyanoides,Blue-black Grosbeak,9332343,birdnet,SPECIES,species,EXACT
1777,Cyanoloxia glaucocaerulea_Glaucous-blue Grosbeak,taxon,Cyanoloxia glaucocaerulea,Glaucous-blue Grosbeak,2490382,birdnet,SPECIES,species,EXACT
1778,Cyanoloxia rothschildii_Amazonian Grosbeak,taxon,Cyanoloxia rothschildii,Amazonian Grosbeak,9419574,birdnet,SPECIES,species,EXACT
1779,Cyanolyca armillata_Black-collared Jay,taxon,Cyanolyca armillata,Black-collared Jay,2482544,birdnet,SPECIES,species,EXACT
1780,Cyanolyca cucullata_Azure-hooded Jay,taxon,Cyanolyca cucullata,Azure-hooded Jay,2482550,birdnet,SPECIES,species,EXACT
1781,Cyanolyca mirabilis_White-throated Jay,taxon,Cyanolyca mirabilis,White-throated Jay,2482547,birdnet,SPECIES,species,EXACT
1782,Cyanolyca nanus_Dwarf Jay,taxon,Cyanolyca nanus,Dwarf Jay,2482543,birdnet,SPECIES,species,EXACT
1783,Cyanolyca pulchra_Beautiful Jay,taxon,Cyanolyca pulchra,Beautiful Jay,2482546,birdnet,SPECIES,species,EXACT
1784,Cyanolyca pumilo_Black-throated Jay,taxon,Cyanolyca pumilo,Black-throated Jay,2482542,birdnet,SPECIES,species,EXACT
1785,Cyanolyca turcosa_Turquoise Jay,taxon,Cyanolyca turcosa,Turquoise Jay,2482549,birdnet,SPECIES,species,EXACT
1786,Cyanolyca viridicyanus_White-collared Jay,taxon,Cyanolyca viridicyanus,White-collared Jay,7342105,birdnet,SPECIES,species,EXACT
1787,Cyanomitra cyanolaema_Blue-throated Brown Sunbird,taxon,Cyanomitra cyanolaema,Blue-throated Brown Sunbird,7340949,birdnet,SPECIES,species,EXACT
1788,Cyanomitra olivacea_Olive Sunbird,taxon,Cyanomitra olivacea,Olive Sunbird,6088979,birdnet,SPECIES,species,EXACT
1789,Cyanomitra veroxii_Mouse-colored Sunbird,taxon,Cyanomitra veroxii,Mouse-colored Sunbird,6088910,birdnet,SPECIES,species,EXACT
1790,Cyanomitra verticalis_Green-headed Sunbird,taxon,Cyanomitra verticalis,Green-headed Sunbird,7340957,birdnet,SPECIES,species,EXACT
1791,Cyanopica cooki_Iberian Magpie,taxon,Cyanopica cooki,Iberian Magpie,5844936,birdnet,SPECIES,species,EXACT
1792,Cyanopica cyanus_Azure-winged Magpie,taxon,Cyanopica cyanus,Azure-winged Magpie,7341881,birdnet,SPECIES,species,EXACT
1793,Cyanoptila cumatilis_Zappey's Flycatcher,taxon,Cyanoptila cumatilis,Zappey's Flycatcher,7810001,birdnet,SPECIES,species,EXACT
1794,Cyanoptila cyanomelana_Blue-and-white Flycatcher,taxon,Cyanoptila cyanomelana,Blue-and-white Flycatcher,2492391,birdnet,SPECIES,species,EXACT
1795,Cyanoramphus novaezelandiae_Red-crowned Parakeet,taxon,Cyanoramphus novaezelandiae,Red-crowned Parakeet,5229110,birdnet,SPECIES,species,EXACT
1796,Cyclarhis gujanensis_Rufous-browed Peppershrike,taxon,Cyclarhis gujanensis,Rufous-browed Peppershrike,2487404,birdnet,SPECIES,species,EXACT
1797,Cyclarhis nigrirostris_Black-billed Peppershrike,taxon,Cyclarhis nigrirostris,Black-billed Peppershrike,2487405,birdnet,SPECIES,species,EXACT
1798,Cygnus atratus_Black Swan,taxon,Cygnus atratus,Black Swan,2498344,birdnet,SPECIES,species,EXACT
1799,Cygnus buccinator_Trumpeter Swan,taxon,Cygnus buccinator,Trumpeter Swan,2498345,birdnet,SPECIES,species,EXACT
1800,Cygnus columbianus_Tundra Swan,taxon,Cygnus columbianus,Tundra Swan,2498338,birdnet,SPECIES,species,EXACT
1801,Cygnus cygnus_Whooper Swan,taxon,Cygnus cygnus,Whooper Swan,2498347,birdnet,SPECIES,species,EXACT
1802,Cygnus melancoryphus_Black-necked Swan,taxon,Cygnus melancoryphus,Black-necked Swan,2498335,birdnet,SPECIES,species,EXACT
1803,Cygnus olor_Mute Swan,taxon,Cygnus olor,Mute Swan,2498343,birdnet,SPECIES,species,EXACT
1804,Cymbilaimus lineatus_Fasciated Antshrike,taxon,Cymbilaimus lineatus,Fasciated Antshrike,2490079,birdnet,SPECIES,species,EXACT
1805,Cymbilaimus sanctaemariae_Bamboo Antshrike,taxon,Cymbilaimus sanctaemariae,Bamboo Antshrike,2490078,birdnet,SPECIES,species,EXACT
1806,Cymbirhynchus macrorhynchos_Black-and-red Broadbill,taxon,Cymbirhynchus macrorhynchos,Black-and-red Broadbill,2484543,birdnet,SPECIES,species,EXACT
1807,Cynanthus latirostris_Broad-billed Hummingbird,taxon,Cynanthus latirostris,Broad-billed Hummingbird,5228542,birdnet,SPECIES,species,EXACT
1808,Cyornis caerulatus_Sunda Blue Flycatcher,taxon,Cyornis caerulatus,Sunda Blue Flycatcher,2492437,birdnet,SPECIES,species,EXACT
1809,Cyornis concretus_White-tailed Flycatcher,taxon,Cyornis concretus,White-tailed Flycatcher,2492424,birdnet,SPECIES,species,EXACT
1810,Cyornis glaucicomans_Chinese Blue Flycatcher,taxon,Cyornis glaucicomans,Chinese Blue Flycatcher,6100838,birdnet,SPECIES,species,EXACT
1811,Cyornis hainanus_Hainan Blue Flycatcher,taxon,Cyornis hainanus,Hainan Blue Flycatcher,2492431,birdnet,SPECIES,species,EXACT
1812,Cyornis hoevelli_Blue-fronted Flycatcher,taxon,Cyornis hoevelli,Blue-fronted Flycatcher,2492425,birdnet,SPECIES,species,EXACT
1813,Cyornis olivaceus_Fulvous-chested Jungle-Flycatcher,taxon,Cyornis olivaceus,Fulvous-chested Jungle-Flycatcher,7341619,birdnet,SPECIES,species,EXACT
1814,Cyornis omissus_Sulawesi Blue Flycatcher,taxon,Cyornis omissus,Sulawesi Blue Flycatcher,2492433,birdnet,SPECIES,species,EXACT
1815,Cyornis pallidipes_White-bellied Blue Flycatcher,taxon,Cyornis pallidipes,White-bellied Blue Flycatcher,9758793,birdnet,SPECIES,species,EXACT
1816,Cyornis poliogenys_Pale-chinned Blue Flycatcher,taxon,Cyornis poliogenys,Pale-chinned Blue Flycatcher,2492426,birdnet,SPECIES,species,EXACT
1817,Cyornis rubeculoides_Blue-throated Flycatcher,taxon,Cyornis rubeculoides,Blue-throated Flycatcher,2492434,birdnet,SPECIES,species,EXACT
1818,Cyornis rufigastra_Mangrove Blue Flycatcher,taxon,Cyornis rufigastra,Mangrove Blue Flycatcher,7341635,birdnet,SPECIES,species,EXACT
1819,Cyornis sumatrensis_Indochinese Blue Flycatcher,taxon,Cyornis sumatrensis,Indochinese Blue Flycatcher,10913296,birdnet,SPECIES,species,EXACT
1820,Cyornis superbus_Bornean Blue Flycatcher,taxon,Cyornis superbus,Bornean Blue Flycatcher,2492442,birdnet,SPECIES,species,EXACT
1821,Cyornis tickelliae_Tickell's Blue Flycatcher,taxon,Cyornis tickelliae,Tickell's Blue Flycatcher,2492428,birdnet,SPECIES,species,EXACT
1822,Cyornis turcosus_Malaysian Blue Flycatcher,taxon,Cyornis turcosus,Malaysian Blue Flycatcher,2492436,birdnet,SPECIES,species,EXACT
1823,Cyornis umbratilis_Gray-chested Jungle-Flycatcher,taxon,Cyornis umbratilis,Gray-chested Jungle-Flycatcher,6091986,birdnet,SPECIES,species,EXACT
1824,Cyornis unicolor_Pale Blue Flycatcher,taxon,Cyornis unicolor,Pale Blue Flycatcher,2492429,birdnet,SPECIES,species,EXACT
1825,Cyornis whitei_Hill Blue Flycatcher,taxon,Cyornis whitei,Hill Blue Flycatcher,9018625,birdnet,SPECIES,species,EXACT
1826,Cyphorhinus arada_Musician Wren,taxon,Cyphorhinus arada,Musician Wren,7340634,birdnet,SPECIES,species,EXACT
1827,Cyphorhinus phaeocephalus_Song Wren,taxon,Cyphorhinus phaeocephalus,Song Wren,5231435,birdnet,SPECIES,species,EXACT
1828,Cyphorhinus thoracicus_Chestnut-breasted Wren,taxon,Cyphorhinus thoracicus,Chestnut-breasted Wren,5231434,birdnet,SPECIES,species,EXACT
1829,Cypseloides niger_Black Swift,taxon,Cypseloides niger,Black Swift,2477282,birdnet,SPECIES,species,EXACT
1830,Cypsiurus balasiensis_Asian Palm-Swift,taxon,Cypsiurus balasiensis,Asian Palm-Swift,2477102,birdnet,SPECIES,species,EXACT
1831,Cypsiurus parvus_African Palm-Swift,taxon,Cypsiurus parvus,African Palm-Swift,2477093,birdnet,SPECIES,species,EXACT
1832,Cypsnagra hirundinacea_White-rumped Tanager,taxon,Cypsnagra hirundinacea,White-rumped Tanager,2488541,birdnet,SPECIES,species,EXACT
1833,Cyrtonyx montezumae_Montezuma Quail,taxon,Cyrtonyx montezumae,Montezuma Quail,2474264,birdnet,SPECIES,species,EXACT
1834,Cyrtonyx ocellatus_Ocellated Quail,taxon,Cyrtonyx ocellatus,Ocellated Quail,2474263,birdnet,SPECIES,species,EXACT
1835,Cyrtoxipha columbiana_Columbian Trig,taxon,Cyrtoxipha columbiana,Columbian Trig,5100045,birdnet,SPECIES,species,EXACT
1836,Dacelo gaudichaud_Rufous-bellied Kookaburra,taxon,Dacelo gaudichaud,Rufous-bellied Kookaburra,2475647,birdnet,SPECIES,species,EXACT
1837,Dacelo leachii_Blue-winged Kookaburra,taxon,Dacelo leachii,Blue-winged Kookaburra,2475654,birdnet,SPECIES,species,EXACT
1838,Dacelo novaeguineae_Laughing Kookaburra,taxon,Dacelo novaeguineae,Laughing Kookaburra,2475648,birdnet,SPECIES,species,EXACT
1839,Dacnis cayana_Blue Dacnis,taxon,Dacnis cayana,Blue Dacnis,2488352,birdnet,SPECIES,species,EXACT
1840,Dacnis flaviventer_Yellow-bellied Dacnis,taxon,Dacnis flaviventer,Yellow-bellied Dacnis,2488370,birdnet,SPECIES,species,EXACT
1841,Dacnis lineata_Black-faced Dacnis,taxon,Dacnis lineata,Black-faced Dacnis,2488364,birdnet,SPECIES,species,EXACT
1842,Dacnis venusta_Scarlet-thighed Dacnis,taxon,Dacnis venusta,Scarlet-thighed Dacnis,2488361,birdnet,SPECIES,species,EXACT
1843,Dactylortyx thoracicus_Singing Quail,taxon,Dactylortyx thoracicus,Singing Quail,2474238,birdnet,SPECIES,species,EXACT
1844,Daphoenositta chrysoptera_Varied Sittella,taxon,Daphoenositta chrysoptera,Varied Sittella,2487489,birdnet,SPECIES,species,EXACT
1845,Daption capense_Cape Petrel,taxon,Daption capense,Cape Petrel,2481545,birdnet,SPECIES,species,EXACT
1846,Daptrius ater_Black Caracara,taxon,Daptrius ater,Black Caracara,2481073,birdnet,SPECIES,species,EXACT
1847,Dasylophus cumingi_Scale-feathered Malkoha,taxon,Dasylophus cumingi,Scale-feathered Malkoha,6100752,birdnet,SPECIES,species,EXACT
1848,Dasyornis brachypterus_Eastern Bristlebird,taxon,Dasyornis brachypterus,Eastern Bristlebird,5230413,birdnet,SPECIES,species,EXACT
1849,Dasyornis broadbenti_Rufous Bristlebird,taxon,Dasyornis broadbenti,Rufous Bristlebird,5230415,birdnet,SPECIES,species,EXACT
1850,Dasyornis longirostris_Western Bristlebird,taxon,Dasyornis longirostris,Western Bristlebird,5230414,birdnet,SPECIES,species,EXACT
1851,Deconychura longicauda_Long-tailed Woodcreeper,taxon,Deconychura longicauda,Long-tailed Woodcreeper,2485200,birdnet,SPECIES,species,EXACT
1852,Delichon dasypus_Asian House-Martin,taxon,Delichon dasypus,Asian House-Martin,2489220,birdnet,SPECIES,species,EXACT
1853,Delichon urbicum_Common House-Martin,taxon,Delichon urbicum,Common House-Martin,2489214,birdnet,SPECIES,species,EXACT
1854,Dendragapus fuliginosus_Sooty Grouse,taxon,Dendragapus fuliginosus,Sooty Grouse,7340146,birdnet,SPECIES,species,EXACT
1855,Dendragapus obscurus_Dusky Grouse,taxon,Dendragapus obscurus,Dusky Grouse,9428437,birdnet,SPECIES,species,EXACT
1856,Dendrexetastes rufigula_Cinnamon-throated Woodcreeper,taxon,Dendrexetastes rufigula,Cinnamon-throated Woodcreeper,2484920,birdnet,SPECIES,species,EXACT
1857,Dendrocincla anabatina_Tawny-winged Woodcreeper,taxon,Dendrocincla anabatina,Tawny-winged Woodcreeper,2485973,birdnet,SPECIES,species,EXACT
1858,Dendrocincla fuliginosa_Plain-brown Woodcreeper,taxon,Dendrocincla fuliginosa,Plain-brown Woodcreeper,2485950,birdnet,SPECIES,species,EXACT
1859,Dendrocincla homochroa_Ruddy Woodcreeper,taxon,Dendrocincla homochroa,Ruddy Woodcreeper,2485979,birdnet,SPECIES,species,EXACT
1860,Dendrocincla merula_White-chinned Woodcreeper,taxon,Dendrocincla merula,White-chinned Woodcreeper,2485965,birdnet,SPECIES,species,EXACT
1861,Dendrocincla turdina_Plain-winged Woodcreeper,taxon,Dendrocincla turdina,Plain-winged Woodcreeper,2485961,birdnet,SPECIES,species,EXACT
1862,Dendrocincla tyrannina_Tyrannine Woodcreeper,taxon,Dendrocincla tyrannina,Tyrannine Woodcreeper,2485976,birdnet,SPECIES,species,EXACT
1863,Dendrocitta cinerascens_Bornean Treepie,taxon,Dendrocitta cinerascens,Bornean Treepie,6092817,birdnet,SPECIES,species,EXACT
1864,Dendrocitta formosae_Gray Treepie,taxon,Dendrocitta formosae,Gray Treepie,2482454,birdnet,SPECIES,species,EXACT
1865,Dendrocitta leucogastra_White-bellied Treepie,taxon,Dendrocitta leucogastra,White-bellied Treepie,2482455,birdnet,SPECIES,species,EXACT
1866,Dendrocitta vagabunda_Rufous Treepie,taxon,Dendrocitta vagabunda,Rufous Treepie,2482451,birdnet,SPECIES,species,EXACT
1867,Dendrocolaptes certhia_Amazonian Barred-Woodcreeper,taxon,Dendrocolaptes certhia,Amazonian Barred-Woodcreeper,2485789,birdnet,SPECIES,species,EXACT
1868,Dendrocolaptes picumnus_Black-banded Woodcreeper,taxon,Dendrocolaptes picumnus,Black-banded Woodcreeper,9680445,birdnet,SPECIES,species,EXACT
1869,Dendrocolaptes platyrostris_Planalto Woodcreeper,taxon,Dendrocolaptes platyrostris,Planalto Woodcreeper,2485785,birdnet,SPECIES,species,EXACT
1870,Dendrocolaptes sanctithomae_Northern Barred-Woodcreeper,taxon,Dendrocolaptes sanctithomae,Northern Barred-Woodcreeper,2485796,birdnet,SPECIES,species,EXACT
1871,Dendrocopos analis_Freckle-breasted Woodpecker,taxon,Dendrocopos analis,Freckle-breasted Woodpecker,6101207,birdnet,SPECIES,species,EXACT
1872,Dendrocopos darjellensis_Darjeeling Woodpecker,taxon,Dendrocopos darjellensis,Darjeeling Woodpecker,2477965,birdnet,SPECIES,species,EXACT
1873,Dendrocopos himalayensis_Himalayan Woodpecker,taxon,Dendrocopos himalayensis,Himalayan Woodpecker,2477993,birdnet,SPECIES,species,EXACT
1874,Dendrocopos hyperythrus_Rufous-bellied Woodpecker,taxon,Dendrocopos hyperythrus,Rufous-bellied Woodpecker,2478150,birdnet,SPECIES,species,EXACT
1875,Dendrocopos leucopterus_White-winged Woodpecker,taxon,Dendrocopos leucopterus,White-winged Woodpecker,2478035,birdnet,SPECIES,species,EXACT
1876,Dendrocopos leucotos_White-backed Woodpecker,taxon,Dendrocopos leucotos,White-backed Woodpecker,2477927,birdnet,SPECIES,species,EXACT
1877,Dendrocopos macei_Fulvous-breasted Woodpecker,taxon,Dendrocopos macei,Fulvous-breasted Woodpecker,2477911,birdnet,SPECIES,species,EXACT
1878,Dendrocopos major_Great Spotted Woodpecker,taxon,Dendrocopos major,Great Spotted Woodpecker,2477968,birdnet,SPECIES,species,EXACT
1879,Dendrocopos syriacus_Syrian Woodpecker,taxon,Dendrocopos syriacus,Syrian Woodpecker,2478031,birdnet,SPECIES,species,EXACT
1880,Dendrocoptes auriceps_Brown-fronted Woodpecker,taxon,Dendrocoptes auriceps,Brown-fronted Woodpecker,8916767,birdnet,SPECIES,species,EXACT
1881,Dendrocoptes medius_Middle Spotted Woodpecker,taxon,Dendrocoptes medius,Middle Spotted Woodpecker,8773033,birdnet,SPECIES,species,EXACT
1882,Dendrocygna arcuata_Wandering Whistling-Duck,taxon,Dendrocygna arcuata,Wandering Whistling-Duck,2498398,birdnet,SPECIES,species,EXACT
1883,Dendrocygna autumnalis_Black-bellied Whistling-Duck,taxon,Dendrocygna autumnalis,Black-bellied Whistling-Duck,2498393,birdnet,SPECIES,species,EXACT
1884,Dendrocygna bicolor_Fulvous Whistling-Duck,taxon,Dendrocygna bicolor,Fulvous Whistling-Duck,2498402,birdnet,SPECIES,species,EXACT
1885,Dendrocygna eytoni_Plumed Whistling-Duck,taxon,Dendrocygna eytoni,Plumed Whistling-Duck,2498405,birdnet,SPECIES,species,EXACT
1886,Dendrocygna javanica_Lesser Whistling-Duck,taxon,Dendrocygna javanica,Lesser Whistling-Duck,2498404,birdnet,SPECIES,species,EXACT
1887,Dendrocygna viduata_White-faced Whistling-Duck,taxon,Dendrocygna viduata,White-faced Whistling-Duck,2498396,birdnet,SPECIES,species,EXACT
1888,Dendroma erythroptera_Chestnut-winged Foliage-gleaner,taxon,Dendroma erythroptera,Chestnut-winged Foliage-gleaner,10952035,birdnet,SPECIES,species,EXACT
1889,Dendroma rufa_Buff-fronted Foliage-gleaner,taxon,Dendroma rufa,Buff-fronted Foliage-gleaner,10930571,birdnet,SPECIES,species,EXACT
1890,Dendronanthus indicus_Forest Wagtail,taxon,Dendronanthus indicus,Forest Wagtail,2490317,birdnet,SPECIES,species,EXACT
1891,Dendroplex picus_Straight-billed Woodcreeper,taxon,Dendroplex picus,Straight-billed Woodcreeper,7342224,birdnet,SPECIES,species,EXACT
1892,Dendrortyx barbatus_Bearded Wood-Partridge,taxon,Dendrortyx barbatus,Bearded Wood-Partridge,2474251,birdnet,SPECIES,species,EXACT
1893,Dendrortyx leucophrys_Buffy-crowned Wood-Partridge,taxon,Dendrortyx leucophrys,Buffy-crowned Wood-Partridge,2474259,birdnet,SPECIES,species,EXACT
1894,Dendrortyx macroura_Long-tailed Wood-Partridge,taxon,Dendrortyx macroura,Long-tailed Wood-Partridge,2474252,birdnet,SPECIES,species,EXACT
1895,Deroptyus accipitrinus_Red-fan Parrot,taxon,Deroptyus accipitrinus,Red-fan Parrot,2479535,birdnet,SPECIES,species,EXACT
1896,Dicaeum aeneum_Midget Flowerpecker,taxon,Dicaeum aeneum,Midget Flowerpecker,2484717,birdnet,SPECIES,species,EXACT
1897,Dicaeum agile_Thick-billed Flowerpecker,taxon,Dicaeum agile,Thick-billed Flowerpecker,2484691,birdnet,SPECIES,species,EXACT
1898,Dicaeum australe_Red-keeled Flowerpecker,taxon,Dicaeum australe,Red-keeled Flowerpecker,2484694,birdnet,SPECIES,species,EXACT
1899,Dicaeum chrysorrheum_Yellow-vented Flowerpecker,taxon,Dicaeum chrysorrheum,Yellow-vented Flowerpecker,2484696,birdnet,SPECIES,species,EXACT
1900,Dicaeum concolor_Nilgiri Flowerpecker,taxon,Dicaeum concolor,Nilgiri Flowerpecker,2484722,birdnet,SPECIES,species,EXACT
1901,Dicaeum cruentatum_Scarlet-backed Flowerpecker,taxon,Dicaeum cruentatum,Scarlet-backed Flowerpecker,2484710,birdnet,SPECIES,species,EXACT
1902,Dicaeum erythrorhynchos_Pale-billed Flowerpecker,taxon,Dicaeum erythrorhynchos,Pale-billed Flowerpecker,2484723,birdnet,SPECIES,species,EXACT
1903,Dicaeum hirundinaceum_Mistletoebird,taxon,Dicaeum hirundinaceum,Mistletoebird,2484700,birdnet,SPECIES,species,EXACT
1904,Dicaeum ignipectus_Fire-breasted Flowerpecker,taxon,Dicaeum ignipectus,Fire-breasted Flowerpecker,2484701,birdnet,SPECIES,species,EXACT
1905,Dicaeum minullum_Plain Flowerpecker,taxon,Dicaeum minullum,Plain Flowerpecker,7341207,birdnet,SPECIES,species,EXACT
1906,Dicaeum pygmaeum_Pygmy Flowerpecker,taxon,Dicaeum pygmaeum,Pygmy Flowerpecker,2484721,birdnet,SPECIES,species,EXACT
1907,Dicaeum trigonostigma_Orange-bellied Flowerpecker,taxon,Dicaeum trigonostigma,Orange-bellied Flowerpecker,2484724,birdnet,SPECIES,species,EXACT
1908,Dicaeum tristrami_Mottled Flowerpecker,taxon,Dicaeum tristrami,Mottled Flowerpecker,2484713,birdnet,SPECIES,species,EXACT
1909,Dichrozona cincta_Banded Antbird,taxon,Dichrozona cincta,Banded Antbird,2490236,birdnet,SPECIES,species,EXACT
1910,Dicrurus adsimilis_Fork-tailed Drongo,taxon,Dicrurus adsimilis,Fork-tailed Drongo,2493963,birdnet,SPECIES,species,EXACT
1911,Dicrurus aeneus_Bronzed Drongo,taxon,Dicrurus aeneus,Bronzed Drongo,2493971,birdnet,SPECIES,species,EXACT
1912,Dicrurus andamanensis_Andaman Drongo,taxon,Dicrurus andamanensis,Andaman Drongo,2493972,birdnet,SPECIES,species,EXACT
1913,Dicrurus annectens_Crow-billed Drongo,taxon,Dicrurus annectens,Crow-billed Drongo,9715040,birdnet,SPECIES,species,EXACT
1914,Dicrurus atripennis_Shining Drongo,taxon,Dicrurus atripennis,Shining Drongo,2493973,birdnet,SPECIES,species,EXACT
1915,Dicrurus balicassius_Balicassiao,taxon,Dicrurus balicassius,Balicassiao,2493980,birdnet,SPECIES,species,EXACT
1916,Dicrurus bracteatus_Spangled Drongo,taxon,Dicrurus bracteatus,Spangled Drongo,2493965,birdnet,SPECIES,species,EXACT
1917,Dicrurus caerulescens_White-bellied Drongo,taxon,Dicrurus caerulescens,White-bellied Drongo,2493974,birdnet,SPECIES,species,EXACT
1918,Dicrurus divaricatus_Glossy-backed Drongo,unresolved,Dicrurus divaricatus,Glossy-backed Drongo,,birdnet,,unresolved,NONE
1919,Dicrurus forficatus_Crested Drongo,taxon,Dicrurus forficatus,Crested Drongo,2493966,birdnet,SPECIES,species,EXACT
1920,Dicrurus hottentottus_Hair-crested Drongo,taxon,Dicrurus hottentottus,Hair-crested Drongo,2493967,birdnet,SPECIES,species,EXACT
1921,Dicrurus leucophaeus_Ashy Drongo,taxon,Dicrurus leucophaeus,Ashy Drongo,9600020,birdnet,SPECIES,species,EXACT
1922,Dicrurus ludwigii_Common Square-tailed Drongo,taxon,Dicrurus ludwigii,Common Square-tailed Drongo,2493983,birdnet,SPECIES,species,EXACT
1923,Dicrurus macrocercus_Black Drongo,taxon,Dicrurus macrocercus,Black Drongo,2493970,birdnet,SPECIES,species,EXACT
1924,Dicrurus montanus_Sulawesi Drongo,taxon,Dicrurus montanus,Sulawesi Drongo,2493961,birdnet,SPECIES,species,EXACT
1925,Dicrurus paradiseus_Greater Racket-tailed Drongo,taxon,Dicrurus paradiseus,Greater Racket-tailed Drongo,2493969,birdnet,SPECIES,species,EXACT
1926,Dicrurus remifer_Lesser Racket-tailed Drongo,taxon,Dicrurus remifer,Lesser Racket-tailed Drongo,2493977,birdnet,SPECIES,species,EXACT
1927,Diglossa albilatera_White-sided Flowerpiercer,taxon,Diglossa albilatera,White-sided Flowerpiercer,5230649,birdnet,SPECIES,species,EXACT
1928,Diglossa baritula_Cinnamon-bellied Flowerpiercer,taxon,Diglossa baritula,Cinnamon-bellied Flowerpiercer,5230661,birdnet,SPECIES,species,EXACT
1929,Diglossa brunneiventris_Black-throated Flowerpiercer,taxon,Diglossa brunneiventris,Black-throated Flowerpiercer,5230673,birdnet,SPECIES,species,EXACT
1930,Diglossa caerulescens_Bluish Flowerpiercer,taxon,Diglossa caerulescens,Bluish Flowerpiercer,7342083,birdnet,SPECIES,species,EXACT
1931,Diglossa cyanea_Masked Flowerpiercer,taxon,Diglossa cyanea,Masked Flowerpiercer,7342077,birdnet,SPECIES,species,EXACT
1932,Diglossa glauca_Deep-blue Flowerpiercer,taxon,Diglossa glauca,Deep-blue Flowerpiercer,7342093,birdnet,SPECIES,species,EXACT
1933,Diglossa gloriosissima_Chestnut-bellied Flowerpiercer,taxon,Diglossa gloriosissima,Chestnut-bellied Flowerpiercer,5230666,birdnet,SPECIES,species,EXACT
1934,Diglossa humeralis_Black Flowerpiercer,taxon,Diglossa humeralis,Black Flowerpiercer,5230680,birdnet,SPECIES,species,EXACT
1935,Diglossa indigotica_Indigo Flowerpiercer,taxon,Diglossa indigotica,Indigo Flowerpiercer,5788714,birdnet,SPECIES,species,EXACT
1936,Diglossa lafresnayii_Glossy Flowerpiercer,taxon,Diglossa lafresnayii,Glossy Flowerpiercer,5230669,birdnet,SPECIES,species,EXACT
1937,Diglossa mystacalis_Moustached Flowerpiercer,taxon,Diglossa mystacalis,Moustached Flowerpiercer,5230655,birdnet,SPECIES,species,EXACT
1938,Diglossa plumbea_Slaty Flowerpiercer,taxon,Diglossa plumbea,Slaty Flowerpiercer,5230670,birdnet,SPECIES,species,EXACT
1939,Diglossa sittoides_Rusty Flowerpiercer,taxon,Diglossa sittoides,Rusty Flowerpiercer,5230689,birdnet,SPECIES,species,EXACT
1940,Dinemellia dinemelli_White-headed Buffalo-Weaver,taxon,Dinemellia dinemelli,White-headed Buffalo-Weaver,2493991,birdnet,SPECIES,species,EXACT
1941,Dinopium benghalense_Black-rumped Flameback,taxon,Dinopium benghalense,Black-rumped Flameback,5228816,birdnet,SPECIES,species,EXACT
1942,Dinopium javanense_Common Flameback,taxon,Dinopium javanense,Common Flameback,5228803,birdnet,SPECIES,species,EXACT
1943,Dinopium rafflesii_Olive-backed Woodpecker,taxon,Dinopium rafflesii,Olive-backed Woodpecker,5228810,birdnet,SPECIES,species,EXACT
1944,Diomedea exulans_Wandering Albatross,taxon,Diomedea exulans,Wandering Albatross,5229302,birdnet,SPECIES,species,EXACT
1945,Diopsittaca nobilis_Red-shouldered Macaw,taxon,Diopsittaca nobilis,Red-shouldered Macaw,2479365,birdnet,SPECIES,species,EXACT
1946,Diuca diuca_Diuca Finch,taxon,Diuca diuca,Diuca Finch,2491645,birdnet,SPECIES,species,EXACT
1947,Dives dives_Melodious Blackbird,taxon,Dives dives,Melodious Blackbird,2484434,birdnet,SPECIES,species,EXACT
1948,Dives warczewiczi_Scrub Blackbird,taxon,Dives warczewiczi,Scrub Blackbird,6100778,birdnet,SPECIES,species,EXACT
1949,Dog_Dog,non_taxonomic,,Dog,,birdnet,,non_taxon,
1950,Dolichonyx oryzivorus_Bobolink,taxon,Dolichonyx oryzivorus,Bobolink,2484417,birdnet,SPECIES,species,EXACT
1951,Donacobius atricapilla_Black-capped Donacobius,taxon,Donacobius atricapilla,Black-capped Donacobius,2493895,birdnet,SPECIES,species,EXACT
1952,Donacospiza albifrons_Long-tailed Reed Finch,taxon,Donacospiza albifrons,Long-tailed Reed Finch,2491907,birdnet,SPECIES,species,EXACT
1953,Doryfera ludovicae_Green-fronted Lancebill,taxon,Doryfera ludovicae,Green-fronted Lancebill,2476971,birdnet,SPECIES,species,EXACT
1954,Drepanis coccinea_Iiwi,taxon,Drepanis coccinea,Iiwi,8070758,birdnet,SPECIES,species,EXACT
1955,Drepanornis albertisi_Black-billed Sicklebill,taxon,Drepanornis albertisi,Black-billed Sicklebill,5844986,birdnet,SPECIES,species,EXACT
1956,Dromas ardeola_Crab-Plover,taxon,Dromas ardeola,Crab-Plover,5229199,birdnet,SPECIES,species,EXACT
1957,Dromococcyx pavoninus_Pavonine Cuckoo,taxon,Dromococcyx pavoninus,Pavonine Cuckoo,2496516,birdnet,SPECIES,species,EXACT
1958,Dromococcyx phasianellus_Pheasant Cuckoo,taxon,Dromococcyx phasianellus,Pheasant Cuckoo,2496517,birdnet,SPECIES,species,EXACT
1959,Drymodes brunneopygia_Southern Scrub-Robin,taxon,Drymodes brunneopygia,Southern Scrub-Robin,2489278,birdnet,SPECIES,species,EXACT
1960,Drymophila caudata_East Andean Antbird,taxon,Drymophila caudata,East Andean Antbird,5230840,birdnet,SPECIES,species,EXACT
1961,Drymophila devillei_Striated Antbird,taxon,Drymophila devillei,Striated Antbird,5230838,birdnet,SPECIES,species,EXACT
1962,Drymophila ferruginea_Ferruginous Antbird,taxon,Drymophila ferruginea,Ferruginous Antbird,5230835,birdnet,SPECIES,species,EXACT
1963,Drymophila genei_Rufous-tailed Antbird,taxon,Drymophila genei,Rufous-tailed Antbird,5230839,birdnet,SPECIES,species,EXACT
1964,Drymophila hellmayri_Santa Marta Antbird,taxon,Drymophila hellmayri,Santa Marta Antbird,7421670,birdnet,SPECIES,species,EXACT
1965,Drymophila klagesi_Klages's Antbird,taxon,Drymophila klagesi,Klages's Antbird,8210181,birdnet,SPECIES,species,EXACT
1966,Drymophila malura_Dusky-tailed Antbird,taxon,Drymophila malura,Dusky-tailed Antbird,5230837,birdnet,SPECIES,species,EXACT
1967,Drymophila ochropyga_Ochre-rumped Antbird,taxon,Drymophila ochropyga,Ochre-rumped Antbird,5230834,birdnet,SPECIES,species,EXACT
1968,Drymophila rubricollis_Bertoni's Antbird,taxon,Drymophila rubricollis,Bertoni's Antbird,5230836,birdnet,SPECIES,species,EXACT
1969,Drymophila squamata_Scaled Antbird,taxon,Drymophila squamata,Scaled Antbird,5230833,birdnet,SPECIES,species,EXACT
1970,Drymophila striaticeps_Streak-headed Antbird,taxon,Drymophila striaticeps,Streak-headed Antbird,7493446,birdnet,SPECIES,species,EXACT
1971,Drymornis bridgesii_Scimitar-billed Woodcreeper,taxon,Drymornis bridgesii,Scimitar-billed Woodcreeper,2485996,birdnet,SPECIES,species,EXACT
1972,Dryobates affinis_Red-stained Woodpecker,taxon,Dryobates affinis,Red-stained Woodpecker,10705931,birdnet,SPECIES,species,EXACT
1973,Dryobates albolarvatus_White-headed Woodpecker,taxon,Dryobates albolarvatus,White-headed Woodpecker,10876512,birdnet,SPECIES,species,EXACT
1974,Dryobates arizonae_Arizona Woodpecker,taxon,Dryobates arizonae,Arizona Woodpecker,10814438,birdnet,SPECIES,species,EXACT
1975,Dryobates borealis_Red-cockaded Woodpecker,taxon,Dryobates borealis,Red-cockaded Woodpecker,10742338,birdnet,SPECIES,species,EXACT
1976,Dryobates callonotus_Scarlet-backed Woodpecker,taxon,Dryobates callonotus,Scarlet-backed Woodpecker,10680427,birdnet,SPECIES,species,EXACT
1977,Dryobates cassini_Golden-collared Woodpecker,taxon,Dryobates cassini,Golden-collared Woodpecker,10685208,birdnet,SPECIES,species,EXACT
1978,Dryobates cathpharius_Crimson-breasted Woodpecker,taxon,Dryobates cathpharius,Crimson-breasted Woodpecker,9090105,birdnet,SPECIES,species,EXACT
1979,Dryobates dignus_Yellow-vented Woodpecker,taxon,Dryobates dignus,Yellow-vented Woodpecker,10835052,birdnet,SPECIES,species,EXACT
1980,Dryobates frontalis_Dot-fronted Woodpecker,taxon,Dryobates frontalis,Dot-fronted Woodpecker,10855920,birdnet,SPECIES,species,EXACT
1981,Dryobates fumigatus_Smoky-brown Woodpecker,taxon,Dryobates fumigatus,Smoky-brown Woodpecker,10809442,birdnet,SPECIES,species,EXACT
1982,Dryobates kirkii_Red-rumped Woodpecker,taxon,Dryobates kirkii,Red-rumped Woodpecker,10860672,birdnet,SPECIES,species,EXACT
1983,Dryobates lignarius_Striped Woodpecker,taxon,Dryobates lignarius,Striped Woodpecker,10726524,birdnet,SPECIES,species,EXACT
1984,Dryobates maculifrons_Yellow-eared Woodpecker,taxon,Dryobates maculifrons,Yellow-eared Woodpecker,10747416,birdnet,SPECIES,species,EXACT
1985,Dryobates minor_Lesser Spotted Woodpecker,taxon,Dryobates minor,Lesser Spotted Woodpecker,9015784,birdnet,SPECIES,species,EXACT
1986,Dryobates mixtus_Checkered Woodpecker,taxon,Dryobates mixtus,Checkered Woodpecker,10897328,birdnet,SPECIES,species,EXACT
1987,Dryobates nigriceps_Bar-bellied Woodpecker,taxon,Dryobates nigriceps,Bar-bellied Woodpecker,10768037,birdnet,SPECIES,species,EXACT
1988,Dryobates nuttallii_Nuttall's Woodpecker,taxon,Dryobates nuttallii,Nuttall's Woodpecker,9088491,birdnet,SPECIES,species,EXACT
1989,Dryobates passerinus_Little Woodpecker,taxon,Dryobates passerinus,Little Woodpecker,10721806,birdnet,SPECIES,species,EXACT
1990,Dryobates pubescens_Downy Woodpecker,taxon,Dryobates pubescens,Downy Woodpecker,9149595,birdnet,SPECIES,species,EXACT
1991,Dryobates scalaris_Ladder-backed Woodpecker,taxon,Dryobates scalaris,Ladder-backed Woodpecker,8959883,birdnet,SPECIES,species,EXACT
1992,Dryobates spilogaster_White-spotted Woodpecker,taxon,Dryobates spilogaster,White-spotted Woodpecker,10788924,birdnet,SPECIES,species,EXACT
1993,Dryobates stricklandi_Strickland's Woodpecker,taxon,Dryobates stricklandi,Strickland's Woodpecker,10830367,birdnet,SPECIES,species,EXACT
1994,Dryobates villosus_Hairy Woodpecker,taxon,Dryobates villosus,Hairy Woodpecker,10211179,birdnet,SPECIES,species,EXACT
1995,Dryocopus javensis_White-bellied Woodpecker,taxon,Dryocopus javensis,White-bellied Woodpecker,5228839,birdnet,SPECIES,species,EXACT
1996,Dryocopus lineatus_Lineated Woodpecker,taxon,Dryocopus lineatus,Lineated Woodpecker,5228831,birdnet,SPECIES,species,EXACT
1997,Dryocopus martius_Black Woodpecker,taxon,Dryocopus martius,Black Woodpecker,2477872,birdnet,SPECIES,species,EXACT
1998,Dryocopus pileatus_Pileated Woodpecker,taxon,Dryocopus pileatus,Pileated Woodpecker,5228824,birdnet,SPECIES,species,EXACT
1999,Dryocopus schulzii_Black-bodied Woodpecker,taxon,Dryocopus schulzii,Black-bodied Woodpecker,5228823,birdnet,SPECIES,species,EXACT
2000,Dryolimnas cuvieri_White-throated Rail,taxon,Dryolimnas cuvieri,White-throated Rail,2474648,birdnet,SPECIES,species,EXACT
2001,Dryophytes andersonii_Pine Barrens Treefrog,taxon,Dryophytes andersonii,Pine Barrens Treefrog,10770209,birdnet,SPECIES,species,EXACT
2002,Dryophytes arenicolor_Canyon Treefrog,taxon,Dryophytes arenicolor,Canyon Treefrog,10894420,birdnet,SPECIES,species,EXACT
2003,Dryophytes avivoca_Bird-voiced Treefrog,taxon,Dryophytes avivoca,Bird-voiced Treefrog,10771002,birdnet,SPECIES,species,EXACT
2004,Dryophytes chrysoscelis_Cope's Gray Treefrog,taxon,Dryophytes chrysoscelis,Cope's Gray Treefrog,10863553,birdnet,SPECIES,species,EXACT
2005,Dryophytes cinereus_Green Treefrog,taxon,Dryophytes cinereus,Green Treefrog,10810025,birdnet,SPECIES,species,EXACT
2006,Dryophytes femoralis_Pine Woods Treefrog,taxon,Dryophytes femoralis,Pine Woods Treefrog,10782257,birdnet,SPECIES,species,EXACT
2007,Dryophytes gratiosus_Barking Treefrog,taxon,Dryophytes gratiosus,Barking Treefrog,10740745,birdnet,SPECIES,species,EXACT
2008,Dryophytes squirellus_Squirrel Treefrog,taxon,Dryophytes squirellus,Squirrel Treefrog,10843277,birdnet,SPECIES,species,EXACT
2009,Dryophytes versicolor_Gray Treefrog,taxon,Dryophytes versicolor,Gray Treefrog,10806364,birdnet,SPECIES,species,EXACT
2010,Dryoscopus cubla_Black-backed Puffback,taxon,Dryoscopus cubla,Black-backed Puffback,2484832,birdnet,SPECIES,species,EXACT
2011,Dryoscopus gambensis_Northern Puffback,taxon,Dryoscopus gambensis,Northern Puffback,2484830,birdnet,SPECIES,species,EXACT
2012,Dryotriorchis spectabilis_Congo Serpent-Eagle,taxon,Dryotriorchis spectabilis,Congo Serpent-Eagle,2480724,birdnet,SPECIES,species,EXACT
2013,Dubusia castaneoventris_Chestnut-bellied Mountain Tanager,taxon,Dubusia castaneoventris,Chestnut-bellied Mountain Tanager,7467332,birdnet,SPECIES,species,EXACT
2014,Dubusia taeniata_Buff-breasted Mountain Tanager,taxon,Dubusia taeniata,Buff-breasted Mountain Tanager,2488325,birdnet,SPECIES,species,EXACT
2015,Ducula aenea_Green Imperial-Pigeon,taxon,Ducula aenea,Green Imperial-Pigeon,2495934,birdnet,SPECIES,species,EXACT
2016,Ducula badia_Mountain Imperial-Pigeon,taxon,Ducula badia,Mountain Imperial-Pigeon,2495993,birdnet,SPECIES,species,EXACT
2017,Ducula basilica_Cinnamon-bellied Imperial-Pigeon,taxon,Ducula basilica,Cinnamon-bellied Imperial-Pigeon,2495951,birdnet,SPECIES,species,EXACT
2018,Ducula bicolor_Pied Imperial-Pigeon,taxon,Ducula bicolor,Pied Imperial-Pigeon,2496001,birdnet,SPECIES,species,EXACT
2019,Ducula concinna_Elegant Imperial-Pigeon,taxon,Ducula concinna,Elegant Imperial-Pigeon,2495986,birdnet,SPECIES,species,EXACT
2020,Ducula lacernulata_Dark-backed Imperial-Pigeon,taxon,Ducula lacernulata,Dark-backed Imperial-Pigeon,2496023,birdnet,SPECIES,species,EXACT
2021,Ducula latrans_Peale's Imperial-Pigeon,taxon,Ducula latrans,Peale's Imperial-Pigeon,2495988,birdnet,SPECIES,species,EXACT
2022,Ducula pacifica_Pacific Imperial-Pigeon,taxon,Ducula pacifica,Pacific Imperial-Pigeon,2495948,birdnet,SPECIES,species,EXACT
2023,Ducula perspicillata_Spectacled Imperial-Pigeon,taxon,Ducula perspicillata,Spectacled Imperial-Pigeon,2495998,birdnet,SPECIES,species,EXACT
2024,Ducula pinon_Pinon's Imperial-Pigeon,taxon,Ducula pinon,Pinon's Imperial-Pigeon,2495954,birdnet,SPECIES,species,EXACT
2025,Ducula pistrinaria_Island Imperial-Pigeon,taxon,Ducula pistrinaria,Island Imperial-Pigeon,2496009,birdnet,SPECIES,species,EXACT
2026,Ducula poliocephala_Pink-bellied Imperial-Pigeon,taxon,Ducula poliocephala,Pink-bellied Imperial-Pigeon,2495962,birdnet,SPECIES,species,EXACT
2027,Ducula rubricera_Red-knobbed Imperial-Pigeon,taxon,Ducula rubricera,Red-knobbed Imperial-Pigeon,2495983,birdnet,SPECIES,species,EXACT
2028,Ducula spilorrhoa_Torresian Imperial-Pigeon,taxon,Ducula spilorrhoa,Torresian Imperial-Pigeon,2496003,birdnet,SPECIES,species,EXACT
2029,Ducula zoeae_Zoe's Imperial-Pigeon,taxon,Ducula zoeae,Zoe's Imperial-Pigeon,2496022,birdnet,SPECIES,species,EXACT
2030,Dulus dominicus_Palmchat,taxon,Dulus dominicus,Palmchat,2489266,birdnet,SPECIES,species,EXACT
2031,Dumetella carolinensis_Gray Catbird,taxon,Dumetella carolinensis,Gray Catbird,2494936,birdnet,SPECIES,species,EXACT
2032,Dumetia atriceps_Dark-fronted Babbler,taxon,Dumetia atriceps,Dark-fronted Babbler,11046005,birdnet,SPECIES,species,EXACT
2033,Dumetia hyperythra_Tawny-bellied Babbler,taxon,Dumetia hyperythra,Tawny-bellied Babbler,2492921,birdnet,SPECIES,species,EXACT
2034,Dysithamnus leucostictus_White-streaked Antvireo,taxon,Dysithamnus leucostictus,White-streaked Antvireo,2490035,birdnet,SPECIES,species,EXACT
2035,Dysithamnus mentalis_Plain Antvireo,taxon,Dysithamnus mentalis,Plain Antvireo,2490033,birdnet,SPECIES,species,EXACT
2036,Dysithamnus occidentalis_Bicolored Antvireo,taxon,Dysithamnus occidentalis,Bicolored Antvireo,2490030,birdnet,SPECIES,species,EXACT
2037,Dysithamnus plumbeus_Plumbeous Antvireo,taxon,Dysithamnus plumbeus,Plumbeous Antvireo,2490032,birdnet,SPECIES,species,EXACT
2038,Dysithamnus puncticeps_Spot-crowned Antvireo,taxon,Dysithamnus puncticeps,Spot-crowned Antvireo,2490029,birdnet,SPECIES,species,EXACT
2039,Dysithamnus stictothorax_Spot-breasted Antvireo,taxon,Dysithamnus stictothorax,Spot-breasted Antvireo,2490028,birdnet,SPECIES,species,EXACT
2040,Dysithamnus striaticeps_Streak-crowned Antvireo,taxon,Dysithamnus striaticeps,Streak-crowned Antvireo,2490034,birdnet,SPECIES,species,EXACT
2041,Dysithamnus xanthopterus_Rufous-backed Antvireo,taxon,Dysithamnus xanthopterus,Rufous-backed Antvireo,2490031,birdnet,SPECIES,species,EXACT
2042,Eclectus roratus_Eclectus Parrot,taxon,Eclectus roratus,Eclectus Parrot,2480075,birdnet,SPECIES,species,EXACT
2043,Edolisoma montanum_Black-bellied Cicadabird,taxon,Edolisoma montanum,Black-bellied Cicadabird,8020313,birdnet,SPECIES,species,EXACT
2044,Edolisoma tenuirostre_Common Cicadabird,taxon,Edolisoma tenuirostre,Common Cicadabird,8187559,birdnet,SPECIES,species,EXACT
2045,Egretta caerulea_Little Blue Heron,taxon,Egretta caerulea,Little Blue Heron,2480894,birdnet,SPECIES,species,EXACT
2046,Egretta eulophotes_Chinese Egret,taxon,Egretta eulophotes,Chinese Egret,2480887,birdnet,SPECIES,species,EXACT
2047,Egretta garzetta_Little Egret,taxon,Egretta garzetta,Little Egret,2480876,birdnet,SPECIES,species,EXACT
2048,Egretta gularis_Western Reef-Heron,taxon,Egretta gularis,Western Reef-Heron,2480898,birdnet,SPECIES,species,EXACT
2049,Egretta novaehollandiae_White-faced Heron,taxon,Egretta novaehollandiae,White-faced Heron,2480897,birdnet,SPECIES,species,EXACT
2050,Egretta rufescens_Reddish Egret,taxon,Egretta rufescens,Reddish Egret,2480888,birdnet,SPECIES,species,EXACT
2051,Egretta sacra_Pacific Reef-Heron,taxon,Egretta sacra,Pacific Reef-Heron,2480899,birdnet,SPECIES,species,EXACT
2052,Egretta thula_Snowy Egret,taxon,Egretta thula,Snowy Egret,2480873,birdnet,SPECIES,species,EXACT
2053,Egretta tricolor_Tricolored Heron,taxon,Egretta tricolor,Tricolored Heron,2480881,birdnet,SPECIES,species,EXACT
2054,Elachura formosa_Spotted Elachura,taxon,Elachura formosa,Spotted Elachura,8045409,birdnet,SPECIES,species,EXACT
2055,Elaenia albiceps_White-crested Elaenia,taxon,Elaenia albiceps,White-crested Elaenia,5229651,birdnet,SPECIES,species,EXACT
2056,Elaenia brachyptera_Coopmans's Elaenia,taxon,Elaenia brachyptera,Coopmans's Elaenia,8921536,birdnet,SPECIES,species,EXACT
2057,Elaenia chiriquensis_Lesser Elaenia,taxon,Elaenia chiriquensis,Lesser Elaenia,5229615,birdnet,SPECIES,species,EXACT
2058,Elaenia cristata_Plain-crested Elaenia,taxon,Elaenia cristata,Plain-crested Elaenia,5229640,birdnet,SPECIES,species,EXACT
2059,Elaenia fallax_Greater Antillean Elaenia,taxon,Elaenia fallax,Greater Antillean Elaenia,5229619,birdnet,SPECIES,species,EXACT
2060,Elaenia flavogaster_Yellow-bellied Elaenia,taxon,Elaenia flavogaster,Yellow-bellied Elaenia,5229606,birdnet,SPECIES,species,EXACT
2061,Elaenia frantzii_Mountain Elaenia,taxon,Elaenia frantzii,Mountain Elaenia,5229622,birdnet,SPECIES,species,EXACT
2062,Elaenia gigas_Mottle-backed Elaenia,taxon,Elaenia gigas,Mottle-backed Elaenia,5229643,birdnet,SPECIES,species,EXACT
2063,Elaenia martinica_Caribbean Elaenia,taxon,Elaenia martinica,Caribbean Elaenia,5229632,birdnet,SPECIES,species,EXACT
2064,Elaenia mesoleuca_Olivaceous Elaenia,taxon,Elaenia mesoleuca,Olivaceous Elaenia,5229611,birdnet,SPECIES,species,EXACT
2065,Elaenia obscura_Highland Elaenia,taxon,Elaenia obscura,Highland Elaenia,5229627,birdnet,SPECIES,species,EXACT
2066,Elaenia olivina_Tepui Elaenia,taxon,Elaenia olivina,Tepui Elaenia,7394570,birdnet,SPECIES,species,EXACT
2067,Elaenia pallatangae_Sierran Elaenia,taxon,Elaenia pallatangae,Sierran Elaenia,9514023,birdnet,SPECIES,species,EXACT
2068,Elaenia parvirostris_Small-billed Elaenia,taxon,Elaenia parvirostris,Small-billed Elaenia,5229612,birdnet,SPECIES,species,EXACT
2069,Elaenia ruficeps_Rufous-crowned Elaenia,taxon,Elaenia ruficeps,Rufous-crowned Elaenia,5229650,birdnet,SPECIES,species,EXACT
2070,Elaenia sordida_Small-headed Elaenia,taxon,Elaenia sordida,Small-headed Elaenia,10702160,birdnet,SPECIES,species,EXACT
2071,Elaenia spectabilis_Large Elaenia,taxon,Elaenia spectabilis,Large Elaenia,5229614,birdnet,SPECIES,species,EXACT
2072,Elaenia strepera_Slaty Elaenia,taxon,Elaenia strepera,Slaty Elaenia,5229631,birdnet,SPECIES,species,EXACT
2073,Elanoides forficatus_Swallow-tailed Kite,taxon,Elanoides forficatus,Swallow-tailed Kite,2480461,birdnet,SPECIES,species,EXACT
2074,Elanus caeruleus_Black-winged Kite,taxon,Elanus caeruleus,Black-winged Kite,2480372,birdnet,SPECIES,species,EXACT
2075,Elanus leucurus_White-tailed Kite,taxon,Elanus leucurus,White-tailed Kite,2480367,birdnet,SPECIES,species,EXACT
2076,Electron carinatum_Keel-billed Motmot,taxon,Electron carinatum,Keel-billed Motmot,2475320,birdnet,SPECIES,species,EXACT
2077,Electron platyrhynchum_Broad-billed Motmot,taxon,Electron platyrhynchum,Broad-billed Motmot,2475321,birdnet,SPECIES,species,EXACT
2078,Eleoscytalopus indigoticus_White-breasted Tapaculo,taxon,Eleoscytalopus indigoticus,White-breasted Tapaculo,5789069,birdnet,SPECIES,species,EXACT
2079,Eleothreptus anomalus_Sickle-winged Nightjar,taxon,Eleothreptus anomalus,Sickle-winged Nightjar,5232073,birdnet,SPECIES,species,EXACT
2080,Eleutherodactylus planirostris_Greenhouse Frog,taxon,Eleutherodactylus planirostris,Greenhouse Frog,2424089,birdnet,SPECIES,species,EXACT
2081,Elliotomyia chionogaster_White-bellied Hummingbird,taxon,Elliotomyia chionogaster,White-bellied Hummingbird,10949096,birdnet,SPECIES,species,EXACT
2082,Elminia albonotata_White-tailed Crested-Flycatcher,taxon,Elminia albonotata,White-tailed Crested-Flycatcher,7342158,birdnet,SPECIES,species,EXACT
2083,Elminia longicauda_African Blue Flycatcher,taxon,Elminia longicauda,African Blue Flycatcher,2486690,birdnet,SPECIES,species,EXACT
2084,Elseyornis melanops_Black-fronted Dotterel,taxon,Elseyornis melanops,Black-fronted Dotterel,2480342,birdnet,SPECIES,species,EXACT
2085,Emarginata sinuata_Sickle-winged Chat,taxon,Emarginata sinuata,Sickle-winged Chat,6100844,birdnet,SPECIES,species,EXACT
2086,Emberiza aureola_Yellow-breasted Bunting,taxon,Emberiza aureola,Yellow-breasted Bunting,2491518,birdnet,SPECIES,species,EXACT
2087,Emberiza bruniceps_Red-headed Bunting,taxon,Emberiza bruniceps,Red-headed Bunting,2491521,birdnet,SPECIES,species,EXACT
2088,Emberiza buchanani_Gray-necked Bunting,taxon,Emberiza buchanani,Gray-necked Bunting,9566476,birdnet,SPECIES,species,EXACT
2089,Emberiza cabanisi_Cabanis's Bunting,taxon,Emberiza cabanisi,Cabanis's Bunting,2491526,birdnet,SPECIES,species,EXACT
2090,Emberiza caesia_Cretzschmar's Bunting,taxon,Emberiza caesia,Cretzschmar's Bunting,2491490,birdnet,SPECIES,species,EXACT
2091,Emberiza calandra_Corn Bunting,taxon,Emberiza calandra,Corn Bunting,7634625,birdnet,SPECIES,species,EXACT
2092,Emberiza capensis_Cape Bunting,taxon,Emberiza capensis,Cape Bunting,2491596,birdnet,SPECIES,species,EXACT
2093,Emberiza chrysophrys_Yellow-browed Bunting,taxon,Emberiza chrysophrys,Yellow-browed Bunting,2491530,birdnet,SPECIES,species,EXACT
2094,Emberiza cia_Rock Bunting,taxon,Emberiza cia,Rock Bunting,2491498,birdnet,SPECIES,species,EXACT
2095,Emberiza cineracea_Cinereous Bunting,taxon,Emberiza cineracea,Cinereous Bunting,2491469,birdnet,SPECIES,species,EXACT
2096,Emberiza cioides_Meadow Bunting,taxon,Emberiza cioides,Meadow Bunting,2491538,birdnet,SPECIES,species,EXACT
2097,Emberiza cirlus_Cirl Bunting,taxon,Emberiza cirlus,Cirl Bunting,7626513,birdnet,SPECIES,species,EXACT
2098,Emberiza citrinella_Yellowhammer,taxon,Emberiza citrinella,Yellowhammer,2491534,birdnet,SPECIES,species,EXACT
2099,Emberiza elegans_Yellow-throated Bunting,taxon,Emberiza elegans,Yellow-throated Bunting,2491475,birdnet,SPECIES,species,EXACT
2100,Emberiza flaviventris_Golden-breasted Bunting,taxon,Emberiza flaviventris,Golden-breasted Bunting,2491478,birdnet,SPECIES,species,EXACT
2101,Emberiza fucata_Chestnut-eared Bunting,taxon,Emberiza fucata,Chestnut-eared Bunting,2491548,birdnet,SPECIES,species,EXACT
2102,Emberiza godlewskii_Godlewski's Bunting,taxon,Emberiza godlewskii,Godlewski's Bunting,2491510,birdnet,SPECIES,species,EXACT
2103,Emberiza hortulana_Ortolan Bunting,taxon,Emberiza hortulana,Ortolan Bunting,2491482,birdnet,SPECIES,species,EXACT
2104,Emberiza impetuani_Lark-like Bunting,taxon,Emberiza impetuani,Lark-like Bunting,2491553,birdnet,SPECIES,species,EXACT
2105,Emberiza lathami_Crested Bunting,taxon,Emberiza lathami,Crested Bunting,6100799,birdnet,SPECIES,species,EXACT
2106,Emberiza leucocephalos_Pine Bunting,taxon,Emberiza leucocephalos,Pine Bunting,2491472,birdnet,SPECIES,species,EXACT
2107,Emberiza melanocephala_Black-headed Bunting,taxon,Emberiza melanocephala,Black-headed Bunting,9613112,birdnet,SPECIES,species,EXACT
2108,Emberiza pallasi_Pallas's Bunting,taxon,Emberiza pallasi,Pallas's Bunting,2491591,birdnet,SPECIES,species,EXACT
2109,Emberiza pusilla_Little Bunting,taxon,Emberiza pusilla,Little Bunting,2491544,birdnet,SPECIES,species,EXACT
2110,Emberiza rustica_Rustic Bunting,taxon,Emberiza rustica,Rustic Bunting,2491582,birdnet,SPECIES,species,EXACT
2111,Emberiza sahari_House Bunting,taxon,Emberiza sahari,House Bunting,6100800,birdnet,SPECIES,species,EXACT
2112,Emberiza schoeniclus_Reed Bunting,taxon,Emberiza schoeniclus,Reed Bunting,2491557,birdnet,SPECIES,species,EXACT
2113,Emberiza spodocephala_Black-faced Bunting,taxon,Emberiza spodocephala,Black-faced Bunting,2491522,birdnet,SPECIES,species,EXACT
2114,Emberiza stewarti_White-capped Bunting,taxon,Emberiza stewarti,White-capped Bunting,2491489,birdnet,SPECIES,species,EXACT
2115,Emberiza striolata_Striolated Bunting,taxon,Emberiza striolata,Striolated Bunting,2491585,birdnet,SPECIES,species,EXACT
2116,Emberiza sulphurata_Yellow Bunting,taxon,Emberiza sulphurata,Yellow Bunting,2491529,birdnet,SPECIES,species,EXACT
2117,Emberiza tahapisi_Cinnamon-breasted Bunting,taxon,Emberiza tahapisi,Cinnamon-breasted Bunting,2491491,birdnet,SPECIES,species,EXACT
2118,Emberiza tristrami_Tristram's Bunting,taxon,Emberiza tristrami,Tristram's Bunting,2491608,birdnet,SPECIES,species,EXACT
2119,Emberiza variabilis_Gray Bunting,taxon,Emberiza variabilis,Gray Bunting,2491545,birdnet,SPECIES,species,EXACT
2120,Emberiza yessoensis_Ochre-rumped Bunting,taxon,Emberiza yessoensis,Ochre-rumped Bunting,2491531,birdnet,SPECIES,species,EXACT
2121,Emberizoides herbicola_Wedge-tailed Grass-Finch,taxon,Emberizoides herbicola,Wedge-tailed Grass-Finch,5231162,birdnet,SPECIES,species,EXACT
2122,Emberizoides ypiranganus_Lesser Grass-Finch,taxon,Emberizoides ypiranganus,Lesser Grass-Finch,5231170,birdnet,SPECIES,species,EXACT
2123,Embernagra longicauda_Pale-throated Pampa-Finch,taxon,Embernagra longicauda,Pale-throated Pampa-Finch,2492001,birdnet,SPECIES,species,EXACT
2124,Embernagra platensis_Great Pampa-Finch,taxon,Embernagra platensis,Great Pampa-Finch,2492002,birdnet,SPECIES,species,EXACT
2125,Eminia lepida_Gray-capped Warbler,taxon,Eminia lepida,Gray-capped Warbler,5231294,birdnet,SPECIES,species,EXACT
2126,Empidonax affinis_Pine Flycatcher,taxon,Empidonax affinis,Pine Flycatcher,2482775,birdnet,SPECIES,species,EXACT
2127,Empidonax albigularis_White-throated Flycatcher,taxon,Empidonax albigularis,White-throated Flycatcher,2482796,birdnet,SPECIES,species,EXACT
2128,Empidonax alnorum_Alder Flycatcher,taxon,Empidonax alnorum,Alder Flycatcher,2482809,birdnet,SPECIES,species,EXACT
2129,Empidonax atriceps_Black-capped Flycatcher,taxon,Empidonax atriceps,Black-capped Flycatcher,2482804,birdnet,SPECIES,species,EXACT
2130,Empidonax difficilis_Pacific-slope Flycatcher,taxon,Empidonax difficilis,Pacific-slope Flycatcher,9568685,birdnet,SPECIES,species,EXACT
2131,Empidonax flavescens_Yellowish Flycatcher,taxon,Empidonax flavescens,Yellowish Flycatcher,2482781,birdnet,SPECIES,species,EXACT
2132,Empidonax flaviventris_Yellow-bellied Flycatcher,taxon,Empidonax flaviventris,Yellow-bellied Flycatcher,2482785,birdnet,SPECIES,species,EXACT
2133,Empidonax fulvifrons_Buff-breasted Flycatcher,taxon,Empidonax fulvifrons,Buff-breasted Flycatcher,2482768,birdnet,SPECIES,species,EXACT
2134,Empidonax hammondii_Hammond's Flycatcher,taxon,Empidonax hammondii,Hammond's Flycatcher,2482800,birdnet,SPECIES,species,EXACT
2135,Empidonax minimus_Least Flycatcher,taxon,Empidonax minimus,Least Flycatcher,2482791,birdnet,SPECIES,species,EXACT
2136,Empidonax oberholseri_Dusky Flycatcher,taxon,Empidonax oberholseri,Dusky Flycatcher,2482803,birdnet,SPECIES,species,EXACT
2137,Empidonax occidentalis_Cordilleran Flycatcher,taxon,Empidonax occidentalis,Cordilleran Flycatcher,2482805,birdnet,SPECIES,species,EXACT
2138,Empidonax traillii_Willow Flycatcher,taxon,Empidonax traillii,Willow Flycatcher,2482786,birdnet,SPECIES,species,EXACT
2139,Empidonax virescens_Acadian Flycatcher,taxon,Empidonax virescens,Acadian Flycatcher,2482802,birdnet,SPECIES,species,EXACT
2140,Empidonax wrightii_Gray Flycatcher,taxon,Empidonax wrightii,Gray Flycatcher,9585359,birdnet,SPECIES,species,EXACT
2141,Empidonomus aurantioatrocristatus_Crowned Slaty Flycatcher,taxon,Empidonomus aurantioatrocristatus,Crowned Slaty Flycatcher,2484086,birdnet,SPECIES,species,EXACT
2142,Empidonomus varius_Variegated Flycatcher,taxon,Empidonomus varius,Variegated Flycatcher,2484090,birdnet,SPECIES,species,EXACT
2143,Engine_Engine,non_taxonomic,,Engine,,birdnet,,non_taxon,
2144,Enicognathus ferrugineus_Austral Parakeet,taxon,Enicognathus ferrugineus,Austral Parakeet,5229094,birdnet,SPECIES,species,EXACT
2145,Enicognathus leptorhynchus_Slender-billed Parakeet,taxon,Enicognathus leptorhynchus,Slender-billed Parakeet,5229097,birdnet,SPECIES,species,EXACT
2146,Enicurus leschenaulti_White-crowned Forktail,taxon,Enicurus leschenaulti,White-crowned Forktail,2492629,birdnet,SPECIES,species,EXACT
2147,Enicurus maculatus_Spotted Forktail,taxon,Enicurus maculatus,Spotted Forktail,2492627,birdnet,SPECIES,species,EXACT
2148,Enicurus schistaceus_Slaty-backed Forktail,taxon,Enicurus schistaceus,Slaty-backed Forktail,2492628,birdnet,SPECIES,species,EXACT
2149,Entomodestes coracinus_Black Solitaire,taxon,Entomodestes coracinus,Black Solitaire,2490712,birdnet,SPECIES,species,EXACT
2150,Entomodestes leucotis_White-eared Solitaire,taxon,Entomodestes leucotis,White-eared Solitaire,2490713,birdnet,SPECIES,species,EXACT
2151,Entomyzon cyanotis_Blue-faced Honeyeater,taxon,Entomyzon cyanotis,Blue-faced Honeyeater,2487049,birdnet,SPECIES,species,EXACT
2152,Environmental_Environmental,non_taxonomic,,Environmental,,birdnet,,non_taxon,
2153,Eolophus roseicapilla_Galah,taxon,Eolophus roseicapilla,Galah,2479598,birdnet,SPECIES,species,EXACT
2154,Eophona migratoria_Yellow-billed Grosbeak,taxon,Eophona migratoria,Yellow-billed Grosbeak,2494146,birdnet,SPECIES,species,EXACT
2155,Eophona personata_Japanese Grosbeak,taxon,Eophona personata,Japanese Grosbeak,2494143,birdnet,SPECIES,species,EXACT
2156,Eopsaltria australis_Eastern Yellow Robin,taxon,Eopsaltria australis,Eastern Yellow Robin,2489301,birdnet,SPECIES,species,EXACT
2157,Epimachus fastosus_Black Sicklebill,taxon,Epimachus fastosus,Black Sicklebill,6100769,birdnet,SPECIES,species,EXACT
2158,Epimachus meyeri_Brown Sicklebill,taxon,Epimachus meyeri,Brown Sicklebill,2494880,birdnet,SPECIES,species,EXACT
2159,Epinecrophylla amazonica_Rio Madeira Stipplethroat,taxon,Epinecrophylla amazonica,Rio Madeira Stipplethroat,7389088,birdnet,SPECIES,species,EXACT
2160,Epinecrophylla erythrura_Rufous-tailed Stipplethroat,taxon,Epinecrophylla erythrura,Rufous-tailed Stipplethroat,7341727,birdnet,SPECIES,species,EXACT
2161,Epinecrophylla fulviventris_Checker-throated Stipplethroat,taxon,Epinecrophylla fulviventris,Checker-throated Stipplethroat,5788655,birdnet,SPECIES,species,EXACT
2162,Epinecrophylla gutturalis_Brown-bellied Stipplethroat,taxon,Epinecrophylla gutturalis,Brown-bellied Stipplethroat,5846000,birdnet,SPECIES,species,EXACT
2163,Epinecrophylla haematonota_Rufous-backed Stipplethroat,taxon,Epinecrophylla haematonota,Rufous-backed Stipplethroat,7341751,birdnet,SPECIES,species,EXACT
2164,Epinecrophylla leucophthalma_White-eyed Stipplethroat,taxon,Epinecrophylla leucophthalma,White-eyed Stipplethroat,7341755,birdnet,SPECIES,species,EXACT
2165,Epinecrophylla ornata_Ornate Stipplethroat,taxon,Epinecrophylla ornata,Ornate Stipplethroat,7341734,birdnet,SPECIES,species,EXACT
2166,Epinecrophylla spodionota_Foothill Stipplethroat,taxon,Epinecrophylla spodionota,Foothill Stipplethroat,7341740,birdnet,SPECIES,species,EXACT
2167,Epthianura tricolor_Crimson Chat,taxon,Epthianura tricolor,Crimson Chat,2487109,birdnet,SPECIES,species,EXACT
2168,Eremomela gregalis_Yellow-rumped Eremomela,taxon,Eremomela gregalis,Yellow-rumped Eremomela,2492979,birdnet,SPECIES,species,EXACT
2169,Eremomela icteropygialis_Yellow-bellied Eremomela,taxon,Eremomela icteropygialis,Yellow-bellied Eremomela,2492977,birdnet,SPECIES,species,EXACT
2170,Eremomela pusilla_Senegal Eremomela,taxon,Eremomela pusilla,Senegal Eremomela,2492972,birdnet,SPECIES,species,EXACT
2171,Eremomela scotops_Greencap Eremomela,taxon,Eremomela scotops,Greencap Eremomela,2492971,birdnet,SPECIES,species,EXACT
2172,Eremophila alpestris_Horned Lark,taxon,Eremophila alpestris,Horned Lark,9415596,birdnet,SPECIES,species,EXACT
2173,Eremopterix griseus_Ashy-crowned Sparrow-Lark,taxon,Eremopterix griseus,Ashy-crowned Sparrow-Lark,5788816,birdnet,SPECIES,species,EXACT
2174,Eremopterix hova_Madagascar Lark,taxon,Eremopterix hova,Madagascar Lark,9051264,birdnet,SPECIES,species,EXACT
2175,Eremopterix nigriceps_Black-crowned Sparrow-Lark,taxon,Eremopterix nigriceps,Black-crowned Sparrow-Lark,2490694,birdnet,SPECIES,species,EXACT
2176,Erithacus rubecula_European Robin,taxon,Erithacus rubecula,European Robin,2492462,birdnet,SPECIES,species,EXACT
2177,Erpornis zantholeuca_White-bellied Erpornis,taxon,Erpornis zantholeuca,White-bellied Erpornis,7341397,birdnet,SPECIES,species,EXACT
2178,Erythrocercus holochlorus_Yellow Flycatcher,taxon,Erythrocercus holochlorus,Yellow Flycatcher,2486663,birdnet,SPECIES,species,EXACT
2179,Erythrogenys erythrocnemis_Black-necklaced Scimitar-Babbler,taxon,Erythrogenys erythrocnemis,Black-necklaced Scimitar-Babbler,10692161,birdnet,SPECIES,species,EXACT
2180,Erythrogenys erythrogenys_Rusty-cheeked Scimitar-Babbler,taxon,Erythrogenys erythrogenys,Rusty-cheeked Scimitar-Babbler,8772838,birdnet,SPECIES,species,EXACT
2181,Erythrogenys gravivox_Black-streaked Scimitar-Babbler,taxon,Erythrogenys gravivox,Black-streaked Scimitar-Babbler,11077421,birdnet,SPECIES,species,EXACT
2182,Erythrogenys hypoleucos_Large Scimitar-Babbler,taxon,Erythrogenys hypoleucos,Large Scimitar-Babbler,11100616,birdnet,SPECIES,species,EXACT
2183,Erythrogenys mcclellandi_Spot-breasted Scimitar-Babbler,taxon,Erythrogenys mcclellandi,Spot-breasted Scimitar-Babbler,11011961,birdnet,SPECIES,species,EXACT
2184,Erythrogenys swinhoei_Gray-sided Scimitar-Babbler,taxon,Erythrogenys swinhoei,Gray-sided Scimitar-Babbler,11033487,birdnet,SPECIES,species,EXACT
2185,Erythropitta arquata_Blue-banded Pitta,taxon,Erythropitta arquata,Blue-banded Pitta,6101099,birdnet,SPECIES,species,EXACT
2186,Erythropitta erythrogaster_Blue-breasted Pitta,taxon,Erythropitta erythrogaster,Blue-breasted Pitta,6101101,birdnet,SPECIES,species,EXACT
2187,Erythropitta granatina_Garnet Pitta,taxon,Erythropitta granatina,Garnet Pitta,6101096,birdnet,SPECIES,species,EXACT
2188,Erythropitta macklotii_Papuan Pitta,taxon,Erythropitta macklotii,Papuan Pitta,7824398,birdnet,SPECIES,species,EXACT
2189,Erythropitta rufiventris_North Moluccan Pitta,taxon,Erythropitta rufiventris,North Moluccan Pitta,8323366,birdnet,SPECIES,species,EXACT
2190,Erythropitta ussheri_Black-crowned Pitta,taxon,Erythropitta ussheri,Black-crowned Pitta,6101098,birdnet,SPECIES,species,EXACT
2191,Erythrura trichroa_Blue-faced Parrotfinch,taxon,Erythrura trichroa,Blue-faced Parrotfinch,5231414,birdnet,SPECIES,species,EXACT
2192,Esacus magnirostris_Beach Thick-knee,taxon,Esacus magnirostris,Beach Thick-knee,2482091,birdnet,SPECIES,species,EXACT
2193,Esacus recurvirostris_Great Thick-knee,taxon,Esacus recurvirostris,Great Thick-knee,2482089,birdnet,SPECIES,species,EXACT
2194,Estrilda astrild_Common Waxbill,taxon,Estrilda astrild,Common Waxbill,2493660,birdnet,SPECIES,species,EXACT
2195,Estrilda melpoda_Orange-cheeked Waxbill,taxon,Estrilda melpoda,Orange-cheeked Waxbill,2493669,birdnet,SPECIES,species,EXACT
2196,Estrilda nonnula_Black-crowned Waxbill,taxon,Estrilda nonnula,Black-crowned Waxbill,2493665,birdnet,SPECIES,species,EXACT
2197,Estrilda paludicola_Fawn-breasted Waxbill,taxon,Estrilda paludicola,Fawn-breasted Waxbill,9592933,birdnet,SPECIES,species,EXACT
2198,Estrilda troglodytes_Black-rumped Waxbill,taxon,Estrilda troglodytes,Black-rumped Waxbill,2493662,birdnet,SPECIES,species,EXACT
2199,Eubucco bourcierii_Red-headed Barbet,taxon,Eubucco bourcierii,Red-headed Barbet,2478979,birdnet,SPECIES,species,EXACT
2200,Eubucco richardsoni_Lemon-throated Barbet,taxon,Eubucco richardsoni,Lemon-throated Barbet,2478973,birdnet,SPECIES,species,EXACT
2201,Euchrepomis callinota_Rufous-rumped Antwren,taxon,Euchrepomis callinota,Rufous-rumped Antwren,8360089,birdnet,SPECIES,species,EXACT
2202,Euchrepomis humeralis_Chestnut-shouldered Antwren,taxon,Euchrepomis humeralis,Chestnut-shouldered Antwren,8296303,birdnet,SPECIES,species,EXACT
2203,Euchrepomis spodioptila_Ash-winged Antwren,taxon,Euchrepomis spodioptila,Ash-winged Antwren,7371197,birdnet,SPECIES,species,EXACT
2204,Eucometis penicillata_Gray-headed Tanager,taxon,Eucometis penicillata,Gray-headed Tanager,2488524,birdnet,SPECIES,species,EXACT
2205,Eudocimus albus_White Ibis,taxon,Eudocimus albus,White Ibis,5229205,birdnet,SPECIES,species,EXACT
2206,Eudromia elegans_Elegant Crested-Tinamou,taxon,Eudromia elegans,Elegant Crested-Tinamou,5228704,birdnet,SPECIES,species,EXACT
2207,Eudynamys melanorhynchus_Black-billed Koel,taxon,Eudynamys melanorhyncha,Black-billed Koel,2496360,birdnet,SPECIES,species,VARIANT
2208,Eudynamys orientalis_Pacific Koel,taxon,Eudynamys orientalis,Pacific Koel,4848207,birdnet,SPECIES,species,EXACT
2209,Eudynamys scolopaceus_Asian Koel,taxon,Eudynamys scolopaceus,Asian Koel,2496347,birdnet,SPECIES,species,EXACT
2210,Eudyptes chrysocome_Southern Rockhopper Penguin,taxon,Eudyptes chrysocome,Southern Rockhopper Penguin,2481635,birdnet,SPECIES,species,EXACT
2211,Eudyptula minor_Little Penguin,taxon,Eudyptula minor,Little Penguin,2481646,birdnet,SPECIES,species,EXACT
2212,Eugenes fulgens_Rivoli's Hummingbird,taxon,Eugenes fulgens,Rivoli's Hummingbird,2476108,birdnet,SPECIES,species,EXACT
2213,Eugenes spectabilis_Talamanca Hummingbird,taxon,Eugenes spectabilis,Talamanca Hummingbird,8212880,birdnet,SPECIES,species,EXACT
2214,Eugralla paradoxa_Ochre-flanked Tapaculo,taxon,Eugralla paradoxa,Ochre-flanked Tapaculo,2490967,birdnet,SPECIES,species,EXACT
2215,Eumomota superciliosa_Turquoise-browed Motmot,taxon,Eumomota superciliosa,Turquoise-browed Motmot,2475276,birdnet,SPECIES,species,EXACT
2216,Eumyias albicaudatus_Nilgiri Flycatcher,taxon,Eumyias albicaudatus,Nilgiri Flycatcher,5788902,birdnet,SPECIES,species,EXACT
2217,Eumyias indigo_Indigo Flycatcher,taxon,Eumyias indigo,Indigo Flycatcher,2492419,birdnet,SPECIES,species,EXACT
2218,Eumyias panayensis_Turquoise Flycatcher,taxon,Eumyias panayensis,Turquoise Flycatcher,2492420,birdnet,SPECIES,species,EXACT
2219,Eumyias thalassinus_Verditer Flycatcher,taxon,Eumyias thalassinus,Verditer Flycatcher,7341536,birdnet,SPECIES,species,EXACT
2220,Eunemobius carolinus_Carolina Ground Cricket,taxon,Eunemobius carolinus,Carolina Ground Cricket,1721575,birdnet,SPECIES,species,EXACT
2221,Eunemobius confusus_Confused Ground Cricket,taxon,Eunemobius confusus,Confused Ground Cricket,1721598,birdnet,SPECIES,species,EXACT
2222,Euodice cantans_African Silverbill,taxon,Euodice cantans,African Silverbill,7340335,birdnet,SPECIES,species,EXACT
2223,Euodice malabarica_Indian Silverbill,taxon,Euodice malabarica,Indian Silverbill,5789082,birdnet,SPECIES,species,EXACT
2224,Eupetes macrocerus_Malaysian Rail-babbler,taxon,Eupetes macrocerus,Malaysian Rail-babbler,2495050,birdnet,SPECIES,species,EXACT
2225,Eupetomena cirrochloris_Sombre Hummingbird,taxon,Eupetomena cirrochloris,Sombre Hummingbird,10983172,birdnet,SPECIES,species,EXACT
2226,Eupetomena macroura_Swallow-tailed Hummingbird,taxon,Eupetomena macroura,Swallow-tailed Hummingbird,2476667,birdnet,SPECIES,species,EXACT
2227,Euphagus carolinus_Rusty Blackbird,taxon,Euphagus carolinus,Rusty Blackbird,2484184,birdnet,SPECIES,species,EXACT
2228,Euphagus cyanocephalus_Brewer's Blackbird,taxon,Euphagus cyanocephalus,Brewer's Blackbird,2484183,birdnet,SPECIES,species,EXACT
2229,Eupherusa eximia_Stripe-tailed Hummingbird,taxon,Eupherusa eximia,Stripe-tailed Hummingbird,2476323,birdnet,SPECIES,species,EXACT
2230,Euphonia affinis_Scrub Euphonia,taxon,Euphonia affinis,Scrub Euphonia,2487985,birdnet,SPECIES,species,EXACT
2231,Euphonia anneae_Tawny-capped Euphonia,taxon,Euphonia anneae,Tawny-capped Euphonia,2487960,birdnet,SPECIES,species,EXACT
2232,Euphonia cayennensis_Golden-sided Euphonia,taxon,Euphonia cayennensis,Golden-sided Euphonia,2488010,birdnet,SPECIES,species,EXACT
2233,Euphonia chalybea_Green-throated Euphonia,taxon,Euphonia chalybea,Green-throated Euphonia,2487990,birdnet,SPECIES,species,EXACT
2234,Euphonia chlorotica_Purple-throated Euphonia,taxon,Euphonia chlorotica,Purple-throated Euphonia,2487964,birdnet,SPECIES,species,EXACT
2235,Euphonia chrysopasta_Golden-bellied Euphonia,taxon,Euphonia chrysopasta,Golden-bellied Euphonia,2487991,birdnet,SPECIES,species,EXACT
2236,Euphonia concinna_Velvet-fronted Euphonia,taxon,Euphonia concinna,Velvet-fronted Euphonia,2487974,birdnet,SPECIES,species,EXACT
2237,Euphonia finschi_Finsch's Euphonia,taxon,Euphonia finschi,Finsch's Euphonia,2487975,birdnet,SPECIES,species,EXACT
2238,Euphonia fulvicrissa_Fulvous-vented Euphonia,taxon,Euphonia fulvicrissa,Fulvous-vented Euphonia,2488027,birdnet,SPECIES,species,EXACT
2239,Euphonia gouldi_Olive-backed Euphonia,taxon,Euphonia gouldi,Olive-backed Euphonia,2487976,birdnet,SPECIES,species,EXACT
2240,Euphonia hirundinacea_Yellow-throated Euphonia,taxon,Euphonia hirundinacea,Yellow-throated Euphonia,2487949,birdnet,SPECIES,species,EXACT
2241,Euphonia imitans_Spot-crowned Euphonia,taxon,Euphonia imitans,Spot-crowned Euphonia,2487997,birdnet,SPECIES,species,EXACT
2242,Euphonia laniirostris_Thick-billed Euphonia,taxon,Euphonia laniirostris,Thick-billed Euphonia,2487998,birdnet,SPECIES,species,EXACT
2243,Euphonia luteicapilla_Yellow-crowned Euphonia,taxon,Euphonia luteicapilla,Yellow-crowned Euphonia,2487979,birdnet,SPECIES,species,EXACT
2244,Euphonia mesochrysa_Bronze-green Euphonia,taxon,Euphonia mesochrysa,Bronze-green Euphonia,2487955,birdnet,SPECIES,species,EXACT
2245,Euphonia minuta_White-vented Euphonia,taxon,Euphonia minuta,White-vented Euphonia,2488004,birdnet,SPECIES,species,EXACT
2246,Euphonia pectoralis_Chestnut-bellied Euphonia,taxon,Euphonia pectoralis,Chestnut-bellied Euphonia,2487980,birdnet,SPECIES,species,EXACT
2247,Euphonia plumbea_Plumbeous Euphonia,taxon,Euphonia plumbea,Plumbeous Euphonia,2487959,birdnet,SPECIES,species,EXACT
2248,Euphonia rufiventris_Rufous-bellied Euphonia,taxon,Euphonia rufiventris,Rufous-bellied Euphonia,2488007,birdnet,SPECIES,species,EXACT
2249,Euphonia trinitatis_Trinidad Euphonia,taxon,Euphonia trinitatis,Trinidad Euphonia,2487963,birdnet,SPECIES,species,EXACT
2250,Euphonia violacea_Violaceous Euphonia,taxon,Euphonia violacea,Violaceous Euphonia,2487970,birdnet,SPECIES,species,EXACT
2251,Euphonia xanthogaster_Orange-bellied Euphonia,taxon,Euphonia xanthogaster,Orange-bellied Euphonia,2488011,birdnet,SPECIES,species,EXACT
2252,Euplectes afer_Yellow-crowned Bishop,taxon,Euplectes afer,Yellow-crowned Bishop,2494097,birdnet,SPECIES,species,EXACT
2253,Euplectes ardens_Red-collared Widowbird,taxon,Euplectes ardens,Red-collared Widowbird,2494098,birdnet,SPECIES,species,EXACT
2254,Euplectes capensis_Yellow Bishop,taxon,Euplectes capensis,Yellow Bishop,2494099,birdnet,SPECIES,species,EXACT
2255,Euplectes franciscanus_Northern Red Bishop,taxon,Euplectes franciscanus,Northern Red Bishop,2494086,birdnet,SPECIES,species,EXACT
2256,Euplectes hordeaceus_Black-winged Bishop,taxon,Euplectes hordeaceus,Black-winged Bishop,2494101,birdnet,SPECIES,species,EXACT
2257,Euplectes orix_Southern Red Bishop,taxon,Euplectes orix,Southern Red Bishop,2494088,birdnet,SPECIES,species,EXACT
2258,Euplectes progne_Long-tailed Widowbird,taxon,Euplectes progne,Long-tailed Widowbird,2494090,birdnet,SPECIES,species,EXACT
2259,Eupodotis afra_Black Bustard,taxon,Eupodotis afra,Black Bustard,2474919,birdnet,SPECIES,species,EXACT
2260,Eupodotis afraoides_White-quilled Bustard,taxon,Eupodotis afraoides,White-quilled Bustard,2474914,birdnet,SPECIES,species,EXACT
2261,Eupodotis caerulescens_Blue Bustard,taxon,Eupodotis caerulescens,Blue Bustard,2474896,birdnet,SPECIES,species,EXACT
2262,Eupodotis ruficrista_Red-crested Bustard,taxon,Eupodotis ruficrista,Red-crested Bustard,2474883,birdnet,SPECIES,species,EXACT
2263,Eupodotis senegalensis_White-bellied Bustard,taxon,Eupodotis senegalensis,White-bellied Bustard,2474890,birdnet,SPECIES,species,EXACT
2264,Eupodotis vigorsii_Karoo Bustard,taxon,Eupodotis vigorsii,Karoo Bustard,2474898,birdnet,SPECIES,species,EXACT
2265,Eupsittula aurea_Peach-fronted Parakeet,taxon,Eupsittula aurea,Peach-fronted Parakeet,8331425,birdnet,SPECIES,species,EXACT
2266,Eupsittula cactorum_Cactus Parakeet,taxon,Eupsittula cactorum,Cactus Parakeet,8073811,birdnet,SPECIES,species,EXACT
2267,Eupsittula canicularis_Orange-fronted Parakeet,taxon,Eupsittula canicularis,Orange-fronted Parakeet,7502561,birdnet,SPECIES,species,EXACT
2268,Eupsittula nana_Olive-throated Parakeet,taxon,Eupsittula nana,Olive-throated Parakeet,8418485,birdnet,SPECIES,species,EXACT
2269,Eupsittula pertinax_Brown-throated Parakeet,taxon,Eupsittula pertinax,Brown-throated Parakeet,7926461,birdnet,SPECIES,species,EXACT
2270,Euptilotis neoxenus_Eared Quetzal,taxon,Euptilotis neoxenus,Eared Quetzal,2496632,birdnet,SPECIES,species,EXACT
2271,Eurillas ansorgei_Ansorge's Greenbul,taxon,Eurillas ansorgei,Ansorge's Greenbul,7340364,birdnet,SPECIES,species,EXACT
2272,Eurillas curvirostris_Plain Greenbul,taxon,Eurillas curvirostris,Plain Greenbul,7340361,birdnet,SPECIES,species,EXACT
2273,Eurillas latirostris_Yellow-whiskered Greenbul,taxon,Eurillas latirostris,Yellow-whiskered Greenbul,7340356,birdnet,SPECIES,species,EXACT
2274,Eurillas virens_Little Greenbul,taxon,Eurillas virens,Little Greenbul,7340348,birdnet,SPECIES,species,EXACT
2275,Eurocephalus ruppelli_White-rumped Shrike,taxon,Eurocephalus ruppelli,White-rumped Shrike,6100756,birdnet,SPECIES,species,EXACT
2276,Eurostopodus argus_Spotted Nightjar,taxon,Eurostopodus argus,Spotted Nightjar,2497091,birdnet,SPECIES,species,EXACT
2277,Eurostopodus mystacalis_White-throated Nightjar,taxon,Eurostopodus mystacalis,White-throated Nightjar,2497101,birdnet,SPECIES,species,EXACT
2278,Eurylaimus javanicus_Banded Broadbill,taxon,Eurylaimus javanicus,Banded Broadbill,9574405,birdnet,SPECIES,species,EXACT
2279,Eurylaimus ochromalus_Black-and-yellow Broadbill,taxon,Eurylaimus ochromalus,Black-and-yellow Broadbill,2484548,birdnet,SPECIES,species,EXACT
2280,Eurypyga helias_Sunbittern,taxon,Eurypyga helias,Sunbittern,2474332,birdnet,SPECIES,species,EXACT
2281,Eurystomus glaucurus_Broad-billed Roller,taxon,Eurystomus glaucurus,Broad-billed Roller,5228294,birdnet,SPECIES,species,EXACT
2282,Eurystomus orientalis_Dollarbird,taxon,Eurystomus orientalis,Dollarbird,5228280,birdnet,SPECIES,species,EXACT
2283,Euscarthmus fulviceps_Fulvous-headed Pygmy-Tyrant,taxon,Euscarthmus fulviceps,Fulvous-headed Pygmy-Tyrant,8896866,birdnet,SPECIES,species,EXACT
2284,Euscarthmus meloryphus_Rufous-crowned Pygmy-Tyrant,taxon,Euscarthmus meloryphus,Rufous-crowned Pygmy-Tyrant,2483318,birdnet,SPECIES,species,EXACT
2285,Euscarthmus rufomarginatus_Rufous-sided Pygmy-Tyrant,taxon,Euscarthmus rufomarginatus,Rufous-sided Pygmy-Tyrant,2483322,birdnet,SPECIES,species,EXACT
2286,Eutoxeres aquila_White-tipped Sicklebill,taxon,Eutoxeres aquila,White-tipped Sicklebill,2476380,birdnet,SPECIES,species,EXACT
2287,Falco amurensis_Amur Falcon,taxon,Falco amurensis,Amur Falcon,2480998,birdnet,SPECIES,species,EXACT
2288,Falco berigora_Brown Falcon,taxon,Falco berigora,Brown Falcon,2481059,birdnet,SPECIES,species,EXACT
2289,Falco columbarius_Merlin,taxon,Falco columbarius,Merlin,9813242,birdnet,SPECIES,species,EXACT
2290,Falco deiroleucus_Orange-breasted Falcon,taxon,Falco deiroleucus,Orange-breasted Falcon,2481021,birdnet,SPECIES,species,EXACT
2291,Falco femoralis_Aplomado Falcon,taxon,Falco femoralis,Aplomado Falcon,2481006,birdnet,SPECIES,species,EXACT
2292,Falco mexicanus_Prairie Falcon,taxon,Falco mexicanus,Prairie Falcon,2481000,birdnet,SPECIES,species,EXACT
2293,Falco naumanni_Lesser Kestrel,taxon,Falco naumanni,Lesser Kestrel,9584698,birdnet,SPECIES,species,EXACT
2294,Falco peregrinus_Peregrine Falcon,taxon,Falco peregrinus,Peregrine Falcon,2481047,birdnet,SPECIES,species,EXACT
2295,Falco rufigularis_Bat Falcon,taxon,Falco rufigularis,Bat Falcon,2481033,birdnet,SPECIES,species,EXACT
2296,Falco rusticolus_Gyrfalcon,taxon,Falco rusticolus,Gyrfalcon,8069880,birdnet,SPECIES,species,EXACT
2297,Falco sparverius_American Kestrel,taxon,Falco sparverius,American Kestrel,9685907,birdnet,SPECIES,species,EXACT
2298,Falco subbuteo_Eurasian Hobby,taxon,Falco subbuteo,Eurasian Hobby,2481035,birdnet,SPECIES,species,EXACT
2299,Falco tinnunculus_Eurasian Kestrel,taxon,Falco tinnunculus,Eurasian Kestrel,9616058,birdnet,SPECIES,species,EXACT
2300,Falco vespertinus_Red-footed Falcon,taxon,Falco vespertinus,Red-footed Falcon,2481062,birdnet,SPECIES,species,EXACT
2301,Falculea palliata_Sickle-billed Vanga,taxon,Falculea palliata,Sickle-billed Vanga,2495115,birdnet,SPECIES,species,EXACT
2302,Falcunculus frontatus_Crested Shrike-tit,taxon,Falcunculus frontatus,Crested Shrike-tit,2482606,birdnet,SPECIES,species,EXACT
2303,Ferminia cerverai_Zapata Wren,taxon,Ferminia cerverai,Zapata Wren,5231436,birdnet,SPECIES,species,EXACT
2304,Ficedula albicilla_Taiga Flycatcher,taxon,Ficedula albicilla,Taiga Flycatcher,5788886,birdnet,SPECIES,species,EXACT
2305,Ficedula albicollis_Collared Flycatcher,taxon,Ficedula albicollis,Collared Flycatcher,2492601,birdnet,SPECIES,species,EXACT
2306,Ficedula basilanica_Little Slaty Flycatcher,taxon,Ficedula basilanica,Little Slaty Flycatcher,5231284,birdnet,SPECIES,species,EXACT
2307,Ficedula dumetoria_Rufous-chested Flycatcher,taxon,Ficedula dumetoria,Rufous-chested Flycatcher,5231277,birdnet,SPECIES,species,EXACT
2308,Ficedula elisae_Green-backed Flycatcher,taxon,Ficedula elisae,Green-backed Flycatcher,6100857,birdnet,SPECIES,species,EXACT
2309,Ficedula erithacus_Slaty-backed Flycatcher,taxon,Ficedula erithacus,Slaty-backed Flycatcher,10687228,birdnet,SPECIES,species,EXACT
2310,Ficedula hodgsoni_Pygmy Flycatcher,taxon,Ficedula hodgsoni,Pygmy Flycatcher,7711044,birdnet,SPECIES,species,EXACT
2311,Ficedula hyperythra_Snowy-browed Flycatcher,taxon,Ficedula hyperythra,Snowy-browed Flycatcher,5231279,birdnet,SPECIES,species,EXACT
2312,Ficedula hypoleuca_European Pied Flycatcher,taxon,Ficedula hypoleuca,European Pied Flycatcher,2492606,birdnet,SPECIES,species,EXACT
2313,Ficedula mugimaki_Mugimaki Flycatcher,taxon,Ficedula mugimaki,Mugimaki Flycatcher,5231268,birdnet,SPECIES,species,EXACT
2314,Ficedula narcissina_Narcissus Flycatcher,taxon,Ficedula narcissina,Narcissus Flycatcher,5231288,birdnet,SPECIES,species,EXACT
2315,Ficedula nigrorufa_Black-and-orange Flycatcher,taxon,Ficedula nigrorufa,Black-and-orange Flycatcher,5231280,birdnet,SPECIES,species,EXACT
2316,Ficedula parva_Red-breasted Flycatcher,taxon,Ficedula parva,Red-breasted Flycatcher,2492605,birdnet,SPECIES,species,EXACT
2317,Ficedula ruficauda_Rusty-tailed Flycatcher,taxon,Ficedula ruficauda,Rusty-tailed Flycatcher,9574669,birdnet,SPECIES,species,EXACT
2318,Ficedula semitorquata_Semicollared Flycatcher,taxon,Ficedula semitorquata,Semicollared Flycatcher,2492608,birdnet,SPECIES,species,EXACT
2319,Ficedula strophiata_Rufous-gorgeted Flycatcher,taxon,Ficedula strophiata,Rufous-gorgeted Flycatcher,5231282,birdnet,SPECIES,species,EXACT
2320,Ficedula subrubra_Kashmir Flycatcher,taxon,Ficedula subrubra,Kashmir Flycatcher,5231269,birdnet,SPECIES,species,EXACT
2321,Ficedula superciliaris_Ultramarine Flycatcher,taxon,Ficedula superciliaris,Ultramarine Flycatcher,5231283,birdnet,SPECIES,species,EXACT
2322,Ficedula tricolor_Slaty-blue Flycatcher,taxon,Ficedula tricolor,Slaty-blue Flycatcher,5231270,birdnet,SPECIES,species,EXACT
2323,Ficedula westermanni_Little Pied Flycatcher,taxon,Ficedula westermanni,Little Pied Flycatcher,5231285,birdnet,SPECIES,species,EXACT
2324,Ficedula zanthopygia_Yellow-rumped Flycatcher,taxon,Ficedula zanthopygia,Yellow-rumped Flycatcher,5231276,birdnet,SPECIES,species,EXACT
2325,Fireworks_Fireworks,non_taxonomic,,Fireworks,,birdnet,,non_taxon,
2326,Florisuga fusca_Black Jacobin,taxon,Florisuga fusca,Black Jacobin,2476193,birdnet,SPECIES,species,EXACT
2327,Florisuga mellivora_White-necked Jacobin,taxon,Florisuga mellivora,White-necked Jacobin,2476195,birdnet,SPECIES,species,EXACT
2328,Fluvicola albiventer_Black-backed Water-Tyrant,taxon,Fluvicola albiventer,Black-backed Water-Tyrant,5229567,birdnet,SPECIES,species,EXACT
2329,Fluvicola nengeta_Masked Water-Tyrant,taxon,Fluvicola nengeta,Masked Water-Tyrant,5229568,birdnet,SPECIES,species,EXACT
2330,Fluvicola pica_Pied Water-Tyrant,taxon,Fluvicola pica,Pied Water-Tyrant,5229564,birdnet,SPECIES,species,EXACT
2331,Formicarius analis_Black-faced Antthrush,taxon,Formicarius analis,Black-faced Antthrush,2490551,birdnet,SPECIES,species,EXACT
2332,Formicarius colma_Rufous-capped Antthrush,taxon,Formicarius colma,Rufous-capped Antthrush,2490548,birdnet,SPECIES,species,EXACT
2333,Formicarius moniliger_Mayan Antthrush,taxon,Formicarius moniliger,Mayan Antthrush,6100801,birdnet,SPECIES,species,EXACT
2334,Formicarius nigricapillus_Black-headed Antthrush,taxon,Formicarius nigricapillus,Black-headed Antthrush,2490550,birdnet,SPECIES,species,EXACT
2335,Formicarius rufifrons_Rufous-fronted Antthrush,taxon,Formicarius rufifrons,Rufous-fronted Antthrush,2490549,birdnet,SPECIES,species,EXACT
2336,Formicarius rufipectus_Rufous-breasted Antthrush,taxon,Formicarius rufipectus,Rufous-breasted Antthrush,2490552,birdnet,SPECIES,species,EXACT
2337,Formicivora acutirostris_Marsh Antwren,taxon,Formicivora acutirostris,Marsh Antwren,10908141,birdnet,SPECIES,species,EXACT
2338,Formicivora erythronotos_Black-hooded Antwren,taxon,Formicivora erythronotos,Black-hooded Antwren,2490044,birdnet,SPECIES,species,EXACT
2339,Formicivora grantsaui_Sincora Antwren,taxon,Formicivora grantsaui,Sincora Antwren,6091658,birdnet,SPECIES,species,EXACT
2340,Formicivora grisea_White-fringed Antwren,taxon,Formicivora grisea,White-fringed Antwren,2490042,birdnet,SPECIES,species,EXACT
2341,Formicivora iheringi_Narrow-billed Antwren,taxon,Formicivora iheringi,Narrow-billed Antwren,2490046,birdnet,SPECIES,species,EXACT
2342,Formicivora melanogaster_Black-bellied Antwren,taxon,Formicivora melanogaster,Black-bellied Antwren,2490043,birdnet,SPECIES,species,EXACT
2343,Formicivora rufa_Rusty-backed Antwren,taxon,Formicivora rufa,Rusty-backed Antwren,2490041,birdnet,SPECIES,species,EXACT
2344,Formicivora serrana_Serra Antwren,taxon,Formicivora serrana,Serra Antwren,2490045,birdnet,SPECIES,species,EXACT
2345,Forpus coelestis_Pacific Parrotlet,taxon,Forpus coelestis,Pacific Parrotlet,2479087,birdnet,SPECIES,species,EXACT
2346,Forpus conspicillatus_Spectacled Parrotlet,taxon,Forpus conspicillatus,Spectacled Parrotlet,2479071,birdnet,SPECIES,species,EXACT
2347,Forpus cyanopygius_Mexican Parrotlet,taxon,Forpus cyanopygius,Mexican Parrotlet,2479068,birdnet,SPECIES,species,EXACT
2348,Forpus modestus_Dusky-billed Parrotlet,taxon,Forpus modestus,Dusky-billed Parrotlet,2479060,birdnet,SPECIES,species,EXACT
2349,Forpus passerinus_Green-rumped Parrotlet,taxon,Forpus passerinus,Green-rumped Parrotlet,2479081,birdnet,SPECIES,species,EXACT
2350,Forpus xanthopterygius_Cobalt-rumped Parrotlet,taxon,Forpus xanthopterygius,Cobalt-rumped Parrotlet,2479075,birdnet,SPECIES,species,EXACT
2351,Foudia madagascariensis_Red Fody,taxon,Foudia madagascariensis,Red Fody,2494077,birdnet,SPECIES,species,EXACT
2352,Foudia rubra_Mauritius Fody,taxon,Foudia rubra,Mauritius Fody,2494078,birdnet,SPECIES,species,EXACT
2353,Foulehaio carunculatus_Eastern Wattled-Honeyeater,taxon,Foulehaio carunculatus,Eastern Wattled-Honeyeater,2487206,birdnet,SPECIES,species,EXACT
2354,Foulehaio procerior_Western Wattled-Honeyeater,taxon,Foulehaio procerior,Western Wattled-Honeyeater,8253009,birdnet,SPECIES,species,EXACT
2355,Francolinus francolinus_Black Francolin,taxon,Francolinus francolinus,Black Francolin,5227919,birdnet,SPECIES,species,EXACT
2356,Francolinus pictus_Painted Francolin,taxon,Francolinus pictus,Painted Francolin,5227907,birdnet,SPECIES,species,EXACT
2357,Francolinus pintadeanus_Chinese Francolin,taxon,Francolinus pintadeanus,Chinese Francolin,5227857,birdnet,SPECIES,species,EXACT
2358,Fraseria caerulescens_Ashy Flycatcher,taxon,Fraseria caerulescens,Ashy Flycatcher,9371211,birdnet,SPECIES,species,EXACT
2359,Fraseria griseigularis_Gray-throated Tit-Flycatcher,taxon,Fraseria griseigularis,Gray-throated Tit-Flycatcher,9316230,birdnet,SPECIES,species,EXACT
2360,Fraseria ocreata_African Forest-Flycatcher,taxon,Fraseria ocreata,African Forest-Flycatcher,5231217,birdnet,SPECIES,species,EXACT
2361,Fraseria plumbea_Gray Tit-Flycatcher,taxon,Fraseria plumbea,Gray Tit-Flycatcher,9489690,birdnet,SPECIES,species,EXACT
2362,Fratercula arctica_Atlantic Puffin,taxon,Fratercula arctica,Atlantic Puffin,2481353,birdnet,SPECIES,species,EXACT
2363,Frederickena fulva_Fulvous Antshrike,taxon,Frederickena fulva,Fulvous Antshrike,6093919,birdnet,SPECIES,species,EXACT
2364,Frederickena unduliger_Undulated Antshrike,taxon,Frederickena unduliger,Undulated Antshrike,6100903,birdnet,SPECIES,species,EXACT
2365,Frederickena viridis_Black-throated Antshrike,taxon,Frederickena viridis,Black-throated Antshrike,2490234,birdnet,SPECIES,species,EXACT
2366,Fregata andrewsi_Christmas Island Frigatebird,taxon,Fregata andrewsi,Christmas Island Frigatebird,2480185,birdnet,SPECIES,species,EXACT
2367,Fregata ariel_Lesser Frigatebird,taxon,Fregata ariel,Lesser Frigatebird,2480186,birdnet,SPECIES,species,EXACT
2368,Fregata magnificens_Magnificent Frigatebird,taxon,Fregata magnificens,Magnificent Frigatebird,2480189,birdnet,SPECIES,species,EXACT
2369,Fregata minor_Great Frigatebird,taxon,Fregata minor,Great Frigatebird,2480187,birdnet,SPECIES,species,EXACT
2370,Fringilla coelebs_Common Chaffinch,taxon,Fringilla coelebs,Common Chaffinch,2494422,birdnet,SPECIES,species,EXACT
2371,Fringilla montifringilla_Brambling,taxon,Fringilla montifringilla,Brambling,2494441,birdnet,SPECIES,species,EXACT
2372,Fulica alai_Hawaiian Coot,taxon,Fulica alai,Hawaiian Coot,2474386,birdnet,SPECIES,species,EXACT
2373,Fulica americana_American Coot,taxon,Fulica americana,American Coot,2474393,birdnet,SPECIES,species,EXACT
2374,Fulica ardesiaca_Slate-colored Coot,taxon,Fulica ardesiaca,Slate-colored Coot,2474383,birdnet,SPECIES,species,EXACT
2375,Fulica armillata_Red-gartered Coot,taxon,Fulica armillata,Red-gartered Coot,2474382,birdnet,SPECIES,species,EXACT
2376,Fulica atra_Eurasian Coot,taxon,Fulica atra,Eurasian Coot,2474377,birdnet,SPECIES,species,EXACT
2377,Fulica cristata_Red-knobbed Coot,taxon,Fulica cristata,Red-knobbed Coot,2474381,birdnet,SPECIES,species,EXACT
2378,Fulica gigantea_Giant Coot,taxon,Fulica gigantea,Giant Coot,2474391,birdnet,SPECIES,species,EXACT
2379,Fulica rufifrons_Red-fronted Coot,taxon,Fulica rufifrons,Red-fronted Coot,2474390,birdnet,SPECIES,species,EXACT
2380,Fulmarus glacialis_Northern Fulmar,taxon,Fulmarus glacialis,Northern Fulmar,2481433,birdnet,SPECIES,species,EXACT
2381,Fulvetta formosana_Taiwan Fulvetta,taxon,Fulvetta formosana,Taiwan Fulvetta,6093369,birdnet,SPECIES,species,EXACT
2382,Fulvetta ruficapilla_Spectacled Fulvetta,taxon,Fulvetta ruficapilla,Spectacled Fulvetta,7341935,birdnet,SPECIES,species,EXACT
2383,Fulvetta vinipectus_White-browed Fulvetta,taxon,Fulvetta vinipectus,White-browed Fulvetta,7341919,birdnet,SPECIES,species,EXACT
2384,Furnarius cristatus_Crested Hornero,taxon,Furnarius cristatus,Crested Hornero,2485831,birdnet,SPECIES,species,EXACT
2385,Furnarius figulus_Wing-banded Hornero,taxon,Furnarius figulus,Wing-banded Hornero,2485827,birdnet,SPECIES,species,EXACT
2386,Furnarius leucopus_Pale-legged Hornero,taxon,Furnarius leucopus,Pale-legged Hornero,9309489,birdnet,SPECIES,species,EXACT
2387,Furnarius minor_Lesser Hornero,taxon,Furnarius minor,Lesser Hornero,2485830,birdnet,SPECIES,species,EXACT
2388,Furnarius rufus_Rufous Hornero,taxon,Furnarius rufus,Rufous Hornero,2485821,birdnet,SPECIES,species,EXACT
2389,Galbalcyrhynchus leucotis_White-eared Jacamar,taxon,Galbalcyrhynchus leucotis,White-eared Jacamar,2475087,birdnet,SPECIES,species,EXACT
2390,Galbalcyrhynchus purusianus_Purus Jacamar,taxon,Galbalcyrhynchus purusianus,Purus Jacamar,2475086,birdnet,SPECIES,species,EXACT
2391,Galbula albirostris_Yellow-billed Jacamar,taxon,Galbula albirostris,Yellow-billed Jacamar,5228253,birdnet,SPECIES,species,EXACT
2392,Galbula chalcothorax_Purplish Jacamar,taxon,Galbula chalcothorax,Purplish Jacamar,5228261,birdnet,SPECIES,species,EXACT
2393,Galbula cyanescens_Bluish-fronted Jacamar,taxon,Galbula cyanescens,Bluish-fronted Jacamar,5228246,birdnet,SPECIES,species,EXACT
2394,Galbula cyanicollis_Blue-cheeked Jacamar,taxon,Galbula cyanicollis,Blue-cheeked Jacamar,5228248,birdnet,SPECIES,species,EXACT
2395,Galbula dea_Paradise Jacamar,taxon,Galbula dea,Paradise Jacamar,5228256,birdnet,SPECIES,species,EXACT
2396,Galbula galbula_Green-tailed Jacamar,taxon,Galbula galbula,Green-tailed Jacamar,5228252,birdnet,SPECIES,species,EXACT
2397,Galbula leucogastra_Bronzy Jacamar,taxon,Galbula leucogastra,Bronzy Jacamar,5228243,birdnet,SPECIES,species,EXACT
2398,Galbula pastazae_Coppery-chested Jacamar,taxon,Galbula pastazae,Coppery-chested Jacamar,5228247,birdnet,SPECIES,species,EXACT
2399,Galbula ruficauda_Rufous-tailed Jacamar,taxon,Galbula ruficauda,Rufous-tailed Jacamar,5228236,birdnet,SPECIES,species,EXACT
2400,Galbula tombacea_White-chinned Jacamar,taxon,Galbula tombacea,White-chinned Jacamar,5228249,birdnet,SPECIES,species,EXACT
2401,Galerida cristata_Crested Lark,taxon,Galerida cristata,Crested Lark,2490669,birdnet,SPECIES,species,EXACT
2402,Galerida deva_Tawny Lark,taxon,Galerida deva,Tawny Lark,2490671,birdnet,SPECIES,species,EXACT
2403,Galerida magnirostris_Large-billed Lark,taxon,Galerida magnirostris,Large-billed Lark,2490668,birdnet,SPECIES,species,EXACT
2404,Galerida malabarica_Malabar Lark,taxon,Galerida malabarica,Malabar Lark,2490672,birdnet,SPECIES,species,EXACT
2405,Galerida theklae_Thekla's Lark,taxon,Galerida theklae,Thekla's Lark,9330514,birdnet,SPECIES,species,EXACT
2406,Gallicrex cinerea_Watercock,taxon,Gallicrex cinerea,Watercock,2474404,birdnet,SPECIES,species,EXACT
2407,Gallinago andina_Puna Snipe,taxon,Gallinago andina,Puna Snipe,2481813,birdnet,SPECIES,species,EXACT
2408,Gallinago delicata_Wilson's Snipe,taxon,Gallinago delicata,Wilson's Snipe,2481817,birdnet,SPECIES,species,EXACT
2409,Gallinago gallinago_Common Snipe,taxon,Gallinago gallinago,Common Snipe,2481819,birdnet,SPECIES,species,EXACT
2410,Gallinago hardwickii_Latham's Snipe,taxon,Gallinago hardwickii,Latham's Snipe,2481830,birdnet,SPECIES,species,EXACT
2411,Gallinago imperialis_Imperial Snipe,taxon,Gallinago imperialis,Imperial Snipe,2481814,birdnet,SPECIES,species,EXACT
2412,Gallinago jamesoni_Jameson's Snipe,taxon,Gallinago jamesoni,Jameson's Snipe,2481816,birdnet,SPECIES,species,EXACT
2413,Gallinago magellanica_Magellanic Snipe,taxon,Gallinago magellanica,Magellanic Snipe,4352359,birdnet,SPECIES,species,EXACT
2414,Gallinago media_Great Snipe,taxon,Gallinago media,Great Snipe,2481831,birdnet,SPECIES,species,EXACT
2415,Gallinago megala_Swinhoe's Snipe,taxon,Gallinago megala,Swinhoe's Snipe,2481815,birdnet,SPECIES,species,EXACT
2416,Gallinago nobilis_Noble Snipe,taxon,Gallinago nobilis,Noble Snipe,2481827,birdnet,SPECIES,species,EXACT
2417,Gallinago paraguaiae_Paraguayan Snipe,taxon,Gallinago paraguaiae,Paraguayan Snipe,2481829,birdnet,SPECIES,species,EXACT
2418,Gallinago stenura_Pin-tailed Snipe,taxon,Gallinago stenura,Pin-tailed Snipe,2481828,birdnet,SPECIES,species,EXACT
2419,Gallinago undulata_Giant Snipe,taxon,Gallinago undulata,Giant Snipe,2481812,birdnet,SPECIES,species,EXACT
2420,Gallinula chloropus_Eurasian Moorhen,taxon,Gallinula chloropus,Eurasian Moorhen,5228199,birdnet,SPECIES,species,EXACT
2421,Gallinula galeata_Common Gallinule,taxon,Gallinula galeata,Common Gallinule,7340222,birdnet,SPECIES,species,EXACT
2422,Gallinula tenebrosa_Dusky Moorhen,taxon,Gallinula tenebrosa,Dusky Moorhen,5228220,birdnet,SPECIES,species,EXACT
2423,Gallirallus australis_Weka,taxon,Gallirallus australis,Weka,2474535,birdnet,SPECIES,species,EXACT
2424,Gallirallus philippensis_Buff-banded Rail,taxon,Gallirallus philippensis,Buff-banded Rail,2474550,birdnet,SPECIES,species,EXACT
2425,Gallirallus torquatus_Barred Rail,taxon,Gallirallus torquatus,Barred Rail,2474575,birdnet,SPECIES,species,EXACT
2426,Galloperdix bicalcarata_Sri Lanka Spurfowl,taxon,Galloperdix bicalcarata,Sri Lanka Spurfowl,2473695,birdnet,SPECIES,species,EXACT
2427,Galloperdix spadicea_Red Spurfowl,taxon,Galloperdix spadicea,Red Spurfowl,2473696,birdnet,SPECIES,species,EXACT
2428,Gallus gallus_Red Junglefowl,taxon,Gallus gallus,Red Junglefowl,9326020,birdnet,SPECIES,species,EXACT
2429,Gallus lafayettii_Sri Lanka Junglefowl,taxon,Gallus lafayettii,Sri Lanka Junglefowl,5227766,birdnet,SPECIES,species,EXACT
2430,Gallus sonneratii_Gray Junglefowl,taxon,Gallus sonneratii,Gray Junglefowl,5227765,birdnet,SPECIES,species,EXACT
2431,Gallus varius_Green Junglefowl,taxon,Gallus varius,Green Junglefowl,5227768,birdnet,SPECIES,species,EXACT
2432,Gampsonyx swainsonii_Pearl Kite,taxon,Gampsonyx swainsonii,Pearl Kite,2480710,birdnet,SPECIES,species,EXACT
2433,Gampsorhynchus rufulus_White-hooded Babbler,taxon,Gampsorhynchus rufulus,White-hooded Babbler,2493341,birdnet,SPECIES,species,EXACT
2434,Gampsorhynchus torquatus_Collared Babbler,taxon,Gampsorhynchus torquatus,Collared Babbler,7341214,birdnet,SPECIES,species,EXACT
2435,Garrulax canorus_Chinese Hwamei,taxon,Garrulax canorus,Chinese Hwamei,2493479,birdnet,SPECIES,species,EXACT
2436,Garrulax leucolophus_White-crested Laughingthrush,taxon,Garrulax leucolophus,White-crested Laughingthrush,2493447,birdnet,SPECIES,species,EXACT
2437,Garrulax milleti_Black-hooded Laughingthrush,taxon,Garrulax milleti,Black-hooded Laughingthrush,2493476,birdnet,SPECIES,species,EXACT
2438,Garrulax monileger_Lesser Necklaced Laughingthrush,taxon,Garrulax monileger,Lesser Necklaced Laughingthrush,2493444,birdnet,SPECIES,species,EXACT
2439,Garrulax palliatus_Sunda Laughingthrush,taxon,Garrulax palliatus,Sunda Laughingthrush,2493464,birdnet,SPECIES,species,EXACT
2440,Garrulax strepitans_White-necked Laughingthrush,taxon,Garrulax strepitans,White-necked Laughingthrush,2493486,birdnet,SPECIES,species,EXACT
2441,Garrulax taewanus_Taiwan Hwamei,taxon,Garrulax taewanus,Taiwan Hwamei,5733795,birdnet,SPECIES,species,EXACT
2442,Garrulus glandarius_Eurasian Jay,taxon,Garrulus glandarius,Eurasian Jay,5229493,birdnet,SPECIES,species,EXACT
2443,Garrulus lanceolatus_Black-headed Jay,taxon,Garrulus lanceolatus,Black-headed Jay,5229492,birdnet,SPECIES,species,EXACT
2444,Garrulus lidthi_Lidth's Jay,taxon,Garrulus lidthi,Lidth's Jay,5229494,birdnet,SPECIES,species,EXACT
2445,Gastrophryne carolinensis_Eastern Narrow-mouthed Toad,taxon,Gastrophryne carolinensis,Eastern Narrow-mouthed Toad,2421766,birdnet,SPECIES,species,EXACT
2446,Gastrophryne olivacea_Great Plains Narrow-mouthed Toad,taxon,Gastrophryne olivacea,Great Plains Narrow-mouthed Toad,2421773,birdnet,SPECIES,species,EXACT
2447,Gavia adamsii_Yellow-billed Loon,taxon,Gavia adamsii,Yellow-billed Loon,2481957,birdnet,SPECIES,species,EXACT
2448,Gavia arctica_Arctic Loon,taxon,Gavia arctica,Arctic Loon,2481959,birdnet,SPECIES,species,EXACT
2449,Gavia immer_Common Loon,taxon,Gavia immer,Common Loon,2481962,birdnet,SPECIES,species,EXACT
2450,Gavia pacifica_Pacific Loon,taxon,Gavia pacifica,Pacific Loon,2481955,birdnet,SPECIES,species,EXACT
2451,Gavia stellata_Red-throated Loon,taxon,Gavia stellata,Red-throated Loon,2481958,birdnet,SPECIES,species,EXACT
2452,Gavicalis fasciogularis_Mangrove Honeyeater,taxon,Gavicalis fasciogularis,Mangrove Honeyeater,7897938,birdnet,SPECIES,species,EXACT
2453,Gavicalis virescens_Singing Honeyeater,taxon,Gavicalis virescens,Singing Honeyeater,7379258,birdnet,SPECIES,species,EXACT
2454,Gecinulus grantia_Pale-headed Woodpecker,taxon,Gecinulus grantia,Pale-headed Woodpecker,2478216,birdnet,SPECIES,species,EXACT
2455,Gecinulus viridis_Bamboo Woodpecker,taxon,Gecinulus viridis,Bamboo Woodpecker,2478220,birdnet,SPECIES,species,EXACT
2456,Gelochelidon nilotica_Gull-billed Tern,taxon,Gelochelidon nilotica,Gull-billed Tern,2481263,birdnet,SPECIES,species,EXACT
2457,Geocerthia serrana_Striated Earthcreeper,taxon,Geocerthia serrana,Striated Earthcreeper,7341328,birdnet,SPECIES,species,EXACT
2458,Geococcyx californianus_Greater Roadrunner,taxon,Geococcyx californianus,Greater Roadrunner,2496459,birdnet,SPECIES,species,EXACT
2459,Geococcyx velox_Lesser Roadrunner,taxon,Geococcyx velox,Lesser Roadrunner,2496460,birdnet,SPECIES,species,EXACT
2460,Geoffroyus geoffroyi_Red-cheeked Parrot,taxon,Geoffroyus geoffroyi,Red-cheeked Parrot,2479334,birdnet,SPECIES,species,EXACT
2461,Geoffroyus heteroclitus_Singing Parrot,taxon,Geoffroyus heteroclitus,Singing Parrot,2479354,birdnet,SPECIES,species,EXACT
2462,Geokichla citrina_Orange-headed Thrush,taxon,Geokichla citrina,Orange-headed Thrush,6100882,birdnet,SPECIES,species,EXACT
2463,Geokichla gurneyi_Orange Ground-Thrush,taxon,Geokichla gurneyi,Orange Ground-Thrush,6100889,birdnet,SPECIES,species,EXACT
2464,Geokichla guttata_Spotted Ground-Thrush,taxon,Geokichla guttata,Spotted Ground-Thrush,6100877,birdnet,SPECIES,species,EXACT
2465,Geokichla peronii_Orange-banded Thrush,taxon,Geokichla peronii,Orange-banded Thrush,6100874,birdnet,SPECIES,species,EXACT
2466,Geokichla piaggiae_Abyssinian Ground-Thrush,taxon,Geokichla piaggiae,Abyssinian Ground-Thrush,6100875,birdnet,SPECIES,species,EXACT
2467,Geokichla sibirica_Siberian Thrush,taxon,Geokichla sibirica,Siberian Thrush,6100888,birdnet,SPECIES,species,EXACT
2468,Geokichla spiloptera_Spot-winged Thrush,taxon,Geokichla spiloptera,Spot-winged Thrush,6100891,birdnet,SPECIES,species,EXACT
2469,Geopelia humeralis_Bar-shouldered Dove,taxon,Geopelia humeralis,Bar-shouldered Dove,2495487,birdnet,SPECIES,species,EXACT
2470,Geopelia placida_Peaceful Dove,taxon,Geopelia placida,Peaceful Dove,2495495,birdnet,SPECIES,species,EXACT
2471,Geopelia striata_Zebra Dove,taxon,Geopelia striata,Zebra Dove,2495486,birdnet,SPECIES,species,EXACT
2472,Geositta antarctica_Short-billed Miner,taxon,Geositta antarctica,Short-billed Miner,2485881,birdnet,SPECIES,species,EXACT
2473,Geositta cunicularia_Common Miner,taxon,Geositta cunicularia,Common Miner,2485888,birdnet,SPECIES,species,EXACT
2474,Geositta punensis_Puna Miner,taxon,Geositta punensis,Puna Miner,2485887,birdnet,SPECIES,species,EXACT
2475,Geositta rufipennis_Rufous-banded Miner,taxon,Geositta rufipennis,Rufous-banded Miner,2485868,birdnet,SPECIES,species,EXACT
2476,Geositta tenuirostris_Slender-billed Miner,taxon,Geositta tenuirostris,Slender-billed Miner,2485884,birdnet,SPECIES,species,EXACT
2477,Geospizopsis plebejus_Ash-breasted Sierra Finch,taxon,Geospizopsis plebejus,Ash-breasted Sierra Finch,9635084,birdnet,SPECIES,species,EXACT
2478,Geospizopsis unicolor_Plumbeous Sierra Finch,taxon,Geospizopsis unicolor,Plumbeous Sierra Finch,9491290,birdnet,SPECIES,species,EXACT
2479,Geothlypis aequinoctialis_Masked Yellowthroat,taxon,Geothlypis aequinoctialis,Masked Yellowthroat,2489649,birdnet,SPECIES,species,EXACT
2480,Geothlypis beldingi_Belding's Yellowthroat,taxon,Geothlypis beldingi,Belding's Yellowthroat,2489638,birdnet,SPECIES,species,EXACT
2481,Geothlypis formosa_Kentucky Warbler,taxon,Geothlypis formosa,Kentucky Warbler,6093586,birdnet,SPECIES,species,EXACT
2482,Geothlypis nelsoni_Hooded Yellowthroat,taxon,Geothlypis nelsoni,Hooded Yellowthroat,2489667,birdnet,SPECIES,species,EXACT
2483,Geothlypis philadelphia_Mourning Warbler,taxon,Geothlypis philadelphia,Mourning Warbler,5789148,birdnet,SPECIES,species,EXACT
2484,Geothlypis poliocephala_Gray-crowned Yellowthroat,taxon,Geothlypis poliocephala,Gray-crowned Yellowthroat,2489655,birdnet,SPECIES,species,EXACT
2485,Geothlypis rostrata_Bahama Yellowthroat,taxon,Geothlypis rostrata,Bahama Yellowthroat,2489645,birdnet,SPECIES,species,EXACT
2486,Geothlypis semiflava_Olive-crowned Yellowthroat,taxon,Geothlypis semiflava,Olive-crowned Yellowthroat,2489641,birdnet,SPECIES,species,EXACT
2487,Geothlypis speciosa_Black-polled Yellowthroat,taxon,Geothlypis speciosa,Black-polled Yellowthroat,2489664,birdnet,SPECIES,species,EXACT
2488,Geothlypis tolmiei_MacGillivray's Warbler,taxon,Geothlypis tolmiei,MacGillivray's Warbler,5789146,birdnet,SPECIES,species,EXACT
2489,Geothlypis trichas_Common Yellowthroat,taxon,Geothlypis trichas,Common Yellowthroat,2489670,birdnet,SPECIES,species,EXACT
2490,Geotrygon chrysia_Key West Quail-Dove,taxon,Geotrygon chrysia,Key West Quail-Dove,2496120,birdnet,SPECIES,species,EXACT
2491,Geotrygon montana_Ruddy Quail-Dove,taxon,Geotrygon montana,Ruddy Quail-Dove,2496121,birdnet,SPECIES,species,EXACT
2492,Geotrygon violacea_Violaceous Quail-Dove,taxon,Geotrygon violacea,Violaceous Quail-Dove,2496109,birdnet,SPECIES,species,EXACT
2493,Geranoaetus albicaudatus_White-tailed Hawk,taxon,Geranoaetus albicaudatus,White-tailed Hawk,7787493,birdnet,SPECIES,species,EXACT
2494,Geranoaetus melanoleucus_Black-chested Buzzard-Eagle,taxon,Geranoaetus melanoleucus,Black-chested Buzzard-Eagle,2480668,birdnet,SPECIES,species,EXACT
2495,Geranoaetus polyosoma_Variable Hawk,taxon,Geranoaetus polyosoma,Variable Hawk,8033105,birdnet,SPECIES,species,EXACT
2496,Geranospiza caerulescens_Crane Hawk,taxon,Geranospiza caerulescens,Crane Hawk,2480435,birdnet,SPECIES,species,EXACT
2497,Geronticus eremita_Northern Bald Ibis,taxon,Geronticus eremita,Northern Bald Ibis,2480770,birdnet,SPECIES,species,EXACT
2498,Gerygone chloronota_Green-backed Gerygone,taxon,Gerygone chloronota,Green-backed Gerygone,7341355,birdnet,SPECIES,species,EXACT
2499,Gerygone flavolateralis_Fan-tailed Gerygone,taxon,Gerygone flavolateralis,Fan-tailed Gerygone,2486556,birdnet,SPECIES,species,EXACT
2500,Gerygone fusca_Western Gerygone,taxon,Gerygone fusca,Western Gerygone,2486563,birdnet,SPECIES,species,EXACT
2501,Gerygone igata_Gray Gerygone,taxon,Gerygone igata,Gray Gerygone,2486551,birdnet,SPECIES,species,EXACT
2502,Gerygone levigaster_Mangrove Gerygone,taxon,Gerygone levigaster,Mangrove Gerygone,2486565,birdnet,SPECIES,species,EXACT
2503,Gerygone magnirostris_Large-billed Gerygone,taxon,Gerygone magnirostris,Large-billed Gerygone,2486552,birdnet,SPECIES,species,EXACT
2504,Gerygone mouki_Brown Gerygone,taxon,Gerygone mouki,Brown Gerygone,2486566,birdnet,SPECIES,species,EXACT
2505,Gerygone olivacea_White-throated Gerygone,taxon,Gerygone olivacea,White-throated Gerygone,2486553,birdnet,SPECIES,species,EXACT
2506,Gerygone palpebrosa_Fairy Gerygone,taxon,Gerygone palpebrosa,Fairy Gerygone,2486559,birdnet,SPECIES,species,EXACT
2507,Gerygone sulphurea_Golden-bellied Gerygone,taxon,Gerygone sulphurea,Golden-bellied Gerygone,2486554,birdnet,SPECIES,species,EXACT
2508,Glareola lactea_Small Pratincole,taxon,Glareola lactea,Small Pratincole,2480755,birdnet,SPECIES,species,EXACT
2509,Glareola maldivarum_Oriental Pratincole,taxon,Glareola maldivarum,Oriental Pratincole,2480759,birdnet,SPECIES,species,EXACT
2510,Glareola pratincola_Collared Pratincole,taxon,Glareola pratincola,Collared Pratincole,2480757,birdnet,SPECIES,species,EXACT
2511,Glaucestrilda caerulescens_Lavender Waxbill,taxon,Glaucestrilda caerulescens,Lavender Waxbill,10946560,birdnet,SPECIES,species,EXACT
2512,Glaucidium bolivianum_Yungas Pygmy-Owl,taxon,Glaucidium bolivianum,Yungas Pygmy-Owl,5232081,birdnet,SPECIES,species,EXACT
2513,Glaucidium brasilianum_Ferruginous Pygmy-Owl,taxon,Glaucidium brasilianum,Ferruginous Pygmy-Owl,5232118,birdnet,SPECIES,species,EXACT
2514,Glaucidium capense_African Barred Owlet,taxon,Glaucidium capense,African Barred Owlet,5232102,birdnet,SPECIES,species,EXACT
2515,Glaucidium castanopterum_Javan Owlet,taxon,Glaucidium castanopterum,Javan Owlet,5232101,birdnet,SPECIES,species,EXACT
2516,Glaucidium castanotum_Chestnut-backed Owlet,taxon,Glaucidium castanotum,Chestnut-backed Owlet,6101157,birdnet,SPECIES,species,EXACT
2517,Glaucidium costaricanum_Costa Rican Pygmy-Owl,taxon,Glaucidium costaricanum,Costa Rican Pygmy-Owl,5232166,birdnet,SPECIES,species,EXACT
2518,Glaucidium cuculoides_Asian Barred Owlet,taxon,Glaucidium cuculoides,Asian Barred Owlet,5232143,birdnet,SPECIES,species,EXACT
2519,Glaucidium gnoma_Northern Pygmy-Owl,taxon,Glaucidium gnoma,Northern Pygmy-Owl,9616953,birdnet,SPECIES,species,EXACT
2520,Glaucidium griseiceps_Central American Pygmy-Owl,taxon,Glaucidium griseiceps,Central American Pygmy-Owl,5232132,birdnet,SPECIES,species,EXACT
2521,Glaucidium hardyi_Amazonian Pygmy-Owl,taxon,Glaucidium hardyi,Amazonian Pygmy-Owl,5232089,birdnet,SPECIES,species,EXACT
2522,Glaucidium jardinii_Andean Pygmy-Owl,taxon,Glaucidium jardinii,Andean Pygmy-Owl,5232137,birdnet,SPECIES,species,EXACT
2523,Glaucidium minutissimum_Least Pygmy-Owl,taxon,Glaucidium minutissimum,Least Pygmy-Owl,5232131,birdnet,SPECIES,species,EXACT
2524,Glaucidium nana_Austral Pygmy-Owl,taxon,Glaucidium nana,Austral Pygmy-Owl,5232138,birdnet,SPECIES,species,EXACT
2525,Glaucidium nubicola_Cloud-forest Pygmy-Owl,taxon,Glaucidium nubicola,Cloud-forest Pygmy-Owl,5232136,birdnet,SPECIES,species,EXACT
2526,Glaucidium palmarum_Colima Pygmy-Owl,taxon,Glaucidium palmarum,Colima Pygmy-Owl,5232090,birdnet,SPECIES,species,EXACT
2527,Glaucidium parkeri_Subtropical Pygmy-Owl,taxon,Glaucidium parkeri,Subtropical Pygmy-Owl,5232095,birdnet,SPECIES,species,EXACT
2528,Glaucidium passerinum_Eurasian Pygmy-Owl,taxon,Glaucidium passerinum,Eurasian Pygmy-Owl,5232162,birdnet,SPECIES,species,EXACT
2529,Glaucidium perlatum_Pearl-spotted Owlet,taxon,Glaucidium perlatum,Pearl-spotted Owlet,5232086,birdnet,SPECIES,species,EXACT
2530,Glaucidium peruanum_Peruvian Pygmy-Owl,taxon,Glaucidium peruanum,Peruvian Pygmy-Owl,5232094,birdnet,SPECIES,species,EXACT
2531,Glaucidium radiatum_Jungle Owlet,taxon,Glaucidium radiatum,Jungle Owlet,5232083,birdnet,SPECIES,species,EXACT
2532,Glaucidium sanchezi_Tamaulipas Pygmy-Owl,taxon,Glaucidium sanchezi,Tamaulipas Pygmy-Owl,5232165,birdnet,SPECIES,species,EXACT
2533,Glaucidium siju_Cuban Pygmy-Owl,taxon,Glaucidium siju,Cuban Pygmy-Owl,5232140,birdnet,SPECIES,species,EXACT
2534,Glaucidium tephronotum_Red-chested Owlet,taxon,Glaucidium tephronotum,Red-chested Owlet,5232096,birdnet,SPECIES,species,EXACT
2535,Glaucis dohrnii_Hook-billed Hermit,taxon,Glaucis dohrnii,Hook-billed Hermit,2476890,birdnet,SPECIES,species,EXACT
2536,Glaucis hirsutus_Rufous-breasted Hermit,taxon,Glaucis hirsutus,Rufous-breasted Hermit,2476892,birdnet,SPECIES,species,EXACT
2537,Gliciphila melanops_Tawny-crowned Honeyeater,taxon,Gliciphila melanops,Tawny-crowned Honeyeater,2487161,birdnet,SPECIES,species,EXACT
2538,Glossopsitta concinna_Musk Lorikeet,taxon,Glossopsitta concinna,Musk Lorikeet,2480170,birdnet,SPECIES,species,EXACT
2539,Glyphorynchus spirurus_Wedge-billed Woodcreeper,taxon,Glyphorynchus spirurus,Wedge-billed Woodcreeper,2485341,birdnet,SPECIES,species,EXACT
2540,Gnorimopsar chopi_Chopi Blackbird,taxon,Gnorimopsar chopi,Chopi Blackbird,2484413,birdnet,SPECIES,species,EXACT
2541,Gorsachius melanolophus_Malayan Night-Heron,taxon,Gorsachius melanolophus,Malayan Night-Heron,2480841,birdnet,SPECIES,species,EXACT
2542,Gracula indica_Southern Hill Myna,taxon,Gracula indica,Southern Hill Myna,6092114,birdnet,SPECIES,species,EXACT
2543,Gracula ptilogenys_Sri Lanka Myna,taxon,Gracula ptilogenys,Sri Lanka Myna,2489000,birdnet,SPECIES,species,EXACT
2544,Gracula religiosa_Common Hill Myna,taxon,Gracula religiosa,Common Hill Myna,2488999,birdnet,SPECIES,species,EXACT
2545,Gracupica contra_Asian Pied Starling,taxon,Gracupica contra,Asian Pied Starling,7341597,birdnet,SPECIES,species,EXACT
2546,Gracupica nigricollis_Black-collared Starling,taxon,Gracupica nigricollis,Black-collared Starling,5845390,birdnet,SPECIES,species,EXACT
2547,Grallaria albigula_White-throated Antpitta,taxon,Grallaria albigula,White-throated Antpitta,2490531,birdnet,SPECIES,species,EXACT
2548,Grallaria alleni_Moustached Antpitta,taxon,Grallaria alleni,Moustached Antpitta,2490520,birdnet,SPECIES,species,EXACT
2549,Grallaria andicolus_Stripe-headed Antpitta,taxon,Grallaria andicolus,Stripe-headed Antpitta,7341001,birdnet,SPECIES,species,EXACT
2550,Grallaria bangsi_Santa Marta Antpitta,taxon,Grallaria bangsi,Santa Marta Antpitta,2490522,birdnet,SPECIES,species,EXACT
2551,Grallaria blakei_Chestnut Antpitta,taxon,Grallaria blakei,Chestnut Antpitta,2490532,birdnet,SPECIES,species,EXACT
2552,Grallaria cajamarcae_Cajamarca Antpitta,taxon,Grallaria cajamarcae,Cajamarca Antpitta,11359733,birdnet,SPECIES,species,EXACT
2553,Grallaria capitalis_Bay Antpitta,taxon,Grallaria capitalis,Bay Antpitta,2490524,birdnet,SPECIES,species,EXACT
2554,Grallaria carrikeri_Pale-billed Antpitta,taxon,Grallaria carrikeri,Pale-billed Antpitta,2490544,birdnet,SPECIES,species,EXACT
2555,Grallaria dignissima_Ochre-striped Antpitta,taxon,Grallaria dignissima,Ochre-striped Antpitta,2490526,birdnet,SPECIES,species,EXACT
2556,Grallaria erythroleuca_Red-and-white Antpitta,taxon,Grallaria erythroleuca,Red-and-white Antpitta,2490536,birdnet,SPECIES,species,EXACT
2557,Grallaria erythrotis_Rufous-faced Antpitta,taxon,Grallaria erythrotis,Rufous-faced Antpitta,2490527,birdnet,SPECIES,species,EXACT
2558,Grallaria flavotincta_Yellow-breasted Antpitta,taxon,Grallaria flavotincta,Yellow-breasted Antpitta,2490528,birdnet,SPECIES,species,EXACT
2559,Grallaria gigantea_Giant Antpitta,taxon,Grallaria gigantea,Giant Antpitta,2490517,birdnet,SPECIES,species,EXACT
2560,Grallaria gravesi_Chachapoyas Antpitta,taxon,Grallaria gravesi,Chachapoyas Antpitta,11130634,birdnet,SPECIES,species,EXACT
2561,Grallaria griseonucha_Gray-naped Antpitta,taxon,Grallaria griseonucha,Gray-naped Antpitta,2490538,birdnet,SPECIES,species,EXACT
2562,Grallaria guatimalensis_Scaled Antpitta,taxon,Grallaria guatimalensis,Scaled Antpitta,2490529,birdnet,SPECIES,species,EXACT
2563,Grallaria haplonota_Plain-backed Antpitta,taxon,Grallaria haplonota,Plain-backed Antpitta,2490518,birdnet,SPECIES,species,EXACT
2564,Grallaria hypoleuca_White-bellied Antpitta,taxon,Grallaria hypoleuca,White-bellied Antpitta,2490539,birdnet,SPECIES,species,EXACT
2565,Grallaria kaestneri_Cundinamarca Antpitta,taxon,Grallaria kaestneri,Cundinamarca Antpitta,2490530,birdnet,SPECIES,species,EXACT
2566,Grallaria milleri_Brown-banded Antpitta,taxon,Grallaria milleri,Brown-banded Antpitta,2490519,birdnet,SPECIES,species,EXACT
2567,Grallaria nuchalis_Chestnut-naped Antpitta,taxon,Grallaria nuchalis,Chestnut-naped Antpitta,2490540,birdnet,SPECIES,species,EXACT
2568,Grallaria occabambae_Urubamba Antpitta,taxon,Grallaria occabambae,Urubamba Antpitta,11272186,birdnet,SPECIES,species,EXACT
2569,Grallaria przewalskii_Rusty-tinged Antpitta,taxon,Grallaria przewalskii,Rusty-tinged Antpitta,2490521,birdnet,SPECIES,species,EXACT
2570,Grallaria quitensis_Tawny Antpitta,taxon,Grallaria quitensis,Tawny Antpitta,2490542,birdnet,SPECIES,species,EXACT
2571,Grallaria ridgelyi_Jocotoco Antpitta,taxon,Grallaria ridgelyi,Jocotoco Antpitta,5788705,birdnet,SPECIES,species,EXACT
2572,Grallaria ruficapilla_Chestnut-crowned Antpitta,taxon,Grallaria ruficapilla,Chestnut-crowned Antpitta,2490523,birdnet,SPECIES,species,EXACT
2573,Grallaria rufocinerea_Bicolored Antpitta,taxon,Grallaria rufocinerea,Bicolored Antpitta,2490543,birdnet,SPECIES,species,EXACT
2574,Grallaria rufula_Muisca Antpitta,taxon,Grallaria rufula,Muisca Antpitta,2490533,birdnet,SPECIES,species,EXACT
2575,Grallaria saturata_Equatorial Antpitta,taxon,Grallaria saturata,Equatorial Antpitta,11144039,birdnet,SPECIES,species,EXACT
2576,Grallaria squamigera_Undulated Antpitta,taxon,Grallaria squamigera,Undulated Antpitta,2490525,birdnet,SPECIES,species,EXACT
2577,Grallaria urraoensis_Urrao Antpitta,taxon,Grallaria urraoensis,Urrao Antpitta,6101111,birdnet,SPECIES,species,EXACT
2578,Grallaria varia_Variegated Antpitta,taxon,Grallaria varia,Variegated Antpitta,2490545,birdnet,SPECIES,species,EXACT
2579,Grallaria watkinsi_Watkins's Antpitta,taxon,Grallaria watkinsi,Watkins's Antpitta,2490535,birdnet,SPECIES,species,EXACT
2580,Grallaricula cucullata_Hooded Antpitta,taxon,Grallaricula cucullata,Hooded Antpitta,2490515,birdnet,SPECIES,species,EXACT
2581,Grallaricula ferrugineipectus_Rusty-breasted Antpitta,taxon,Grallaricula ferrugineipectus,Rusty-breasted Antpitta,2490509,birdnet,SPECIES,species,EXACT
2582,Grallaricula flavirostris_Ochre-breasted Antpitta,taxon,Grallaricula flavirostris,Ochre-breasted Antpitta,2490514,birdnet,SPECIES,species,EXACT
2583,Grallaricula leymebambae_Leymebamba Antpitta,taxon,Grallaricula leymebambae,Leymebamba Antpitta,8220122,birdnet,SPECIES,species,EXACT
2584,Grallaricula lineifrons_Crescent-faced Antpitta,taxon,Grallaricula lineifrons,Crescent-faced Antpitta,2490511,birdnet,SPECIES,species,EXACT
2585,Grallaricula nana_Slate-crowned Antpitta,taxon,Grallaricula nana,Slate-crowned Antpitta,2490510,birdnet,SPECIES,species,EXACT
2586,Grallaricula ochraceifrons_Ochre-fronted Antpitta,taxon,Grallaricula ochraceifrons,Ochre-fronted Antpitta,2490508,birdnet,SPECIES,species,EXACT
2587,Grallaricula peruviana_Peruvian Antpitta,taxon,Grallaricula peruviana,Peruvian Antpitta,2490512,birdnet,SPECIES,species,EXACT
2588,Grallina cyanoleuca_Magpie-lark,taxon,Grallina cyanoleuca,Magpie-lark,2486655,birdnet,SPECIES,species,EXACT
2589,Grammatoptila striata_Striated Laughingthrush,taxon,Grammatoptila striata,Striated Laughingthrush,7762492,birdnet,SPECIES,species,EXACT
2590,Granatellus pelzelni_Rose-breasted Chat,taxon,Granatellus pelzelni,Rose-breasted Chat,2489620,birdnet,SPECIES,species,EXACT
2591,Granatellus sallaei_Gray-throated Chat,taxon,Granatellus sallaei,Gray-throated Chat,2489617,birdnet,SPECIES,species,EXACT
2592,Granatellus venustus_Red-breasted Chat,taxon,Granatellus venustus,Red-breasted Chat,2489623,birdnet,SPECIES,species,EXACT
2593,Granatina ianthinogaster_Purple Grenadier,taxon,Granatina ianthinogaster,Purple Grenadier,5845644,birdnet,SPECIES,species,EXACT
2594,Grantiella picta_Painted Honeyeater,taxon,Grantiella picta,Painted Honeyeater,2487132,birdnet,SPECIES,species,EXACT
2595,Graydidascalus brachyurus_Short-tailed Parrot,taxon,Graydidascalus brachyurus,Short-tailed Parrot,2479735,birdnet,SPECIES,species,EXACT
2596,Grus americana_Whooping Crane,taxon,Grus americana,Whooping Crane,2474941,birdnet,SPECIES,species,EXACT
2597,Grus grus_Common Crane,taxon,Grus grus,Common Crane,2474950,birdnet,SPECIES,species,EXACT
2598,Grus japonensis_Red-crowned Crane,taxon,Grus japonensis,Red-crowned Crane,2474944,birdnet,SPECIES,species,EXACT
2599,Grus monacha_Hooded Crane,taxon,Grus monacha,Hooded Crane,2474943,birdnet,SPECIES,species,EXACT
2600,Grus nigricollis_Black-necked Crane,taxon,Grus nigricollis,Black-necked Crane,2474960,birdnet,SPECIES,species,EXACT
2601,Gryllus assimilis_Gryllus assimilis,taxon,Gryllus assimilis,Gryllus assimilis,8455875,birdnet,SPECIES,species,EXACT
2602,Gryllus fultoni_Southern Wood Cricket,taxon,Gryllus fultoni,Southern Wood Cricket,1716760,birdnet,SPECIES,species,EXACT
2603,Gryllus pennsylvanicus_Fall Field Cricket,taxon,Gryllus pennsylvanicus,Fall Field Cricket,1716748,birdnet,SPECIES,species,EXACT
2604,Gryllus rubens_Southeastern Field Cricket,taxon,Gryllus rubens,Southeastern Field Cricket,1716838,birdnet,SPECIES,species,EXACT
2605,Guaruba guarouba_Golden Parakeet,taxon,Guaruba guarouba,Golden Parakeet,2480064,birdnet,SPECIES,species,EXACT
2606,Gubernatrix cristata_Yellow Cardinal,taxon,Gubernatrix cristata,Yellow Cardinal,2491899,birdnet,SPECIES,species,EXACT
2607,Gubernetes yetapa_Streamer-tailed Tyrant,taxon,Gubernetes yetapa,Streamer-tailed Tyrant,2483853,birdnet,SPECIES,species,EXACT
2608,Guira guira_Guira Cuckoo,taxon,Guira guira,Guira Cuckoo,2496462,birdnet,SPECIES,species,EXACT
2609,Gun_Gun,non_taxonomic,,Gun,,birdnet,,non_taxon,
2610,Guttera pucherani_Crested Guineafowl,taxon,Guttera pucherani,Crested Guineafowl,2473325,birdnet,SPECIES,species,EXACT
2611,Gygis alba_White Tern,taxon,Gygis alba,White Tern,2481213,birdnet,SPECIES,species,EXACT
2612,Gymnasio nudipes_Puerto Rican Owl,taxon,Gymnasio nudipes,Puerto Rican Owl,9677434,birdnet,SPECIES,species,EXACT
2613,Gymnobucco bonapartei_Gray-throated Barbet,taxon,Gymnobucco bonapartei,Gray-throated Barbet,2478747,birdnet,SPECIES,species,EXACT
2614,Gymnobucco calvus_Naked-faced Barbet,taxon,Gymnobucco calvus,Naked-faced Barbet,2478750,birdnet,SPECIES,species,EXACT
2615,Gymnocichla nudiceps_Bare-crowned Antbird,taxon,Gymnocichla nudiceps,Bare-crowned Antbird,2490070,birdnet,SPECIES,species,EXACT
2616,Gymnomystax mexicanus_Oriole Blackbird,taxon,Gymnomystax mexicanus,Oriole Blackbird,2484109,birdnet,SPECIES,species,EXACT
2617,Gymnomyza brunneirostris_Duetting Giant-Honeyeater,taxon,Gymnomyza brunneirostris,Duetting Giant-Honeyeater,8330425,birdnet,SPECIES,species,EXACT
2618,Gymnomyza samoensis_Mao,taxon,Gymnomyza samoensis,Mao,5230476,birdnet,SPECIES,species,EXACT
2619,Gymnopithys bicolor_Bicolored Antbird,taxon,Gymnopithys bicolor,Bicolored Antbird,2490005,birdnet,SPECIES,species,EXACT
2620,Gymnopithys leucaspis_White-cheeked Antbird,taxon,Gymnopithys leucaspis,White-cheeked Antbird,2490003,birdnet,SPECIES,species,EXACT
2621,Gymnopithys rufigula_Rufous-throated Antbird,taxon,Gymnopithys rufigula,Rufous-throated Antbird,2490007,birdnet,SPECIES,species,EXACT
2622,Gymnorhina tibicen_Australian Magpie,taxon,Gymnorhina tibicen,Australian Magpie,2489450,birdnet,SPECIES,species,EXACT
2623,Gymnorhinus cyanocephalus_Pinyon Jay,taxon,Gymnorhinus cyanocephalus,Pinyon Jay,5229498,birdnet,SPECIES,species,EXACT
2624,Gymnoris dentata_Sahel Bush Sparrow,taxon,Gymnoris dentata,Sahel Bush Sparrow,6100967,birdnet,SPECIES,species,EXACT
2625,Gymnoris pyrgita_Yellow-spotted Bush Sparrow,taxon,Gymnoris pyrgita,Yellow-spotted Bush Sparrow,6100970,birdnet,SPECIES,species,EXACT
2626,Gymnoris superciliaris_Yellow-throated Bush Sparrow,taxon,Gymnoris superciliaris,Yellow-throated Bush Sparrow,6100969,birdnet,SPECIES,species,EXACT
2627,Gymnoris xanthocollis_Yellow-throated Sparrow,taxon,Gymnoris xanthocollis,Yellow-throated Sparrow,6100968,birdnet,SPECIES,species,EXACT
2628,Gyps fulvus_Eurasian Griffon,taxon,Gyps fulvus,Eurasian Griffon,2480389,birdnet,SPECIES,species,EXACT
2629,Gyps himalayensis_Himalayan Griffon,taxon,Gyps himalayensis,Himalayan Griffon,9561629,birdnet,SPECIES,species,EXACT
2630,Gypsophila brevicaudata_Streaked Wren-Babbler,taxon,Gypsophila brevicaudata,Streaked Wren-Babbler,10949772,birdnet,SPECIES,species,EXACT
2631,Gypsophila rufipectus_Rusty-breasted Wren-Babbler,taxon,Gypsophila rufipectus,Rusty-breasted Wren-Babbler,10997258,birdnet,SPECIES,species,EXACT
2632,Habia atrimaxillaris_Black-cheeked Ant-Tanager,taxon,Habia atrimaxillaris,Black-cheeked Ant-Tanager,5230704,birdnet,SPECIES,species,EXACT
2633,Habia cristata_Crested Ant-Tanager,taxon,Habia cristata,Crested Ant-Tanager,5230723,birdnet,SPECIES,species,EXACT
2634,Habia fuscicauda_Red-throated Ant-Tanager,taxon,Habia fuscicauda,Red-throated Ant-Tanager,5230697,birdnet,SPECIES,species,EXACT
2635,Habia gutturalis_Sooty Ant-Tanager,taxon,Habia gutturalis,Sooty Ant-Tanager,5230724,birdnet,SPECIES,species,EXACT
2636,Habia rubica_Red-crowned Ant-Tanager,taxon,Habia rubica,Red-crowned Ant-Tanager,5230705,birdnet,SPECIES,species,EXACT
2637,Haematopus ater_Blackish Oystercatcher,taxon,Haematopus ater,Blackish Oystercatcher,2480262,birdnet,SPECIES,species,EXACT
2638,Haematopus bachmani_Black Oystercatcher,taxon,Haematopus bachmani,Black Oystercatcher,2480272,birdnet,SPECIES,species,EXACT
2639,Haematopus finschi_South Island Oystercatcher,taxon,Haematopus finschi,South Island Oystercatcher,2480264,birdnet,SPECIES,species,EXACT
2640,Haematopus fuliginosus_Sooty Oystercatcher,taxon,Haematopus fuliginosus,Sooty Oystercatcher,2480271,birdnet,SPECIES,species,EXACT
2641,Haematopus leucopodus_Magellanic Oystercatcher,taxon,Haematopus leucopodus,Magellanic Oystercatcher,2480265,birdnet,SPECIES,species,EXACT
2642,Haematopus longirostris_Pied Oystercatcher,taxon,Haematopus longirostris,Pied Oystercatcher,2480261,birdnet,SPECIES,species,EXACT
2643,Haematopus ostralegus_Eurasian Oystercatcher,taxon,Haematopus ostralegus,Eurasian Oystercatcher,7788295,birdnet,SPECIES,species,EXACT
2644,Haematopus palliatus_American Oystercatcher,taxon,Haematopus palliatus,American Oystercatcher,2480273,birdnet,SPECIES,species,EXACT
2645,Haematopus unicolor_Variable Oystercatcher,taxon,Haematopus unicolor,Variable Oystercatcher,2480266,birdnet,SPECIES,species,EXACT
2646,Haematortyx sanguiniceps_Crimson-headed Partridge,taxon,Haematortyx sanguiniceps,Crimson-headed Partridge,2473719,birdnet,SPECIES,species,EXACT
2647,Haemorhous cassinii_Cassin's Finch,taxon,Haemorhous cassinii,Cassin's Finch,8255548,birdnet,SPECIES,species,EXACT
2648,Haemorhous mexicanus_House Finch,taxon,Haemorhous mexicanus,House Finch,8323485,birdnet,SPECIES,species,EXACT
2649,Haemorhous purpureus_Purple Finch,taxon,Haemorhous purpureus,Purple Finch,7804446,birdnet,SPECIES,species,EXACT
2650,Hafferia fortis_Sooty Antbird,taxon,Hafferia fortis,Sooty Antbird,9572442,birdnet,SPECIES,species,EXACT
2651,Hafferia immaculata_Blue-lored Antbird,taxon,Hafferia immaculata,Blue-lored Antbird,9452007,birdnet,SPECIES,species,EXACT
2652,Hafferia zeledoni_Zeledon's Antbird,taxon,Hafferia zeledoni,Zeledon's Antbird,9379128,birdnet,SPECIES,species,EXACT
2653,Halcyon albiventris_Brown-hooded Kingfisher,taxon,Halcyon albiventris,Brown-hooded Kingfisher,5228322,birdnet,SPECIES,species,EXACT
2654,Halcyon badia_Chocolate-backed Kingfisher,taxon,Halcyon badia,Chocolate-backed Kingfisher,5228344,birdnet,SPECIES,species,EXACT
2655,Halcyon chelicuti_Striped Kingfisher,taxon,Halcyon chelicuti,Striped Kingfisher,5228300,birdnet,SPECIES,species,EXACT
2656,Halcyon coromanda_Ruddy Kingfisher,taxon,Halcyon coromanda,Ruddy Kingfisher,5228311,birdnet,SPECIES,species,EXACT
2657,Halcyon gularis_Brown-breasted Kingfisher,taxon,Halcyon gularis,Brown-breasted Kingfisher,7718826,birdnet,SPECIES,species,EXACT
2658,Halcyon leucocephala_Gray-headed Kingfisher,taxon,Halcyon leucocephala,Gray-headed Kingfisher,5228304,birdnet,SPECIES,species,EXACT
2659,Halcyon malimbica_Blue-breasted Kingfisher,taxon,Halcyon malimbica,Blue-breasted Kingfisher,5228335,birdnet,SPECIES,species,EXACT
2660,Halcyon pileata_Black-capped Kingfisher,taxon,Halcyon pileata,Black-capped Kingfisher,5228310,birdnet,SPECIES,species,EXACT
2661,Halcyon senegalensis_Woodland Kingfisher,taxon,Halcyon senegalensis,Woodland Kingfisher,5228340,birdnet,SPECIES,species,EXACT
2662,Halcyon smyrnensis_White-throated Kingfisher,taxon,Halcyon smyrnensis,White-throated Kingfisher,5228328,birdnet,SPECIES,species,EXACT
2663,Haliaeetus albicilla_White-tailed Eagle,taxon,Haliaeetus albicilla,White-tailed Eagle,2480449,birdnet,SPECIES,species,EXACT
2664,Haliaeetus humilis_Lesser Fish-Eagle,taxon,Haliaeetus humilis,Lesser Fish-Eagle,8004473,birdnet,SPECIES,species,EXACT
2665,Haliaeetus ichthyaetus_Gray-headed Fish-Eagle,taxon,Haliaeetus ichthyaetus,Gray-headed Fish-Eagle,7763239,birdnet,SPECIES,species,EXACT
2666,Haliaeetus leucocephalus_Bald Eagle,taxon,Haliaeetus leucocephalus,Bald Eagle,2480446,birdnet,SPECIES,species,EXACT
2667,Haliaeetus leucogaster_White-bellied Sea-Eagle,taxon,Haliaeetus leucogaster,White-bellied Sea-Eagle,2480455,birdnet,SPECIES,species,EXACT
2668,Haliaeetus pelagicus_Steller's Sea-Eagle,taxon,Haliaeetus pelagicus,Steller's Sea-Eagle,2480445,birdnet,SPECIES,species,EXACT
2669,Haliaeetus vocifer_African Fish-Eagle,taxon,Haliaeetus vocifer,African Fish-Eagle,2480454,birdnet,SPECIES,species,EXACT
2670,Haliastur indus_Brahminy Kite,taxon,Haliastur indus,Brahminy Kite,2480437,birdnet,SPECIES,species,EXACT
2671,Haliastur sphenurus_Whistling Kite,taxon,Haliastur sphenurus,Whistling Kite,2480438,birdnet,SPECIES,species,EXACT
2672,Hapalocrex flaviventer_Yellow-breasted Crake,taxon,Hapalocrex flaviventer,Yellow-breasted Crake,9621766,birdnet,SPECIES,species,EXACT
2673,Hapalopsittaca amazonina_Rusty-faced Parrot,taxon,Hapalopsittaca amazonina,Rusty-faced Parrot,2479473,birdnet,SPECIES,species,EXACT
2674,Hapalopsittaca fuertesi_Indigo-winged Parrot,taxon,Hapalopsittaca fuertesi,Indigo-winged Parrot,2479477,birdnet,SPECIES,species,EXACT
2675,Hapaloptila castanea_White-faced Nunbird,taxon,Hapaloptila castanea,White-faced Nunbird,2475205,birdnet,SPECIES,species,EXACT
2676,Haplophaedia aureliae_Greenish Puffleg,taxon,Haplophaedia aureliae,Greenish Puffleg,2476336,birdnet,SPECIES,species,EXACT
2677,Haplospiza unicolor_Uniform Finch,taxon,Haplospiza unicolor,Uniform Finch,2491289,birdnet,SPECIES,species,EXACT
2678,Harpactes ardens_Philippine Trogon,taxon,Harpactes ardens,Philippine Trogon,5232045,birdnet,SPECIES,species,EXACT
2679,Harpactes diardii_Diard's Trogon,taxon,Harpactes diardii,Diard's Trogon,5232061,birdnet,SPECIES,species,EXACT
2680,Harpactes duvaucelii_Scarlet-rumped Trogon,taxon,Harpactes duvaucelii,Scarlet-rumped Trogon,5232068,birdnet,SPECIES,species,EXACT
2681,Harpactes erythrocephalus_Red-headed Trogon,taxon,Harpactes erythrocephalus,Red-headed Trogon,5232031,birdnet,SPECIES,species,EXACT
2682,Harpactes fasciatus_Malabar Trogon,taxon,Harpactes fasciatus,Malabar Trogon,5232051,birdnet,SPECIES,species,EXACT
2683,Harpactes kasumba_Red-naped Trogon,taxon,Harpactes kasumba,Red-naped Trogon,5232070,birdnet,SPECIES,species,EXACT
2684,Harpactes oreskios_Orange-breasted Trogon,taxon,Harpactes oreskios,Orange-breasted Trogon,5232055,birdnet,SPECIES,species,EXACT
2685,Harpactes orrhophaeus_Cinnamon-rumped Trogon,taxon,Harpactes orrhophaeus,Cinnamon-rumped Trogon,5232042,birdnet,SPECIES,species,EXACT
2686,Harpactes wardi_Ward's Trogon,taxon,Harpactes wardi,Ward's Trogon,5232067,birdnet,SPECIES,species,EXACT
2687,Harpagus bidentatus_Double-toothed Kite,taxon,Harpagus bidentatus,Double-toothed Kite,5229191,birdnet,SPECIES,species,EXACT
2688,Harpagus diodon_Rufous-thighed Kite,taxon,Harpagus diodon,Rufous-thighed Kite,5229192,birdnet,SPECIES,species,EXACT
2689,Harpia harpyja_Harpy Eagle,taxon,Harpia harpyja,Harpy Eagle,2480516,birdnet,SPECIES,species,EXACT
2690,Harpyopsis novaeguineae_New Guinea Eagle,taxon,Harpyopsis novaeguineae,New Guinea Eagle,2480424,birdnet,SPECIES,species,EXACT
2691,Hedydipna collaris_Collared Sunbird,taxon,Hedydipna collaris,Collared Sunbird,7340984,birdnet,SPECIES,species,EXACT
2692,Hedydipna metallica_Nile Valley Sunbird,taxon,Hedydipna metallica,Nile Valley Sunbird,6089269,birdnet,SPECIES,species,EXACT
2693,Hedydipna platura_Pygmy Sunbird,taxon,Hedydipna platura,Pygmy Sunbird,6089275,birdnet,SPECIES,species,EXACT
2694,Heliangelus amethysticollis_Amethyst-throated Sunangel,taxon,Heliangelus amethysticollis,Amethyst-throated Sunangel,2476699,birdnet,SPECIES,species,EXACT
2695,Heliangelus exortis_Tourmaline Sunangel,taxon,Heliangelus exortis,Tourmaline Sunangel,2476708,birdnet,SPECIES,species,EXACT
2696,Heliangelus viola_Purple-throated Sunangel,taxon,Heliangelus viola,Purple-throated Sunangel,2476698,birdnet,SPECIES,species,EXACT
2697,Helicolestes hamatus_Slender-billed Kite,taxon,Helicolestes hamatus,Slender-billed Kite,5788500,birdnet,SPECIES,species,EXACT
2698,Heliobletus contaminatus_Sharp-billed Treehunter,taxon,Heliobletus contaminatus,Sharp-billed Treehunter,5230281,birdnet,SPECIES,species,EXACT
2699,Heliodoxa jacula_Green-crowned Brilliant,taxon,Heliodoxa jacula,Green-crowned Brilliant,2476948,birdnet,SPECIES,species,EXACT
2700,Heliodoxa leadbeateri_Violet-fronted Brilliant,taxon,Heliodoxa leadbeateri,Violet-fronted Brilliant,2476938,birdnet,SPECIES,species,EXACT
2701,Heliodoxa rubinoides_Fawn-breasted Brilliant,taxon,Heliodoxa rubinoides,Fawn-breasted Brilliant,2476931,birdnet,SPECIES,species,EXACT
2702,Heliomaster constantii_Plain-capped Starthroat,taxon,Heliomaster constantii,Plain-capped Starthroat,2476989,birdnet,SPECIES,species,EXACT
2703,Heliomaster longirostris_Long-billed Starthroat,taxon,Heliomaster longirostris,Long-billed Starthroat,2476994,birdnet,SPECIES,species,EXACT
2704,Heliornis fulica_Sungrebe,taxon,Heliornis fulica,Sungrebe,2474343,birdnet,SPECIES,species,EXACT
2705,Heliothryx auritus_Black-eared Fairy,taxon,Heliothryx auritus,Black-eared Fairy,2476220,birdnet,SPECIES,species,EXACT
2706,Hellmayrea gularis_White-browed Spinetail,taxon,Hellmayrea gularis,White-browed Spinetail,2485088,birdnet,SPECIES,species,EXACT
2707,Helmitheros vermivorum_Worm-eating Warbler,taxon,Helmitheros vermivorum,Worm-eating Warbler,2489603,birdnet,SPECIES,species,EXACT
2708,Helopsaltes certhiola_Pallas's Grasshopper Warbler,taxon,Helopsaltes certhiola,Pallas's Grasshopper Warbler,10273344,birdnet,SPECIES,species,EXACT
2709,Helopsaltes ochotensis_Middendorff's Grasshopper Warbler,taxon,Helopsaltes ochotensis,Middendorff's Grasshopper Warbler,10655227,birdnet,SPECIES,species,EXACT
2710,Helopsaltes pryeri_Marsh Grassbird,taxon,Helopsaltes pryeri,Marsh Grassbird,9864279,birdnet,SPECIES,species,EXACT
2711,Hemicircus canente_Heart-spotted Woodpecker,taxon,Hemicircus canente,Heart-spotted Woodpecker,2478592,birdnet,SPECIES,species,EXACT
2712,Hemicircus concretus_Gray-and-buff Woodpecker,taxon,Hemicircus concretus,Gray-and-buff Woodpecker,2478593,birdnet,SPECIES,species,EXACT
2713,Hemignathus wilsoni_Akiapolaau,taxon,Hemignathus wilsoni,Akiapolaau,2494611,birdnet,SPECIES,species,EXACT
2714,Hemiprocne comata_Whiskered Treeswift,taxon,Hemiprocne comata,Whiskered Treeswift,2477440,birdnet,SPECIES,species,EXACT
2715,Hemiprocne coronata_Crested Treeswift,taxon,Hemiprocne coronata,Crested Treeswift,2477443,birdnet,SPECIES,species,EXACT
2716,Hemiprocne longipennis_Gray-rumped Treeswift,taxon,Hemiprocne longipennis,Gray-rumped Treeswift,2477451,birdnet,SPECIES,species,EXACT
2717,Hemiprocne mystacea_Moustached Treeswift,taxon,Hemiprocne mystacea,Moustached Treeswift,2477444,birdnet,SPECIES,species,EXACT
2718,Hemipus hirundinaceus_Black-winged Flycatcher-shrike,taxon,Hemipus hirundinaceus,Black-winged Flycatcher-shrike,2486749,birdnet,SPECIES,species,EXACT
2719,Hemipus picatus_Bar-winged Flycatcher-shrike,taxon,Hemipus picatus,Bar-winged Flycatcher-shrike,2486748,birdnet,SPECIES,species,EXACT
2720,Hemithraupis flavicollis_Yellow-backed Tanager,taxon,Hemithraupis flavicollis,Yellow-backed Tanager,2488081,birdnet,SPECIES,species,EXACT
2721,Hemithraupis guira_Guira Tanager,taxon,Hemithraupis guira,Guira Tanager,2488072,birdnet,SPECIES,species,EXACT
2722,Hemithraupis ruficapilla_Rufous-headed Tanager,taxon,Hemithraupis ruficapilla,Rufous-headed Tanager,2488093,birdnet,SPECIES,species,EXACT
2723,Hemitriccus cinnamomeipectus_Cinnamon-breasted Tody-Tyrant,taxon,Hemitriccus cinnamomeipectus,Cinnamon-breasted Tody-Tyrant,2483013,birdnet,SPECIES,species,EXACT
2724,Hemitriccus cohnhafti_Acre Tody-Tyrant,taxon,Hemitriccus cohnhafti,Acre Tody-Tyrant,8332308,birdnet,SPECIES,species,EXACT
2725,Hemitriccus diops_Drab-breasted Pygmy-Tyrant,taxon,Hemitriccus diops,Drab-breasted Pygmy-Tyrant,2482975,birdnet,SPECIES,species,EXACT
2726,Hemitriccus flammulatus_Flammulated Pygmy-Tyrant,taxon,Hemitriccus flammulatus,Flammulated Pygmy-Tyrant,2482994,birdnet,SPECIES,species,EXACT
2727,Hemitriccus furcatus_Fork-tailed Pygmy-Tyrant,taxon,Hemitriccus furcatus,Fork-tailed Pygmy-Tyrant,2483014,birdnet,SPECIES,species,EXACT
2728,Hemitriccus granadensis_Black-throated Tody-Tyrant,taxon,Hemitriccus granadensis,Black-throated Tody-Tyrant,2482976,birdnet,SPECIES,species,EXACT
2729,Hemitriccus griseipectus_White-bellied Tody-Tyrant,taxon,Hemitriccus griseipectus,White-bellied Tody-Tyrant,2482991,birdnet,SPECIES,species,EXACT
2730,Hemitriccus inornatus_Pelzeln's Tody-Tyrant,taxon,Hemitriccus inornatus,Pelzeln's Tody-Tyrant,2482997,birdnet,SPECIES,species,EXACT
2731,Hemitriccus iohannis_Johannes's Tody-Tyrant,taxon,Hemitriccus iohannis,Johannes's Tody-Tyrant,2482984,birdnet,SPECIES,species,EXACT
2732,Hemitriccus margaritaceiventer_Pearly-vented Tody-Tyrant,taxon,Hemitriccus margaritaceiventer,Pearly-vented Tody-Tyrant,2482999,birdnet,SPECIES,species,EXACT
2733,Hemitriccus minimus_Zimmer's Tody-Tyrant,taxon,Hemitriccus minimus,Zimmer's Tody-Tyrant,2482973,birdnet,SPECIES,species,EXACT
2734,Hemitriccus minor_Snethlage's Tody-Tyrant,taxon,Hemitriccus minor,Snethlage's Tody-Tyrant,2483015,birdnet,SPECIES,species,EXACT
2735,Hemitriccus nidipendulus_Hangnest Tody-Tyrant,taxon,Hemitriccus nidipendulus,Hangnest Tody-Tyrant,2483009,birdnet,SPECIES,species,EXACT
2736,Hemitriccus obsoletus_Brown-breasted Pygmy-Tyrant,taxon,Hemitriccus obsoletus,Brown-breasted Pygmy-Tyrant,2483019,birdnet,SPECIES,species,EXACT
2737,Hemitriccus orbitatus_Eye-ringed Tody-Tyrant,taxon,Hemitriccus orbitatus,Eye-ringed Tody-Tyrant,2482987,birdnet,SPECIES,species,EXACT
2738,Hemitriccus rufigularis_Buff-throated Tody-Tyrant,taxon,Hemitriccus rufigularis,Buff-throated Tody-Tyrant,2483012,birdnet,SPECIES,species,EXACT
2739,Hemitriccus spodiops_Yungas Tody-Tyrant,taxon,Hemitriccus spodiops,Yungas Tody-Tyrant,2483022,birdnet,SPECIES,species,EXACT
2740,Hemitriccus striaticollis_Stripe-necked Tody-Tyrant,taxon,Hemitriccus striaticollis,Stripe-necked Tody-Tyrant,2482988,birdnet,SPECIES,species,EXACT
2741,Hemitriccus zosterops_White-eyed Tody-Tyrant,taxon,Hemitriccus zosterops,White-eyed Tody-Tyrant,2483023,birdnet,SPECIES,species,EXACT
2742,Hemixos castanonotus_Chestnut Bulbul,taxon,Hemixos castanonotus,Chestnut Bulbul,2486187,birdnet,SPECIES,species,EXACT
2743,Hemixos cinereus_Cinereous Bulbul,taxon,Hemixos cinereus,Cinereous Bulbul,5846115,birdnet,SPECIES,species,EXACT
2744,Hemixos flavala_Ashy Bulbul,taxon,Hemixos flavala,Ashy Bulbul,2486188,birdnet,SPECIES,species,EXACT
2745,Henicorhina anachoreta_Hermit Wood-Wren,taxon,Henicorhina anachoreta,Hermit Wood-Wren,9118881,birdnet,SPECIES,species,EXACT
2746,Henicorhina leucophrys_Gray-breasted Wood-Wren,taxon,Henicorhina leucophrys,Gray-breasted Wood-Wren,2493957,birdnet,SPECIES,species,EXACT
2747,Henicorhina leucoptera_Bar-winged Wood-Wren,taxon,Henicorhina leucoptera,Bar-winged Wood-Wren,2493956,birdnet,SPECIES,species,EXACT
2748,Henicorhina leucosticta_White-breasted Wood-Wren,taxon,Henicorhina leucosticta,White-breasted Wood-Wren,2493958,birdnet,SPECIES,species,EXACT
2749,Henicorhina negreti_Munchique Wood-Wren,taxon,Henicorhina negreti,Munchique Wood-Wren,5789241,birdnet,SPECIES,species,EXACT
2750,Herpetotheres cachinnans_Laughing Falcon,taxon,Herpetotheres cachinnans,Laughing Falcon,2481071,birdnet,SPECIES,species,EXACT
2751,Herpsilochmus atricapillus_Black-capped Antwren,taxon,Herpsilochmus atricapillus,Black-capped Antwren,2490113,birdnet,SPECIES,species,EXACT
2752,Herpsilochmus axillaris_Yellow-breasted Antwren,taxon,Herpsilochmus axillaris,Yellow-breasted Antwren,2490106,birdnet,SPECIES,species,EXACT
2753,Herpsilochmus dorsimaculatus_Spot-backed Antwren,taxon,Herpsilochmus dorsimaculatus,Spot-backed Antwren,2490114,birdnet,SPECIES,species,EXACT
2754,Herpsilochmus dugandi_Dugand's Antwren,taxon,Herpsilochmus dugandi,Dugand's Antwren,5788618,birdnet,SPECIES,species,EXACT
2755,Herpsilochmus frater_Rusty-winged Antwren,taxon,Herpsilochmus frater,Rusty-winged Antwren,9133663,birdnet,SPECIES,species,EXACT
2756,Herpsilochmus gentryi_Ancient Antwren,taxon,Herpsilochmus gentryi,Ancient Antwren,5788617,birdnet,SPECIES,species,EXACT
2757,Herpsilochmus longirostris_Large-billed Antwren,taxon,Herpsilochmus longirostris,Large-billed Antwren,2490107,birdnet,SPECIES,species,EXACT
2758,Herpsilochmus motacilloides_Creamy-bellied Antwren,taxon,Herpsilochmus motacilloides,Creamy-bellied Antwren,2490110,birdnet,SPECIES,species,EXACT
2759,Herpsilochmus parkeri_Ash-throated Antwren,taxon,Herpsilochmus parkeri,Ash-throated Antwren,2490103,birdnet,SPECIES,species,EXACT
2760,Herpsilochmus pectoralis_Pectoral Antwren,taxon,Herpsilochmus pectoralis,Pectoral Antwren,2490108,birdnet,SPECIES,species,EXACT
2761,Herpsilochmus pileatus_Bahia Antwren,taxon,Herpsilochmus pileatus,Bahia Antwren,2490111,birdnet,SPECIES,species,EXACT
2762,Herpsilochmus roraimae_Roraiman Antwren,taxon,Herpsilochmus roraimae,Roraiman Antwren,2490104,birdnet,SPECIES,species,EXACT
2763,Herpsilochmus rufimarginatus_Rufous-margined Antwren,taxon,Herpsilochmus rufimarginatus,Rufous-margined Antwren,2490109,birdnet,SPECIES,species,EXACT
2764,Herpsilochmus sellowi_Caatinga Antwren,taxon,Herpsilochmus sellowi,Caatinga Antwren,5788619,birdnet,SPECIES,species,EXACT
2765,Herpsilochmus stictocephalus_Todd's Antwren,taxon,Herpsilochmus stictocephalus,Todd's Antwren,2490112,birdnet,SPECIES,species,EXACT
2766,Herpsilochmus sticturus_Spot-tailed Antwren,taxon,Herpsilochmus sticturus,Spot-tailed Antwren,2490105,birdnet,SPECIES,species,EXACT
2767,Heterocercus aurantiivertex_Orange-crowned Manakin,taxon,Heterocercus aurantiivertex,Orange-crowned Manakin,5230538,birdnet,SPECIES,species,EXACT
2768,Heterocercus flavivertex_Yellow-crowned Manakin,taxon,Heterocercus flavivertex,Yellow-crowned Manakin,5230537,birdnet,SPECIES,species,EXACT
2769,Heterocercus linteatus_Flame-crowned Manakin,taxon,Heterocercus linteatus,Flame-crowned Manakin,5230539,birdnet,SPECIES,species,EXACT
2770,Heteromyias albispecularis_Ashy Robin,taxon,Heteromyias albispecularis,Ashy Robin,2489268,birdnet,SPECIES,species,EXACT
2771,Heteromyias cinereifrons_Gray-headed Robin,taxon,Heteromyias cinereifrons,Gray-headed Robin,2489269,birdnet,SPECIES,species,EXACT
2772,Heterophasia auricularis_White-eared Sibia,taxon,Heterophasia auricularis,White-eared Sibia,2493394,birdnet,SPECIES,species,EXACT
2773,Heterophasia capistrata_Rufous Sibia,taxon,Heterophasia capistrata,Rufous Sibia,2493392,birdnet,SPECIES,species,EXACT
2774,Heterophasia desgodinsi_Black-headed Sibia,taxon,Heterophasia desgodinsi,Black-headed Sibia,7340396,birdnet,SPECIES,species,EXACT
2775,Heterophasia gracilis_Gray Sibia,taxon,Heterophasia gracilis,Gray Sibia,2493396,birdnet,SPECIES,species,EXACT
2776,Heterophasia melanoleuca_Black-backed Sibia,taxon,Heterophasia melanoleuca,Black-backed Sibia,2493393,birdnet,SPECIES,species,EXACT
2777,Heterophasia picaoides_Long-tailed Sibia,taxon,Heterophasia picaoides,Long-tailed Sibia,2493391,birdnet,SPECIES,species,EXACT
2778,Heterophasia pulchella_Beautiful Sibia,taxon,Heterophasia pulchella,Beautiful Sibia,2493395,birdnet,SPECIES,species,EXACT
2779,Heterospingus xanthopygius_Scarlet-browed Tanager,taxon,Heterospingus xanthopygius,Scarlet-browed Tanager,2488266,birdnet,SPECIES,species,EXACT
2780,Hieraaetus pennatus_Booted Eagle,taxon,Hieraaetus pennatus,Booted Eagle,2480685,birdnet,SPECIES,species,EXACT
2781,Hierococcyx bocki_Dark Hawk-Cuckoo,taxon,Hierococcyx bocki,Dark Hawk-Cuckoo,6100753,birdnet,SPECIES,species,EXACT
2782,Hierococcyx fugax_Malaysian Hawk-Cuckoo,taxon,Hierococcyx fugax,Malaysian Hawk-Cuckoo,6085656,birdnet,SPECIES,species,EXACT
2783,Hierococcyx hyperythrus_Northern Hawk-Cuckoo,taxon,Hierococcyx hyperythrus,Northern Hawk-Cuckoo,6085657,birdnet,SPECIES,species,EXACT
2784,Hierococcyx nisicolor_Hodgson's Hawk-Cuckoo,taxon,Hierococcyx nisicolor,Hodgson's Hawk-Cuckoo,6085660,birdnet,SPECIES,species,EXACT
2785,Hierococcyx pectoralis_Philippine Hawk-Cuckoo,taxon,Hierococcyx pectoralis,Philippine Hawk-Cuckoo,6085653,birdnet,SPECIES,species,EXACT
2786,Hierococcyx sparverioides_Large Hawk-Cuckoo,taxon,Hierococcyx sparverioides,Large Hawk-Cuckoo,7340214,birdnet,SPECIES,species,EXACT
2787,Hierococcyx vagans_Moustached Hawk-Cuckoo,taxon,Hierococcyx vagans,Moustached Hawk-Cuckoo,6085662,birdnet,SPECIES,species,EXACT
2788,Hierococcyx varius_Common Hawk-Cuckoo,taxon,Hierococcyx varius,Common Hawk-Cuckoo,7340211,birdnet,SPECIES,species,EXACT
2789,Himantopus himantopus_Black-winged Stilt,taxon,Himantopus himantopus,Black-winged Stilt,5229126,birdnet,SPECIES,species,EXACT
2790,Himantopus leucocephalus_Pied Stilt,taxon,Himantopus leucocephalus,Pied Stilt,5229124,birdnet,SPECIES,species,EXACT
2791,Himantopus mexicanus_Black-necked Stilt,taxon,Himantopus mexicanus,Black-necked Stilt,5229128,birdnet,SPECIES,species,EXACT
2792,Himatione sanguinea_Apapane,taxon,Himatione sanguinea,Apapane,2494524,birdnet,SPECIES,species,EXACT
2793,Hippolais icterina_Icterine Warbler,taxon,Hippolais icterina,Icterine Warbler,2493220,birdnet,SPECIES,species,EXACT
2794,Hippolais languida_Upcher's Warbler,taxon,Hippolais languida,Upcher's Warbler,2493217,birdnet,SPECIES,species,EXACT
2795,Hippolais olivetorum_Olive-tree Warbler,taxon,Hippolais olivetorum,Olive-tree Warbler,2493219,birdnet,SPECIES,species,EXACT
2796,Hippolais polyglotta_Melodious Warbler,taxon,Hippolais polyglotta,Melodious Warbler,2493214,birdnet,SPECIES,species,EXACT
2797,Hirundapus caudacutus_White-throated Needletail,taxon,Hirundapus caudacutus,White-throated Needletail,2477130,birdnet,SPECIES,species,EXACT
2798,Hirundapus giganteus_Brown-backed Needletail,taxon,Hirundapus giganteus,Brown-backed Needletail,2477127,birdnet,SPECIES,species,EXACT
2799,Hirundinea ferruginea_Cliff Flycatcher,taxon,Hirundinea ferruginea,Cliff Flycatcher,2483242,birdnet,SPECIES,species,EXACT
2800,Hirundo angolensis_Angola Swallow,taxon,Hirundo angolensis,Angola Swallow,5230778,birdnet,SPECIES,species,EXACT
2801,Hirundo neoxena_Welcome Swallow,taxon,Hirundo neoxena,Welcome Swallow,5230789,birdnet,SPECIES,species,EXACT
2802,Hirundo rustica_Barn Swallow,taxon,Hirundo rustica,Barn Swallow,9515886,birdnet,SPECIES,species,EXACT
2803,Hirundo smithii_Wire-tailed Swallow,taxon,Hirundo smithii,Wire-tailed Swallow,5230801,birdnet,SPECIES,species,EXACT
2804,Hirundo tahitica_Pacific Swallow,taxon,Hirundo tahitica,Pacific Swallow,5230787,birdnet,SPECIES,species,EXACT
2805,Histrionicus histrionicus_Harlequin Duck,taxon,Histrionicus histrionicus,Harlequin Duck,2498224,birdnet,SPECIES,species,EXACT
2806,Histurgops ruficauda_Rufous-tailed Weaver,taxon,Histurgops ruficauda,Rufous-tailed Weaver,2492355,birdnet,SPECIES,species,EXACT
2807,Horizocerus albocristatus_White-crested Hornbill,taxon,Horizocerus albocristatus,White-crested Hornbill,8069697,birdnet,SPECIES,species,EXACT
2808,Horornis acanthizoides_Yellowish-bellied Bush Warbler,taxon,Horornis acanthizoides,Yellowish-bellied Bush Warbler,7711859,birdnet,SPECIES,species,EXACT
2809,Horornis annae_Palau Bush Warbler,taxon,Horornis annae,Palau Bush Warbler,7981924,birdnet,SPECIES,species,EXACT
2810,Horornis brunnescens_Hume's Bush Warbler,taxon,Horornis brunnescens,Hume's Bush Warbler,7831382,birdnet,SPECIES,species,EXACT
2811,Horornis canturians_Manchurian Bush Warbler,taxon,Horornis canturians,Manchurian Bush Warbler,7410031,birdnet,SPECIES,species,EXACT
2812,Horornis diphone_Japanese Bush Warbler,taxon,Horornis diphone,Japanese Bush Warbler,8351644,birdnet,SPECIES,species,EXACT
2813,Horornis flavolivaceus_Aberrant Bush Warbler,taxon,Horornis flavolivaceus,Aberrant Bush Warbler,8104008,birdnet,SPECIES,species,EXACT
2814,Horornis fortipes_Brownish-flanked Bush Warbler,taxon,Horornis fortipes,Brownish-flanked Bush Warbler,9582141,birdnet,SPECIES,species,EXACT
2815,Horornis ruficapilla_Fiji Bush Warbler,taxon,Horornis ruficapilla,Fiji Bush Warbler,7712848,birdnet,SPECIES,species,EXACT
2816,Horornis seebohmi_Philippine Bush Warbler,taxon,Horornis seebohmi,Philippine Bush Warbler,7477198,birdnet,SPECIES,species,EXACT
2817,Horornis vulcanius_Sunda Bush Warbler,taxon,Horornis vulcanius,Sunda Bush Warbler,8027352,birdnet,SPECIES,species,EXACT
2818,Human non-vocal_Human non-vocal,non_taxonomic,,Human non-vocal,,birdnet,,non_taxon,
2819,Human vocal_Human vocal,non_taxonomic,,Human vocal,,birdnet,,non_taxon,
2820,Human whistle_Human whistle,non_taxonomic,,Human whistle,,birdnet,,non_taxon,
2821,Hydrobates castro_Band-rumped Storm-Petrel,taxon,Hydrobates castro,Band-rumped Storm-Petrel,9272607,birdnet,SPECIES,species,EXACT
2822,Hydrobates leucorhous_Leach's Storm-Petrel,taxon,Hydrobates leucorhous,Leach's Storm-Petrel,9461262,birdnet,SPECIES,species,EXACT
2823,Hydrobates monorhis_Swinhoe's Storm-Petrel,taxon,Hydrobates monorhis,Swinhoe's Storm-Petrel,9378883,birdnet,SPECIES,species,EXACT
2824,Hydrobates pelagicus_European Storm-Petrel,taxon,Hydrobates pelagicus,European Storm-Petrel,4408455,birdnet,SPECIES,species,EXACT
2825,Hydrobates tristrami_Tristram's Storm-Petrel,taxon,Hydrobates tristrami,Tristram's Storm-Petrel,11026445,birdnet,SPECIES,species,EXACT
2826,Hydrocoloeus minutus_Little Gull,taxon,Hydrocoloeus minutus,Little Gull,6065841,birdnet,SPECIES,species,EXACT
2827,Hydrophasianus chirurgus_Pheasant-tailed Jacana,taxon,Hydrophasianus chirurgus,Pheasant-tailed Jacana,2481840,birdnet,SPECIES,species,EXACT
2828,Hydroprogne caspia_Caspian Tern,taxon,Hydroprogne caspia,Caspian Tern,2481236,birdnet,SPECIES,species,EXACT
2829,Hydropsalis cayennensis_White-tailed Nightjar,taxon,Hydropsalis cayennensis,White-tailed Nightjar,7676017,birdnet,SPECIES,species,EXACT
2830,Hydropsalis climacocerca_Ladder-tailed Nightjar,taxon,Hydropsalis climacocerca,Ladder-tailed Nightjar,2497011,birdnet,SPECIES,species,EXACT
2831,Hydropsalis maculicaudus_Spot-tailed Nightjar,taxon,Hydropsalis maculicaudus,Spot-tailed Nightjar,7792881,birdnet,SPECIES,species,EXACT
2832,Hydropsalis torquata_Scissor-tailed Nightjar,taxon,Hydropsalis torquata,Scissor-tailed Nightjar,2497017,birdnet,SPECIES,species,EXACT
2833,Hydrornis baudii_Blue-headed Pitta,taxon,Hydrornis baudii,Blue-headed Pitta,6101093,birdnet,SPECIES,species,EXACT
2834,Hydrornis caeruleus_Giant Pitta,taxon,Hydrornis caeruleus,Giant Pitta,6101088,birdnet,SPECIES,species,EXACT
2835,Hydrornis cyaneus_Blue Pitta,taxon,Hydrornis cyaneus,Blue Pitta,6101085,birdnet,SPECIES,species,EXACT
2836,Hydrornis elliotii_Bar-bellied Pitta,taxon,Hydrornis elliotii,Bar-bellied Pitta,6101089,birdnet,SPECIES,species,EXACT
2837,Hydrornis irena_Malayan Banded-Pitta,taxon,Hydrornis irena,Malayan Banded-Pitta,6101086,birdnet,SPECIES,species,EXACT
2838,Hydrornis nipalensis_Blue-naped Pitta,taxon,Hydrornis nipalensis,Blue-naped Pitta,6101083,birdnet,SPECIES,species,EXACT
2839,Hydrornis oatesi_Rusty-naped Pitta,taxon,Hydrornis oatesi,Rusty-naped Pitta,6101092,birdnet,SPECIES,species,EXACT
2840,Hydrornis schwaneri_Bornean Banded-Pitta,taxon,Hydrornis schwaneri,Bornean Banded-Pitta,6101090,birdnet,SPECIES,species,EXACT
2841,Hydrornis soror_Blue-rumped Pitta,taxon,Hydrornis soror,Blue-rumped Pitta,6101087,birdnet,SPECIES,species,EXACT
2842,Hylacola cauta_Shy Heathwren,taxon,Hylacola cautus,Shy Heathwren,2486547,birdnet,SPECIES,species,VARIANT
2843,Hylexetastes perrotii_Red-billed Woodcreeper,taxon,Hylexetastes perrotii,Red-billed Woodcreeper,2485248,birdnet,SPECIES,species,EXACT
2844,Hylexetastes stresemanni_Bar-bellied Woodcreeper,taxon,Hylexetastes stresemanni,Bar-bellied Woodcreeper,2485244,birdnet,SPECIES,species,EXACT
2845,Hylexetastes uniformis_Uniform Woodcreeper,taxon,Hylexetastes uniformis,Uniform Woodcreeper,2485250,birdnet,SPECIES,species,EXACT
2846,Hylia prasina_Green Hylia,taxon,Hylia prasina,Green Hylia,2493098,birdnet,SPECIES,species,EXACT
2847,Hyliola regilla_Pacific Chorus Frog,taxon,Hyliola regilla,Pacific Chorus Frog,10927585,birdnet,SPECIES,species,EXACT
2848,Hylocharis chrysura_Gilded Hummingbird,taxon,Hylocharis chrysura,Gilded Hummingbird,5228562,birdnet,SPECIES,species,EXACT
2849,Hylocharis sapphirina_Rufous-throated Sapphire,taxon,Hylocharis sapphirina,Rufous-throated Sapphire,5228570,birdnet,SPECIES,species,EXACT
2850,Hylocichla mustelina_Wood Thrush,taxon,Hylocichla mustelina,Wood Thrush,2490872,birdnet,SPECIES,species,EXACT
2851,Hylomanes momotula_Tody Motmot,taxon,Hylomanes momotula,Tody Motmot,2475285,birdnet,SPECIES,species,EXACT
2852,Hylopezus macularius_Spotted Antpitta,taxon,Hylopezus macularius,Spotted Antpitta,2490562,birdnet,SPECIES,species,EXACT
2853,Hylopezus ochroleucus_White-browed Antpitta,taxon,Hylopezus ochroleucus,White-browed Antpitta,2490561,birdnet,SPECIES,species,EXACT
2854,Hylopezus paraensis_Snethlage's Antpitta,taxon,Hylopezus paraensis,Snethlage's Antpitta,7905537,birdnet,SPECIES,species,EXACT
2855,Hylopezus perspicillatus_Streak-chested Antpitta,taxon,Hylopezus perspicillatus,Streak-chested Antpitta,2490558,birdnet,SPECIES,species,EXACT
2856,Hylopezus whittakeri_Alta Floresta Antpitta,taxon,Hylopezus whittakeri,Alta Floresta Antpitta,7707380,birdnet,SPECIES,species,EXACT
2857,Hylophilus amaurocephalus_Gray-eyed Greenlet,taxon,Hylophilus amaurocephalus,Gray-eyed Greenlet,5230499,birdnet,SPECIES,species,EXACT
2858,Hylophilus brunneiceps_Brown-headed Greenlet,taxon,Hylophilus brunneiceps,Brown-headed Greenlet,5230495,birdnet,SPECIES,species,EXACT
2859,Hylophilus flavipes_Scrub Greenlet,taxon,Hylophilus flavipes,Scrub Greenlet,5230506,birdnet,SPECIES,species,EXACT
2860,Hylophilus olivaceus_Olivaceous Greenlet,taxon,Hylophilus olivaceus,Olivaceous Greenlet,5230502,birdnet,SPECIES,species,EXACT
2861,Hylophilus pectoralis_Ashy-headed Greenlet,taxon,Hylophilus pectoralis,Ashy-headed Greenlet,5230508,birdnet,SPECIES,species,EXACT
2862,Hylophilus poicilotis_Rufous-crowned Greenlet,taxon,Hylophilus poicilotis,Rufous-crowned Greenlet,5230497,birdnet,SPECIES,species,EXACT
2863,Hylophilus semicinereus_Gray-chested Greenlet,taxon,Hylophilus semicinereus,Gray-chested Greenlet,5230498,birdnet,SPECIES,species,EXACT
2864,Hylophilus thoracicus_Lemon-chested Greenlet,taxon,Hylophilus thoracicus,Lemon-chested Greenlet,5230504,birdnet,SPECIES,species,EXACT
2865,Hylophylax naevioides_Spotted Antbird,taxon,Hylophylax naevioides,Spotted Antbird,5230831,birdnet,SPECIES,species,EXACT
2866,Hylophylax naevius_Spot-backed Antbird,taxon,Hylophylax naevius,Spot-backed Antbird,7341184,birdnet,SPECIES,species,EXACT
2867,Hylophylax punctulatus_Dot-backed Antbird,taxon,Hylophylax punctulatus,Dot-backed Antbird,5788605,birdnet,SPECIES,species,EXACT
2868,Hylorchilus navai_Nava's Wren,taxon,Hylorchilus navai,Nava's Wren,2493831,birdnet,SPECIES,species,EXACT
2869,Hylorchilus sumichrasti_Sumichrast's Wren,taxon,Hylorchilus sumichrasti,Sumichrast's Wren,2493830,birdnet,SPECIES,species,EXACT
2870,Hymenops perspicillatus_Spectacled Tyrant,taxon,Hymenops perspicillatus,Spectacled Tyrant,2483857,birdnet,SPECIES,species,EXACT
2871,Hypargos niveoguttatus_Peters's Twinspot,taxon,Hypargos niveoguttatus,Peters's Twinspot,2493646,birdnet,SPECIES,species,EXACT
2872,Hypergerus atriceps_Oriole Warbler,taxon,Hypergerus atriceps,Oriole Warbler,2492769,birdnet,SPECIES,species,EXACT
2873,Hypnelus ruficollis_Russet-throated Puffbird,taxon,Hypnelus ruficollis,Russet-throated Puffbird,2475165,birdnet,SPECIES,species,EXACT
2874,Hypocnemis cantator_Guianan Warbling-Antbird,taxon,Hypocnemis cantator,Guianan Warbling-Antbird,5230841,birdnet,SPECIES,species,EXACT
2875,Hypocnemis flavescens_Imeri Warbling-Antbird,taxon,Hypocnemis flavescens,Imeri Warbling-Antbird,5788641,birdnet,SPECIES,species,EXACT
2876,Hypocnemis hypoxantha_Yellow-browed Antbird,taxon,Hypocnemis hypoxantha,Yellow-browed Antbird,5230842,birdnet,SPECIES,species,EXACT
2877,Hypocnemis ochrogyna_Rondonia Warbling-Antbird,taxon,Hypocnemis ochrogyna,Rondonia Warbling-Antbird,5788642,birdnet,SPECIES,species,EXACT
2878,Hypocnemis peruviana_Peruvian Warbling-Antbird,taxon,Hypocnemis peruviana,Peruvian Warbling-Antbird,7341402,birdnet,SPECIES,species,EXACT
2879,Hypocnemis striata_Spix's Warbling-Antbird,taxon,Hypocnemis striata,Spix's Warbling-Antbird,7341385,birdnet,SPECIES,species,EXACT
2880,Hypocnemis subflava_Yellow-breasted Warbling-Antbird,taxon,Hypocnemis subflava,Yellow-breasted Warbling-Antbird,7341394,birdnet,SPECIES,species,EXACT
2881,Hypocnemoides maculicauda_Band-tailed Antbird,taxon,Hypocnemoides maculicauda,Band-tailed Antbird,2490009,birdnet,SPECIES,species,EXACT
2882,Hypocnemoides melanopogon_Black-chinned Antbird,taxon,Hypocnemoides melanopogon,Black-chinned Antbird,2490010,birdnet,SPECIES,species,EXACT
2883,Hypocolius ampelinus_Hypocolius,taxon,Hypocolius ampelinus,Hypocolius,2495005,birdnet,SPECIES,species,EXACT
2884,Hypoedaleus guttatus_Spot-backed Antshrike,taxon,Hypoedaleus guttatus,Spot-backed Antshrike,2490019,birdnet,SPECIES,species,EXACT
2885,Hypopyrrhus pyrohypogaster_Red-bellied Grackle,taxon,Hypopyrrhus pyrohypogaster,Red-bellied Grackle,2484281,birdnet,SPECIES,species,EXACT
2886,Hypothymis azurea_Black-naped Monarch,taxon,Hypothymis azurea,Black-naped Monarch,2486625,birdnet,SPECIES,species,EXACT
2887,Hypothymis puella_Pale-blue Monarch,taxon,Hypothymis puella,Pale-blue Monarch,7340431,birdnet,SPECIES,species,EXACT
2888,Hypsipetes amaurotis_Brown-eared Bulbul,taxon,Hypsipetes amaurotis,Brown-eared Bulbul,7342055,birdnet,SPECIES,species,EXACT
2889,Hypsipetes everetti_Yellowish Bulbul,taxon,Hypsipetes everetti,Yellowish Bulbul,7342046,birdnet,SPECIES,species,EXACT
2890,Hypsipetes ganeesa_Square-tailed Bulbul,taxon,Hypsipetes ganeesa,Square-tailed Bulbul,7342071,birdnet,SPECIES,species,EXACT
2891,Hypsipetes leucocephalus_Black Bulbul,taxon,Hypsipetes leucocephalus,Black Bulbul,5230300,birdnet,SPECIES,species,EXACT
2892,Hypsipetes madagascariensis_Malagasy Bulbul,taxon,Hypsipetes madagascariensis,Malagasy Bulbul,5230296,birdnet,SPECIES,species,EXACT
2893,Hypsipetes olivaceus_Mauritius Bulbul,taxon,Hypsipetes olivaceus,Mauritius Bulbul,5788702,birdnet,SPECIES,species,EXACT
2894,Hypsipetes philippinus_Philippine Bulbul,taxon,Hypsipetes philippinus,Philippine Bulbul,7342036,birdnet,SPECIES,species,EXACT
2895,Ianthocincla maxima_Giant Laughingthrush,taxon,Ianthocincla maxima,Giant Laughingthrush,7975317,birdnet,SPECIES,species,EXACT
2896,Ianthocincla ocellata_Spotted Laughingthrush,taxon,Ianthocincla ocellata,Spotted Laughingthrush,7518675,birdnet,SPECIES,species,EXACT
2897,Ianthocincla rufogularis_Rufous-chinned Laughingthrush,taxon,Ianthocincla rufogularis,Rufous-chinned Laughingthrush,7837771,birdnet,SPECIES,species,EXACT
2898,Ibidorhyncha struthersii_Ibisbill,taxon,Ibidorhyncha struthersii,Ibisbill,2480336,birdnet,SPECIES,species,EXACT
2899,Ibycter americanus_Red-throated Caracara,taxon,Ibycter americanus,Red-throated Caracara,2480994,birdnet,SPECIES,species,EXACT
2900,Ichthyaetus audouinii_Audouin's Gull,taxon,Ichthyaetus audouinii,Audouin's Gull,7406504,birdnet,SPECIES,species,EXACT
2901,Ichthyaetus melanocephalus_Mediterranean Gull,taxon,Ichthyaetus melanocephalus,Mediterranean Gull,8151548,birdnet,SPECIES,species,EXACT
2902,Icteria virens_Yellow-breasted Chat,taxon,Icteria virens,Yellow-breasted Chat,2489989,birdnet,SPECIES,species,EXACT
2903,Icterus abeillei_Black-backed Oriole,taxon,Icterus abeillei,Black-backed Oriole,5229892,birdnet,SPECIES,species,EXACT
2904,Icterus auratus_Orange Oriole,taxon,Icterus auratus,Orange Oriole,5229844,birdnet,SPECIES,species,EXACT
2905,Icterus auricapillus_Orange-crowned Oriole,taxon,Icterus auricapillus,Orange-crowned Oriole,5229923,birdnet,SPECIES,species,EXACT
2906,Icterus bullockii_Bullock's Oriole,taxon,Icterus bullockii,Bullock's Oriole,5229864,birdnet,SPECIES,species,EXACT
2907,Icterus cayanensis_Epaulet Oriole,taxon,Icterus cayanensis,Epaulet Oriole,5229845,birdnet,SPECIES,species,EXACT
2908,Icterus chrysater_Yellow-backed Oriole,taxon,Icterus chrysater,Yellow-backed Oriole,5229924,birdnet,SPECIES,species,EXACT
2909,Icterus croconotus_Orange-backed Troupial,taxon,Icterus croconotus,Orange-backed Troupial,7340254,birdnet,SPECIES,species,EXACT
2910,Icterus cucullatus_Hooded Oriole,taxon,Icterus cucullatus,Hooded Oriole,5229882,birdnet,SPECIES,species,EXACT
2911,Icterus galbula_Baltimore Oriole,taxon,Icterus galbula,Baltimore Oriole,2484340,birdnet,SPECIES,species,EXACT
2912,Icterus graceannae_White-edged Oriole,taxon,Icterus graceannae,White-edged Oriole,5229929,birdnet,SPECIES,species,EXACT
2913,Icterus graduacauda_Audubon's Oriole,taxon,Icterus graduacauda,Audubon's Oriole,5229903,birdnet,SPECIES,species,EXACT
2914,Icterus gularis_Altamira Oriole,taxon,Icterus gularis,Altamira Oriole,5229893,birdnet,SPECIES,species,EXACT
2915,Icterus icterus_Venezuelan Troupial,taxon,Icterus icterus,Venezuelan Troupial,5229915,birdnet,SPECIES,species,EXACT
2916,Icterus jamacaii_Campo Troupial,taxon,Icterus jamacaii,Campo Troupial,5229922,birdnet,SPECIES,species,EXACT
2917,Icterus leucopteryx_Jamaican Oriole,taxon,Icterus leucopteryx,Jamaican Oriole,5229931,birdnet,SPECIES,species,EXACT
2918,Icterus mesomelas_Yellow-tailed Oriole,taxon,Icterus mesomelas,Yellow-tailed Oriole,5229869,birdnet,SPECIES,species,EXACT
2919,Icterus nigrogularis_Yellow Oriole,taxon,Icterus nigrogularis,Yellow Oriole,5229939,birdnet,SPECIES,species,EXACT
2920,Icterus parisorum_Scott's Oriole,taxon,Icterus parisorum,Scott's Oriole,5229930,birdnet,SPECIES,species,EXACT
2921,Icterus pectoralis_Spot-breasted Oriole,taxon,Icterus pectoralis,Spot-breasted Oriole,5229910,birdnet,SPECIES,species,EXACT
2922,Icterus portoricensis_Puerto Rican Oriole,taxon,Icterus portoricensis,Puerto Rican Oriole,6086178,birdnet,SPECIES,species,EXACT
2923,Icterus prosthemelas_Black-cowled Oriole,taxon,Icterus prosthemelas,Black-cowled Oriole,5229889,birdnet,SPECIES,species,EXACT
2924,Icterus pustulatus_Streak-backed Oriole,taxon,Icterus pustulatus,Streak-backed Oriole,5229853,birdnet,SPECIES,species,EXACT
2925,Icterus pyrrhopterus_Variable Oriole,taxon,Icterus pyrrhopterus,Variable Oriole,7340265,birdnet,SPECIES,species,EXACT
2926,Icterus spurius_Orchard Oriole,taxon,Icterus spurius,Orchard Oriole,5229935,birdnet,SPECIES,species,EXACT
2927,Icterus wagleri_Black-vented Oriole,taxon,Icterus wagleri,Black-vented Oriole,5229879,birdnet,SPECIES,species,EXACT
2928,Ictinaetus malaiensis_Black Eagle,taxon,Ictinaetus malayensis,Black Eagle,5229198,birdnet,SPECIES,species,VARIANT
2929,Ictinia mississippiensis_Mississippi Kite,taxon,Ictinia mississippiensis,Mississippi Kite,2480719,birdnet,SPECIES,species,EXACT
2930,Ictinia plumbea_Plumbeous Kite,taxon,Ictinia plumbea,Plumbeous Kite,2480720,birdnet,SPECIES,species,EXACT
2931,Iduna caligata_Booted Warbler,taxon,Iduna caligata,Booted Warbler,5739359,birdnet,SPECIES,species,EXACT
2932,Iduna natalensis_African Yellow-Warbler,taxon,Iduna natalensis,African Yellow-Warbler,6101023,birdnet,SPECIES,species,EXACT
2933,Iduna opaca_Western Olivaceous Warbler,taxon,Iduna opaca,Western Olivaceous Warbler,5739355,birdnet,SPECIES,species,EXACT
2934,Iduna pallida_Eastern Olivaceous Warbler,taxon,Iduna pallida,Eastern Olivaceous Warbler,5739361,birdnet,SPECIES,species,EXACT
2935,Iduna rama_Sykes's Warbler,taxon,Iduna rama,Sykes's Warbler,5739357,birdnet,SPECIES,species,EXACT
2936,Iduna similis_Mountain Yellow-Warbler,taxon,Iduna similis,Mountain Yellow-Warbler,5845836,birdnet,SPECIES,species,EXACT
2937,Ifrita kowaldi_Blue-capped Ifrita,taxon,Ifrita kowaldi,Blue-capped Ifrita,2495069,birdnet,SPECIES,species,EXACT
2938,Ilicura militaris_Pin-tailed Manakin,taxon,Ilicura militaris,Pin-tailed Manakin,2487763,birdnet,SPECIES,species,EXACT
2939,Illadopsis albipectus_Scaly-breasted Illadopsis,taxon,Illadopsis albipectus,Scaly-breasted Illadopsis,2492905,birdnet,SPECIES,species,EXACT
2940,Illadopsis cleaveri_Blackcap Illadopsis,taxon,Illadopsis cleaveri,Blackcap Illadopsis,2492907,birdnet,SPECIES,species,EXACT
2941,Illadopsis fulvescens_Brown Illadopsis,taxon,Illadopsis fulvescens,Brown Illadopsis,2492904,birdnet,SPECIES,species,EXACT
2942,Illadopsis puveli_Puvel's Illadopsis,taxon,Illadopsis puveli,Puvel's Illadopsis,2492910,birdnet,SPECIES,species,EXACT
2943,Illadopsis pyrrhoptera_Mountain Illadopsis,taxon,Illadopsis pyrrhoptera,Mountain Illadopsis,2492906,birdnet,SPECIES,species,EXACT
2944,Illadopsis rufipennis_Pale-breasted Illadopsis,taxon,Illadopsis rufipennis,Pale-breasted Illadopsis,2492909,birdnet,SPECIES,species,EXACT
2945,Incaspiza laeta_Buff-bridled Inca-Finch,taxon,Incaspiza laeta,Buff-bridled Inca-Finch,2491999,birdnet,SPECIES,species,EXACT
2946,Incaspiza ortizi_Gray-winged Inca-Finch,taxon,Incaspiza ortizi,Gray-winged Inca-Finch,2491997,birdnet,SPECIES,species,EXACT
2947,Incaspiza personata_Rufous-backed Inca-Finch,taxon,Incaspiza personata,Rufous-backed Inca-Finch,2491995,birdnet,SPECIES,species,EXACT
2948,Incilius valliceps_Gulf Coast Toad,taxon,Incilius valliceps,Gulf Coast Toad,2422389,birdnet,SPECIES,species,EXACT
2949,Indicator indicator_Greater Honeyguide,taxon,Indicator indicator,Greater Honeyguide,5228976,birdnet,SPECIES,species,EXACT
2950,Indicator minor_Lesser Honeyguide,taxon,Indicator minor,Lesser Honeyguide,5228985,birdnet,SPECIES,species,EXACT
2951,Indicator variegatus_Scaly-throated Honeyguide,taxon,Indicator variegatus,Scaly-throated Honeyguide,5228977,birdnet,SPECIES,species,EXACT
2952,Inezia caudata_Pale-tipped Tyrannulet,taxon,Inezia caudata,Pale-tipped Tyrannulet,5229716,birdnet,SPECIES,species,EXACT
2953,Inezia inornata_Plain Tyrannulet,taxon,Inezia inornata,Plain Tyrannulet,5229714,birdnet,SPECIES,species,EXACT
2954,Inezia subflava_Amazonian Tyrannulet,taxon,Inezia subflava,Amazonian Tyrannulet,5229719,birdnet,SPECIES,species,EXACT
2955,Inezia tenuirostris_Slender-billed Tyrannulet,taxon,Inezia tenuirostris,Slender-billed Tyrannulet,5229715,birdnet,SPECIES,species,EXACT
2956,Iodopleura isabellae_White-browed Purpletuft,taxon,Iodopleura isabellae,White-browed Purpletuft,2486517,birdnet,SPECIES,species,EXACT
2957,Iodopleura pipra_Buff-throated Purpletuft,taxon,Iodopleura pipra,Buff-throated Purpletuft,2486514,birdnet,SPECIES,species,EXACT
2958,Iole crypta_Buff-vented Bulbul,taxon,Iole crypta,Buff-vented Bulbul,9577865,birdnet,SPECIES,species,EXACT
2959,Iole indica_Yellow-browed Bulbul,taxon,Iole indica,Yellow-browed Bulbul,5230292,birdnet,SPECIES,species,EXACT
2960,Iole propinqua_Gray-eyed Bulbul,taxon,Iole propinqua,Gray-eyed Bulbul,5230293,birdnet,SPECIES,species,EXACT
2961,Iole viridescens_Olive Bulbul,taxon,Iole viridescens,Olive Bulbul,9382699,birdnet,SPECIES,species,EXACT
2962,Irania gutturalis_White-throated Robin,taxon,Irania gutturalis,White-throated Robin,2492700,birdnet,SPECIES,species,EXACT
2963,Irena cyanogastra_Philippine Fairy-bluebird,taxon,Irena cyanogastra,Philippine Fairy-bluebird,7342085,birdnet,SPECIES,species,EXACT
2964,Irena puella_Asian Fairy-bluebird,taxon,Irena puella,Asian Fairy-bluebird,2488929,birdnet,SPECIES,species,EXACT
2965,Iridosornis analis_Yellow-throated Tanager,taxon,Iridosornis analis,Yellow-throated Tanager,2488655,birdnet,SPECIES,species,EXACT
2966,Iridosornis porphyrocephalus_Purplish-mantled Tanager,taxon,Iridosornis porphyrocephalus,Purplish-mantled Tanager,2488652,birdnet,SPECIES,species,EXACT
2967,Iridosornis rufivertex_Golden-crowned Tanager,taxon,Iridosornis rufivertex,Golden-crowned Tanager,2488644,birdnet,SPECIES,species,EXACT
2968,Isleria guttata_Rufous-bellied Antwren,taxon,Isleria guttata,Rufous-bellied Antwren,7947090,birdnet,SPECIES,species,EXACT
2969,Isleria hauxwelli_Plain-throated Antwren,taxon,Isleria hauxwelli,Plain-throated Antwren,7444611,birdnet,SPECIES,species,EXACT
2970,Ithaginis cruentus_Blood Pheasant,taxon,Ithaginis cruentus,Blood Pheasant,2474060,birdnet,SPECIES,species,EXACT
2971,Ixobrychus cinnamomeus_Cinnamon Bittern,taxon,Ixobrychus cinnamomeus,Cinnamon Bittern,2480849,birdnet,SPECIES,species,EXACT
2972,Ixobrychus dubius_Black-backed Bittern,taxon,Ixobrychus dubius,Black-backed Bittern,5789308,birdnet,SPECIES,species,EXACT
2973,Ixobrychus eurhythmus_Schrenck's Bittern,taxon,Ixobrychus eurhythmus,Schrenck's Bittern,2480847,birdnet,SPECIES,species,EXACT
2974,Ixobrychus exilis_Least Bittern,taxon,Ixobrychus exilis,Least Bittern,2480852,birdnet,SPECIES,species,EXACT
2975,Ixobrychus flavicollis_Black Bittern,taxon,Ixobrychus flavicollis,Black Bittern,2480844,birdnet,SPECIES,species,EXACT
2976,Ixobrychus involucris_Stripe-backed Bittern,taxon,Ixobrychus involucris,Stripe-backed Bittern,2480851,birdnet,SPECIES,species,EXACT
2977,Ixobrychus minutus_Little Bittern,taxon,Ixobrychus minutus,Little Bittern,2480850,birdnet,SPECIES,species,EXACT
2978,Ixobrychus sinensis_Yellow Bittern,taxon,Ixobrychus sinensis,Yellow Bittern,2480848,birdnet,SPECIES,species,EXACT
2979,Ixonotus guttatus_Spotted Greenbul,taxon,Ixonotus guttatus,Spotted Greenbul,2486073,birdnet,SPECIES,species,EXACT
2980,Ixoreus naevius_Varied Thrush,taxon,Ixoreus naevius,Varied Thrush,2490926,birdnet,SPECIES,species,EXACT
2981,Ixos malaccensis_Streaked Bulbul,taxon,Ixos malaccensis,Streaked Bulbul,2486081,birdnet,SPECIES,species,EXACT
2982,Ixos mcclellandii_Mountain Bulbul,taxon,Ixos mcclellandii,Mountain Bulbul,7342005,birdnet,SPECIES,species,EXACT
2983,Ixothraupis guttata_Speckled Tanager,taxon,Ixothraupis guttata,Speckled Tanager,9628189,birdnet,SPECIES,species,EXACT
2984,Ixothraupis punctata_Spotted Tanager,taxon,Ixothraupis punctata,Spotted Tanager,9334801,birdnet,SPECIES,species,EXACT
2985,Ixothraupis rufigula_Rufous-throated Tanager,taxon,Ixothraupis rufigula,Rufous-throated Tanager,9315630,birdnet,SPECIES,species,EXACT
2986,Ixothraupis varia_Dotted Tanager,taxon,Ixothraupis varia,Dotted Tanager,9268217,birdnet,SPECIES,species,EXACT
2987,Jabiru mycteria_Jabiru,taxon,Jabiru mycteria,Jabiru,2481953,birdnet,SPECIES,species,EXACT
2988,Jacamaralcyon tridactyla_Three-toed Jacamar,taxon,Jacamaralcyon tridactyla,Three-toed Jacamar,2475038,birdnet,SPECIES,species,EXACT
2989,Jacamerops aureus_Great Jacamar,taxon,Jacamerops aureus,Great Jacamar,2475080,birdnet,SPECIES,species,EXACT
2990,Jacana jacana_Wattled Jacana,taxon,Jacana jacana,Wattled Jacana,2481846,birdnet,SPECIES,species,EXACT
2991,Jacana spinosa_Northern Jacana,taxon,Jacana spinosa,Northern Jacana,9520263,birdnet,SPECIES,species,EXACT
2992,Junco hyemalis_Dark-eyed Junco,taxon,Junco hyemalis,Dark-eyed Junco,9362842,birdnet,SPECIES,species,EXACT
2993,Junco phaeonotus_Yellow-eyed Junco,taxon,Junco phaeonotus,Yellow-eyed Junco,2492031,birdnet,SPECIES,species,EXACT
2994,Jynx ruficollis_Rufous-necked Wryneck,taxon,Jynx ruficollis,Rufous-necked Wryneck,2478160,birdnet,SPECIES,species,EXACT
2995,Jynx torquilla_Eurasian Wryneck,taxon,Jynx torquilla,Eurasian Wryneck,8012314,birdnet,SPECIES,species,EXACT
2996,Kakamega poliothorax_Gray-chested Babbler,taxon,Kakamega poliothorax,Gray-chested Babbler,2492990,birdnet,SPECIES,species,EXACT
2997,Kaupifalco monogrammicus_Lizard Buzzard,taxon,Kaupifalco monogrammicus,Lizard Buzzard,2480440,birdnet,SPECIES,species,EXACT
2998,Kenopia striata_Striped Wren-Babbler,taxon,Kenopia striata,Striped Wren-Babbler,2492940,birdnet,SPECIES,species,EXACT
2999,Ketupa blakistoni_Blakiston's Fish-Owl,taxon,Ketupa blakistoni,Blakiston's Fish-Owl,5232226,birdnet,SPECIES,species,EXACT
3000,Ketupa ketupu_Buffy Fish-Owl,taxon,Ketupa ketupu,Buffy Fish-Owl,5232234,birdnet,SPECIES,species,EXACT
3001,Ketupa zeylonensis_Brown Fish-Owl,taxon,Ketupa zeylonensis,Brown Fish-Owl,5232229,birdnet,SPECIES,species,EXACT
3002,Klais guimeti_Violet-headed Hummingbird,taxon,Klais guimeti,Violet-headed Hummingbird,2476226,birdnet,SPECIES,species,EXACT
3003,Kleinothraupis atropileus_Black-capped Hemispingus,taxon,Kleinothraupis atropileus,Black-capped Hemispingus,9377161,birdnet,SPECIES,species,EXACT
3004,Kleinothraupis parodii_Parodi's Hemispingus,taxon,Kleinothraupis parodii,Parodi's Hemispingus,9495750,birdnet,SPECIES,species,EXACT
3005,Knipolegus aterrimus_White-winged Black-Tyrant,taxon,Knipolegus aterrimus,White-winged Black-Tyrant,9403898,birdnet,SPECIES,species,EXACT
3006,Knipolegus hudsoni_Hudson's Black-Tyrant,taxon,Knipolegus hudsoni,Hudson's Black-Tyrant,2483042,birdnet,SPECIES,species,EXACT
3007,Knipolegus orenocensis_Riverside Tyrant,taxon,Knipolegus orenocensis,Riverside Tyrant,2483038,birdnet,SPECIES,species,EXACT
3008,Knipolegus poecilurus_Rufous-tailed Tyrant,taxon,Knipolegus poecilurus,Rufous-tailed Tyrant,2483043,birdnet,SPECIES,species,EXACT
3009,Kurochkinegramma hypogrammicum_Purple-naped Spiderhunter,taxon,Kurochkinegramma hypogrammicum,Purple-naped Spiderhunter,10324262,birdnet,SPECIES,species,EXACT
3010,Lacedo pulchella_Banded Kingfisher,taxon,Lacedo pulchella,Banded Kingfisher,2475559,birdnet,SPECIES,species,EXACT
3011,Lafresnaya lafresnayi_Mountain Velvetbreast,taxon,Lafresnaya lafresnayi,Mountain Velvetbreast,2476238,birdnet,SPECIES,species,EXACT
3012,Lagonosticta rhodopareia_Jameson's Firefinch,taxon,Lagonosticta rhodopareia,Jameson's Firefinch,2493683,birdnet,SPECIES,species,EXACT
3013,Lagonosticta rubricata_African Firefinch,taxon,Lagonosticta rubricata,African Firefinch,2493687,birdnet,SPECIES,species,EXACT
3014,Lagonosticta senegala_Red-billed Firefinch,taxon,Lagonosticta senegala,Red-billed Firefinch,2493680,birdnet,SPECIES,species,EXACT
3015,Lagopus lagopus_Willow Ptarmigan,taxon,Lagopus lagopus,Willow Ptarmigan,2473421,birdnet,SPECIES,species,EXACT
3016,Lagopus leucura_White-tailed Ptarmigan,taxon,Lagopus leucura,White-tailed Ptarmigan,5227717,birdnet,SPECIES,species,EXACT
3017,Lagopus muta_Rock Ptarmigan,taxon,Lagopus muta,Rock Ptarmigan,5227679,birdnet,SPECIES,species,EXACT
3018,Lalage aurea_Rufous-bellied Triller,taxon,Lalage aurea,Rufous-bellied Triller,5230454,birdnet,SPECIES,species,EXACT
3019,Lalage fimbriata_Lesser Cuckooshrike,taxon,Lalage fimbriata,Lesser Cuckooshrike,8230793,birdnet,SPECIES,species,EXACT
3020,Lalage leucomela_Varied Triller,taxon,Lalage leucomela,Varied Triller,5230458,birdnet,SPECIES,species,EXACT
3021,Lalage leucopyga_Long-tailed Triller,taxon,Lalage leucopyga,Long-tailed Triller,5230462,birdnet,SPECIES,species,EXACT
3022,Lalage maculosa_Polynesian Triller,taxon,Lalage maculosa,Polynesian Triller,5230455,birdnet,SPECIES,species,EXACT
3023,Lalage melanoptera_Black-headed Cuckooshrike,taxon,Lalage melanoptera,Black-headed Cuckooshrike,7364967,birdnet,SPECIES,species,EXACT
3024,Lalage melaschistos_Black-winged Cuckooshrike,taxon,Lalage melaschistos,Black-winged Cuckooshrike,7518574,birdnet,SPECIES,species,EXACT
3025,Lalage nigra_Pied Triller,taxon,Lalage nigra,Pied Triller,5230456,birdnet,SPECIES,species,EXACT
3026,Lalage tricolor_White-winged Triller,taxon,Lalage tricolor,White-winged Triller,5230457,birdnet,SPECIES,species,EXACT
3027,Lampornis amethystinus_Amethyst-throated Mountain-gem,taxon,Lampornis amethystinus,Amethyst-throated Mountain-gem,2476742,birdnet,SPECIES,species,EXACT
3028,Lampornis clemenciae_Blue-throated Mountain-gem,taxon,Lampornis clemenciae,Blue-throated Mountain-gem,2476748,birdnet,SPECIES,species,EXACT
3029,Lampornis sybillae_Green-breasted Mountain-gem,taxon,Lampornis sybillae,Green-breasted Mountain-gem,2476755,birdnet,SPECIES,species,EXACT
3030,Lampornis viridipallens_Green-throated Mountain-gem,taxon,Lampornis viridipallens,Green-throated Mountain-gem,2476733,birdnet,SPECIES,species,EXACT
3031,Lampropsar tanagrinus_Velvet-fronted Grackle,taxon,Lampropsar tanagrinus,Velvet-fronted Grackle,2484188,birdnet,SPECIES,species,EXACT
3032,Lamprospiza melanoleuca_Red-billed Pied Tanager,taxon,Lamprospiza melanoleuca,Red-billed Pied Tanager,2488682,birdnet,SPECIES,species,EXACT
3033,Lamprotornis australis_Burchell's Starling,taxon,Lamprotornis australis,Burchell's Starling,2489070,birdnet,SPECIES,species,EXACT
3034,Lamprotornis bicolor_African Pied Starling,taxon,Lamprotornis bicolor,African Pied Starling,6100943,birdnet,SPECIES,species,EXACT
3035,Lamprotornis caudatus_Long-tailed Glossy Starling,taxon,Lamprotornis caudatus,Long-tailed Glossy Starling,2489076,birdnet,SPECIES,species,EXACT
3036,Lamprotornis chalybaeus_Greater Blue-eared Starling,taxon,Lamprotornis chalybaeus,Greater Blue-eared Starling,2489071,birdnet,SPECIES,species,EXACT
3037,Lamprotornis chloropterus_Lesser Blue-eared Starling,taxon,Lamprotornis chloropterus,Lesser Blue-eared Starling,2489077,birdnet,SPECIES,species,EXACT
3038,Lamprotornis hildebrandti_Hildebrandt's Starling,taxon,Lamprotornis hildebrandti,Hildebrandt's Starling,2489078,birdnet,SPECIES,species,EXACT
3039,Lamprotornis mevesii_Meves's Starling,taxon,Lamprotornis mevesii,Meves's Starling,2489086,birdnet,SPECIES,species,EXACT
3040,Lamprotornis nitens_Cape Starling,taxon,Lamprotornis nitens,Cape Starling,2489073,birdnet,SPECIES,species,EXACT
3041,Lamprotornis purpuroptera_Rüppell's Starling,taxon,Lamprotornis purpuroptera,Rüppell's Starling,7341507,birdnet,SPECIES,species,EXACT
3042,Lamprotornis splendidus_Splendid Starling,taxon,Lamprotornis splendidus,Splendid Starling,2489089,birdnet,SPECIES,species,EXACT
3043,Lamprotornis superbus_Superb Starling,taxon,Lamprotornis superbus,Superb Starling,2489075,birdnet,SPECIES,species,EXACT
3044,Lamprotornis unicolor_Ashy Starling,taxon,Lamprotornis unicolor,Ashy Starling,5845377,birdnet,SPECIES,species,EXACT
3045,Laniarius aethiopicus_Ethiopian Boubou,taxon,Laniarius aethiopicus,Ethiopian Boubou,2484868,birdnet,SPECIES,species,EXACT
3046,Laniarius atrococcineus_Crimson-breasted Gonolek,taxon,Laniarius atrococcineus,Crimson-breasted Gonolek,2484863,birdnet,SPECIES,species,EXACT
3047,Laniarius atroflavus_Yellow-breasted Boubou,taxon,Laniarius atroflavus,Yellow-breasted Boubou,2484869,birdnet,SPECIES,species,EXACT
3048,Laniarius barbarus_Yellow-crowned Gonolek,taxon,Laniarius barbarus,Yellow-crowned Gonolek,2484877,birdnet,SPECIES,species,EXACT
3049,Laniarius bicolor_Gabon Boubou,taxon,Laniarius bicolor,Gabon Boubou,2484864,birdnet,SPECIES,species,EXACT
3050,Laniarius erythrogaster_Black-headed Gonolek,taxon,Laniarius erythrogaster,Black-headed Gonolek,2484871,birdnet,SPECIES,species,EXACT
3051,Laniarius ferrugineus_Southern Boubou,taxon,Laniarius ferrugineus,Southern Boubou,2484860,birdnet,SPECIES,species,EXACT
3052,Laniarius fuelleborni_Fülleborn's Boubou,taxon,Laniarius fuelleborni,Fülleborn's Boubou,2484872,birdnet,SPECIES,species,EXACT
3053,Laniarius funebris_Slate-colored Boubou,taxon,Laniarius funebris,Slate-colored Boubou,2484861,birdnet,SPECIES,species,EXACT
3054,Laniarius luehderi_Lühder's Bushshrike,taxon,Laniarius luehderi,Lühder's Bushshrike,2484862,birdnet,SPECIES,species,EXACT
3055,Laniarius major_Tropical Boubou,taxon,Laniarius major,Tropical Boubou,5845151,birdnet,SPECIES,species,EXACT
3056,Laniarius mufumbiri_Papyrus Gonolek,taxon,Laniarius mufumbiri,Papyrus Gonolek,2484866,birdnet,SPECIES,species,EXACT
3057,Laniarius poensis_Western Boubou,taxon,Laniarius poensis,Western Boubou,2484874,birdnet,SPECIES,species,EXACT
3058,Laniarius sublacteus_Zanzibar Boubou,taxon,Laniarius sublacteus,Zanzibar Boubou,5845139,birdnet,SPECIES,species,EXACT
3059,Laniisoma elegans_Shrike-like Cotinga,taxon,Laniisoma elegans,Shrike-like Cotinga,2486411,birdnet,SPECIES,species,EXACT
3060,Lanio aurantius_Black-throated Shrike-Tanager,taxon,Lanio aurantius,Black-throated Shrike-Tanager,2488291,birdnet,SPECIES,species,EXACT
3061,Lanio fulvus_Fulvous Shrike-Tanager,taxon,Lanio fulvus,Fulvous Shrike-Tanager,2488285,birdnet,SPECIES,species,EXACT
3062,Lanio leucothorax_White-throated Shrike-Tanager,taxon,Lanio leucothorax,White-throated Shrike-Tanager,2488280,birdnet,SPECIES,species,EXACT
3063,Lanio versicolor_White-winged Shrike-Tanager,taxon,Lanio versicolor,White-winged Shrike-Tanager,2488288,birdnet,SPECIES,species,EXACT
3064,Laniocera hypopyrra_Cinereous Mourner,taxon,Laniocera hypopyrra,Cinereous Mourner,2486357,birdnet,SPECIES,species,EXACT
3065,Laniocera rufescens_Speckled Mourner,taxon,Laniocera rufescens,Speckled Mourner,2486353,birdnet,SPECIES,species,EXACT
3066,Lanius borealis_Northern Shrike,taxon,Lanius borealis,Northern Shrike,7690702,birdnet,SPECIES,species,EXACT
3067,Lanius bucephalus_Bull-headed Shrike,taxon,Lanius bucephalus,Bull-headed Shrike,2492850,birdnet,SPECIES,species,EXACT
3068,Lanius cabanisi_Long-tailed Fiscal,taxon,Lanius cabanisi,Long-tailed Fiscal,2492869,birdnet,SPECIES,species,EXACT
3069,Lanius collaris_Southern Fiscal,taxon,Lanius collaris,Southern Fiscal,2492863,birdnet,SPECIES,species,EXACT
3070,Lanius collurio_Red-backed Shrike,taxon,Lanius collurio,Red-backed Shrike,7745240,birdnet,SPECIES,species,EXACT
3071,Lanius collurioides_Burmese Shrike,taxon,Lanius collurioides,Burmese Shrike,2492880,birdnet,SPECIES,species,EXACT
3072,Lanius corvinus_Yellow-billed Shrike,taxon,Lanius corvinus,Yellow-billed Shrike,11394500,birdnet,SPECIES,species,EXACT
3073,Lanius cristatus_Brown Shrike,taxon,Lanius cristatus,Brown Shrike,2492846,birdnet,SPECIES,species,EXACT
3074,Lanius excubitor_Great Gray Shrike,taxon,Lanius excubitor,Great Gray Shrike,9444556,birdnet,SPECIES,species,EXACT
3075,Lanius humeralis_Northern Fiscal,taxon,Lanius humeralis,Northern Fiscal,9409884,birdnet,SPECIES,species,EXACT
3076,Lanius isabellinus_Isabelline Shrike,taxon,Lanius isabellinus,Isabelline Shrike,2492865,birdnet,SPECIES,species,EXACT
3077,Lanius ludovicianus_Loggerhead Shrike,taxon,Lanius ludovicianus,Loggerhead Shrike,2492870,birdnet,SPECIES,species,EXACT
3078,Lanius meridionalis_Iberian Gray Shrike,taxon,Lanius meridionalis,Iberian Gray Shrike,7341500,birdnet,SPECIES,species,EXACT
3079,Lanius minor_Lesser Gray Shrike,taxon,Lanius minor,Lesser Gray Shrike,2492854,birdnet,SPECIES,species,EXACT
3080,Lanius nubicus_Masked Shrike,taxon,Lanius nubicus,Masked Shrike,2492855,birdnet,SPECIES,species,EXACT
3081,Lanius phoenicuroides_Red-tailed Shrike,taxon,Lanius phoenicuroides,Red-tailed Shrike,4408670,birdnet,SPECIES,species,EXACT
3082,Lanius schach_Long-tailed Shrike,taxon,Lanius schach,Long-tailed Shrike,9273219,birdnet,SPECIES,species,EXACT
3083,Lanius senator_Woodchat Shrike,taxon,Lanius senator,Woodchat Shrike,2492867,birdnet,SPECIES,species,EXACT
3084,Lanius sphenocercus_Chinese Gray Shrike,taxon,Lanius sphenocercus,Chinese Gray Shrike,2492857,birdnet,SPECIES,species,EXACT
3085,Lanius tephronotus_Gray-backed Shrike,taxon,Lanius tephronotus,Gray-backed Shrike,2492849,birdnet,SPECIES,species,EXACT
3086,Lanius tigrinus_Tiger Shrike,taxon,Lanius tigrinus,Tiger Shrike,2492868,birdnet,SPECIES,species,EXACT
3087,Lanius vittatus_Bay-backed Shrike,taxon,Lanius vittatus,Bay-backed Shrike,2492851,birdnet,SPECIES,species,EXACT
3088,Larosterna inca_Inca Tern,taxon,Larosterna inca,Inca Tern,2481125,birdnet,SPECIES,species,EXACT
3089,Larus argentatus_Herring Gull,taxon,Larus argentatus,Herring Gull,2481139,birdnet,SPECIES,species,EXACT
3090,Larus belcheri_Belcher's Gull,taxon,Larus belcheri,Belcher's Gull,2481179,birdnet,SPECIES,species,EXACT
3091,Larus brachyrhynchus_Short-billed Gull,taxon,Larus brachyrhynchus,Short-billed Gull,11205778,birdnet,SPECIES,species,EXACT
3092,Larus cachinnans_Caspian Gull,taxon,Larus cachinnans,Caspian Gull,2481181,birdnet,SPECIES,species,EXACT
3093,Larus californicus_California Gull,taxon,Larus californicus,California Gull,2481146,birdnet,SPECIES,species,EXACT
3094,Larus canus_Common Gull,taxon,Larus canus,Common Gull,7982160,birdnet,SPECIES,species,EXACT
3095,Larus crassirostris_Black-tailed Gull,taxon,Larus crassirostris,Black-tailed Gull,2481197,birdnet,SPECIES,species,EXACT
3096,Larus delawarensis_Ring-billed Gull,taxon,Larus delawarensis,Ring-billed Gull,2481134,birdnet,SPECIES,species,EXACT
3097,Larus dominicanus_Kelp Gull,taxon,Larus dominicanus,Kelp Gull,2481173,birdnet,SPECIES,species,EXACT
3098,Larus fuscus_Lesser Black-backed Gull,taxon,Larus fuscus,Lesser Black-backed Gull,2481174,birdnet,SPECIES,species,EXACT
3099,Larus glaucescens_Glaucous-winged Gull,taxon,Larus glaucescens,Glaucous-winged Gull,2481196,birdnet,SPECIES,species,EXACT
3100,Larus glaucoides_Iceland Gull,taxon,Larus glaucoides,Iceland Gull,2481156,birdnet,SPECIES,species,EXACT
3101,Larus heermanni_Heermann's Gull,taxon,Larus heermanni,Heermann's Gull,2481130,birdnet,SPECIES,species,EXACT
3102,Larus hyperboreus_Glaucous Gull,taxon,Larus hyperboreus,Glaucous Gull,2481127,birdnet,SPECIES,species,EXACT
3103,Larus livens_Yellow-footed Gull,taxon,Larus livens,Yellow-footed Gull,2481154,birdnet,SPECIES,species,EXACT
3104,Larus marinus_Great Black-backed Gull,taxon,Larus marinus,Great Black-backed Gull,2481172,birdnet,SPECIES,species,EXACT
3105,Larus michahellis_Yellow-legged Gull,taxon,Larus michahellis,Yellow-legged Gull,9413670,birdnet,SPECIES,species,EXACT
3106,Larus occidentalis_Western Gull,taxon,Larus occidentalis,Western Gull,9656686,birdnet,SPECIES,species,EXACT
3107,Larus schistisagus_Slaty-backed Gull,taxon,Larus schistisagus,Slaty-backed Gull,2481163,birdnet,SPECIES,species,EXACT
3108,Larvivora akahige_Japanese Robin,taxon,Larvivora akahige,Japanese Robin,7341264,birdnet,SPECIES,species,EXACT
3109,Larvivora brunnea_Indian Blue Robin,taxon,Larvivora brunnea,Indian Blue Robin,7341256,birdnet,SPECIES,species,EXACT
3110,Larvivora cyane_Siberian Blue Robin,taxon,Larvivora cyane,Siberian Blue Robin,7341250,birdnet,SPECIES,species,EXACT
3111,Larvivora komadori_Ryukyu Robin,taxon,Larvivora komadori,Ryukyu Robin,7341260,birdnet,SPECIES,species,EXACT
3112,Larvivora sibilans_Rufous-tailed Robin,taxon,Larvivora sibilans,Rufous-tailed Robin,6090598,birdnet,SPECIES,species,EXACT
3113,Laterallus albigularis_White-throated Crake,taxon,Laterallus albigularis,White-throated Crake,2474599,birdnet,SPECIES,species,EXACT
3114,Laterallus exilis_Gray-breasted Crake,taxon,Laterallus exilis,Gray-breasted Crake,2474589,birdnet,SPECIES,species,EXACT
3115,Laterallus jamaicensis_Black Rail,taxon,Laterallus jamaicensis,Black Rail,2474590,birdnet,SPECIES,species,EXACT
3116,Laterallus leucopyrrhus_Red-and-white Crake,taxon,Laterallus leucopyrrhus,Red-and-white Crake,2474598,birdnet,SPECIES,species,EXACT
3117,Laterallus levraudi_Rusty-flanked Crake,taxon,Laterallus levraudi,Rusty-flanked Crake,2474588,birdnet,SPECIES,species,EXACT
3118,Laterallus melanophaius_Rufous-sided Crake,taxon,Laterallus melanophaius,Rufous-sided Crake,2474585,birdnet,SPECIES,species,EXACT
3119,Laterallus ruber_Ruddy Crake,taxon,Laterallus ruber,Ruddy Crake,2474603,birdnet,SPECIES,species,EXACT
3120,Laterallus xenopterus_Rufous-faced Crake,taxon,Laterallus xenopterus,Rufous-faced Crake,2474596,birdnet,SPECIES,species,EXACT
3121,Lathamus discolor_Swift Parrot,taxon,Lathamus discolor,Swift Parrot,2480052,birdnet,SPECIES,species,EXACT
3122,Lathrotriccus euleri_Euler's Flycatcher,taxon,Lathrotriccus euleri,Euler's Flycatcher,2483792,birdnet,SPECIES,species,EXACT
3123,Lathrotriccus griseipectus_Gray-breasted Flycatcher,taxon,Lathrotriccus griseipectus,Gray-breasted Flycatcher,2483801,birdnet,SPECIES,species,EXACT
3124,Laticilla cinerascens_Swamp Grass Babbler,taxon,Laticilla cinerascens,Swamp Grass Babbler,8030310,birdnet,SPECIES,species,EXACT
3125,Legatus leucophaius_Piratic Flycatcher,taxon,Legatus leucophaius,Piratic Flycatcher,2482940,birdnet,SPECIES,species,EXACT
3126,Leiopicus mahrattensis_Yellow-crowned Woodpecker,taxon,Leiopicus mahrattensis,Yellow-crowned Woodpecker,8908559,birdnet,SPECIES,species,EXACT
3127,Leioptila annectens_Rufous-backed Sibia,taxon,Leioptila annectens,Rufous-backed Sibia,10914704,birdnet,SPECIES,species,EXACT
3128,Leiothlypis celata_Orange-crowned Warbler,taxon,Leiothlypis celata,Orange-crowned Warbler,8169649,birdnet,SPECIES,species,EXACT
3129,Leiothlypis crissalis_Colima Warbler,taxon,Leiothlypis crissalis,Colima Warbler,7512138,birdnet,SPECIES,species,EXACT
3130,Leiothlypis luciae_Lucy's Warbler,taxon,Leiothlypis luciae,Lucy's Warbler,8293756,birdnet,SPECIES,species,EXACT
3131,Leiothlypis peregrina_Tennessee Warbler,taxon,Leiothlypis peregrina,Tennessee Warbler,7415507,birdnet,SPECIES,species,EXACT
3132,Leiothlypis ruficapilla_Nashville Warbler,taxon,Leiothlypis ruficapilla,Nashville Warbler,7531611,birdnet,SPECIES,species,EXACT
3133,Leiothlypis virginiae_Virginia's Warbler,taxon,Leiothlypis virginiae,Virginia's Warbler,8314699,birdnet,SPECIES,species,EXACT
3134,Leiothrix argentauris_Silver-eared Mesia,taxon,Leiothrix argentauris,Silver-eared Mesia,5231397,birdnet,SPECIES,species,EXACT
3135,Leiothrix lutea_Red-billed Leiothrix,taxon,Leiothrix lutea,Red-billed Leiothrix,5231398,birdnet,SPECIES,species,EXACT
3136,Leistes bellicosus_Peruvian Meadowlark,taxon,Leistes bellicosus,Peruvian Meadowlark,9653580,birdnet,SPECIES,species,EXACT
3137,Leistes loyca_Long-tailed Meadowlark,taxon,Leistes loyca,Long-tailed Meadowlark,9667237,birdnet,SPECIES,species,EXACT
3138,Leistes militaris_Red-breasted Meadowlark,taxon,Leistes militaris,Red-breasted Meadowlark,4846744,birdnet,SPECIES,species,EXACT
3139,Leistes superciliaris_White-browed Meadowlark,taxon,Leistes superciliaris,White-browed Meadowlark,5788766,birdnet,SPECIES,species,EXACT
3140,Lepidocolaptes affinis_Spot-crowned Woodcreeper,taxon,Lepidocolaptes affinis,Spot-crowned Woodcreeper,2486053,birdnet,SPECIES,species,EXACT
3141,Lepidocolaptes albolineatus_Guianan Woodcreeper,taxon,Lepidocolaptes albolineatus,Guianan Woodcreeper,2486037,birdnet,SPECIES,species,EXACT
3142,Lepidocolaptes angustirostris_Narrow-billed Woodcreeper,taxon,Lepidocolaptes angustirostris,Narrow-billed Woodcreeper,2486024,birdnet,SPECIES,species,EXACT
3143,Lepidocolaptes duidae_Duida Woodcreeper,taxon,Lepidocolaptes duidae,Duida Woodcreeper,9599337,birdnet,SPECIES,species,EXACT
3144,Lepidocolaptes falcinellus_Scalloped Woodcreeper,taxon,Lepidocolaptes falcinellus,Scalloped Woodcreeper,2486043,birdnet,SPECIES,species,EXACT
3145,Lepidocolaptes fatimalimae_Inambari Woodcreeper,taxon,Lepidocolaptes fatimalimae,Inambari Woodcreeper,7701207,birdnet,SPECIES,species,EXACT
3146,Lepidocolaptes fuscicapillus_Dusky-capped Woodcreeper,taxon,Lepidocolaptes fuscicapillus,Dusky-capped Woodcreeper,7605254,birdnet,SPECIES,species,EXACT
3147,Lepidocolaptes lacrymiger_Montane Woodcreeper,taxon,Lepidocolaptes lacrymiger,Montane Woodcreeper,2486011,birdnet,SPECIES,species,EXACT
3148,Lepidocolaptes leucogaster_White-striped Woodcreeper,taxon,Lepidocolaptes leucogaster,White-striped Woodcreeper,2486021,birdnet,SPECIES,species,EXACT
3149,Lepidocolaptes souleyetii_Streak-headed Woodcreeper,taxon,Lepidocolaptes souleyetii,Streak-headed Woodcreeper,2486044,birdnet,SPECIES,species,EXACT
3150,Lepidocolaptes squamatus_Scaled Woodcreeper,taxon,Lepidocolaptes squamatus,Scaled Woodcreeper,2486034,birdnet,SPECIES,species,EXACT
3151,Lepidothrix coronata_Blue-crowned Manakin,taxon,Lepidothrix coronata,Blue-crowned Manakin,5230528,birdnet,SPECIES,species,EXACT
3152,Lepidothrix iris_Opal-crowned Manakin,taxon,Lepidothrix iris,Opal-crowned Manakin,5230524,birdnet,SPECIES,species,EXACT
3153,Lepidothrix isidorei_Blue-rumped Manakin,taxon,Lepidothrix isidorei,Blue-rumped Manakin,5230521,birdnet,SPECIES,species,EXACT
3154,Lepidothrix nattereri_Snow-capped Manakin,taxon,Lepidothrix nattereri,Snow-capped Manakin,5230520,birdnet,SPECIES,species,EXACT
3155,Lepidothrix serena_White-fronted Manakin,taxon,Lepidothrix serena,White-fronted Manakin,5230519,birdnet,SPECIES,species,EXACT
3156,Lepidothrix suavissima_Orange-bellied Manakin,taxon,Lepidothrix suavissima,Orange-bellied Manakin,5230517,birdnet,SPECIES,species,EXACT
3157,Leptasthenura aegithaloides_Plain-mantled Tit-Spinetail,taxon,Leptasthenura aegithaloides,Plain-mantled Tit-Spinetail,2485141,birdnet,SPECIES,species,EXACT
3158,Leptasthenura andicola_Andean Tit-Spinetail,taxon,Leptasthenura andicola,Andean Tit-Spinetail,2485160,birdnet,SPECIES,species,EXACT
3159,Leptasthenura fuliginiceps_Brown-capped Tit-Spinetail,taxon,Leptasthenura fuliginiceps,Brown-capped Tit-Spinetail,2485152,birdnet,SPECIES,species,EXACT
3160,Leptasthenura pileata_Rusty-crowned Tit-Spinetail,taxon,Leptasthenura pileata,Rusty-crowned Tit-Spinetail,2485156,birdnet,SPECIES,species,EXACT
3161,Leptasthenura platensis_Tufted Tit-Spinetail,taxon,Leptasthenura platensis,Tufted Tit-Spinetail,2485151,birdnet,SPECIES,species,EXACT
3162,Leptasthenura setaria_Araucaria Tit-Spinetail,taxon,Leptasthenura setaria,Araucaria Tit-Spinetail,2485140,birdnet,SPECIES,species,EXACT
3163,Leptasthenura striata_Streaked Tit-Spinetail,taxon,Leptasthenura striata,Streaked Tit-Spinetail,2485147,birdnet,SPECIES,species,EXACT
3164,Leptasthenura striolata_Striolated Tit-Spinetail,taxon,Leptasthenura striolata,Striolated Tit-Spinetail,2485139,birdnet,SPECIES,species,EXACT
3165,Leptasthenura xenothorax_White-browed Tit-Spinetail,taxon,Leptasthenura xenothorax,White-browed Tit-Spinetail,2485155,birdnet,SPECIES,species,EXACT
3166,Leptocoma aspasia_Black Sunbird,taxon,Leptocoma aspasia,Black Sunbird,9057662,birdnet,SPECIES,species,EXACT
3167,Leptocoma brasiliana_Van Hasselt's Sunbird,taxon,Leptocoma brasiliana,Van Hasselt's Sunbird,7340843,birdnet,SPECIES,species,EXACT
3168,Leptocoma calcostetha_Copper-throated Sunbird,taxon,Leptocoma calcostetha,Copper-throated Sunbird,6088419,birdnet,SPECIES,species,EXACT
3169,Leptocoma minima_Crimson-backed Sunbird,taxon,Leptocoma minima,Crimson-backed Sunbird,6088706,birdnet,SPECIES,species,EXACT
3170,Leptocoma sperata_Purple-throated Sunbird,taxon,Leptocoma sperata,Purple-throated Sunbird,7340838,birdnet,SPECIES,species,EXACT
3171,Leptocoma zeylonica_Purple-rumped Sunbird,taxon,Leptocoma zeylonica,Purple-rumped Sunbird,7340855,birdnet,SPECIES,species,EXACT
3172,Leptodon cayanensis_Gray-headed Kite,taxon,Leptodon cayanensis,Gray-headed Kite,5229197,birdnet,SPECIES,species,EXACT
3173,Leptopoecile sophiae_White-browed Tit-Warbler,taxon,Leptopoecile sophiae,White-browed Tit-Warbler,2493436,birdnet,SPECIES,species,EXACT
3174,Leptopogon amaurocephalus_Sepia-capped Flycatcher,taxon,Leptopogon amaurocephalus,Sepia-capped Flycatcher,5229517,birdnet,SPECIES,species,EXACT
3175,Leptopogon rufipectus_Rufous-breasted Flycatcher,taxon,Leptopogon rufipectus,Rufous-breasted Flycatcher,5229514,birdnet,SPECIES,species,EXACT
3176,Leptopogon superciliaris_Slaty-capped Flycatcher,taxon,Leptopogon superciliaris,Slaty-capped Flycatcher,5229505,birdnet,SPECIES,species,EXACT
3177,Leptopogon taczanowskii_Inca Flycatcher,taxon,Leptopogon taczanowskii,Inca Flycatcher,5229513,birdnet,SPECIES,species,EXACT
3178,Leptoptilos crumenifer_Marabou Stork,taxon,Leptoptilos crumenifer,Marabou Stork,9772663,birdnet,SPECIES,species,EXACT
3179,Leptosittaca branickii_Golden-plumed Parakeet,taxon,Leptosittaca branickii,Golden-plumed Parakeet,2480179,birdnet,SPECIES,species,EXACT
3180,Leptosomus discolor_Cuckoo-roller,taxon,Leptosomus discolor,Cuckoo-roller,5228431,birdnet,SPECIES,species,EXACT
3181,Leptotila cassinii_Gray-chested Dove,taxon,Leptotila cassinii,Gray-chested Dove,2496089,birdnet,SPECIES,species,EXACT
3182,Leptotila conoveri_Tolima Dove,taxon,Leptotila conoveri,Tolima Dove,2496093,birdnet,SPECIES,species,EXACT
3183,Leptotila jamaicensis_Caribbean Dove,taxon,Leptotila jamaicensis,Caribbean Dove,2496098,birdnet,SPECIES,species,EXACT
3184,Leptotila megalura_Large-tailed Dove,taxon,Leptotila megalura,Large-tailed Dove,2496088,birdnet,SPECIES,species,EXACT
3185,Leptotila ochraceiventris_Ochre-bellied Dove,taxon,Leptotila ochraceiventris,Ochre-bellied Dove,2496097,birdnet,SPECIES,species,EXACT
3186,Leptotila pallida_Pallid Dove,taxon,Leptotila pallida,Pallid Dove,2496078,birdnet,SPECIES,species,EXACT
3187,Leptotila plumbeiceps_Gray-headed Dove,taxon,Leptotila plumbeiceps,Gray-headed Dove,2496075,birdnet,SPECIES,species,EXACT
3188,Leptotila rufaxilla_Gray-fronted Dove,taxon,Leptotila rufaxilla,Gray-fronted Dove,2496081,birdnet,SPECIES,species,EXACT
3189,Leptotila verreauxi_White-tipped Dove,taxon,Leptotila verreauxi,White-tipped Dove,2496060,birdnet,SPECIES,species,EXACT
3190,Lesbia nuna_Green-tailed Trainbearer,taxon,Lesbia nuna,Green-tailed Trainbearer,5228490,birdnet,SPECIES,species,EXACT
3191,Lesbia victoriae_Black-tailed Trainbearer,taxon,Lesbia victoriae,Black-tailed Trainbearer,5228496,birdnet,SPECIES,species,EXACT
3192,Leucippus fallax_Buffy Hummingbird,taxon,Leucippus fallax,Buffy Hummingbird,2476233,birdnet,SPECIES,species,EXACT
3193,Leucochloris albicollis_White-throated Hummingbird,taxon,Leucochloris albicollis,White-throated Hummingbird,2476291,birdnet,SPECIES,species,EXACT
3194,Leucogeranus leucogeranus_Siberian Crane,taxon,Leucogeranus leucogeranus,Siberian Crane,9531123,birdnet,SPECIES,species,EXACT
3195,Leucolia violiceps_Violet-crowned Hummingbird,taxon,Leucolia violiceps,Violet-crowned Hummingbird,11003172,birdnet,SPECIES,species,EXACT
3196,Leucophaeus atricilla_Laughing Gull,taxon,Leucophaeus atricilla,Laughing Gull,6065844,birdnet,SPECIES,species,EXACT
3197,Leucophaeus modestus_Gray Gull,taxon,Leucophaeus modestus,Gray Gull,6065847,birdnet,SPECIES,species,EXACT
3198,Leucophaeus pipixcan_Franklin's Gull,taxon,Leucophaeus pipixcan,Franklin's Gull,5846430,birdnet,SPECIES,species,EXACT
3199,Leucophaeus scoresbii_Dolphin Gull,taxon,Leucophaeus scoresbii,Dolphin Gull,4352370,birdnet,SPECIES,species,EXACT
3200,Leucopternis kuhli_White-browed Hawk,taxon,Leucopternis kuhli,White-browed Hawk,2480400,birdnet,SPECIES,species,EXACT
3201,Leucopternis melanops_Black-faced Hawk,taxon,Leucopternis melanops,Black-faced Hawk,2480402,birdnet,SPECIES,species,EXACT
3202,Leucopternis semiplumbeus_Semiplumbeous Hawk,taxon,Leucopternis semiplumbeus,Semiplumbeous Hawk,2480395,birdnet,SPECIES,species,EXACT
3203,Leucosarcia melanoleuca_Wonga Pigeon,taxon,Leucosarcia melanoleuca,Wonga Pigeon,2495910,birdnet,SPECIES,species,EXACT
3204,Leucosticte atrata_Black Rosy-Finch,taxon,Leucosticte atrata,Black Rosy-Finch,2494372,birdnet,SPECIES,species,EXACT
3205,Leucosticte australis_Brown-capped Rosy-Finch,taxon,Leucosticte australis,Brown-capped Rosy-Finch,2494359,birdnet,SPECIES,species,EXACT
3206,Leucosticte tephrocotis_Gray-crowned Rosy-Finch,taxon,Leucosticte tephrocotis,Gray-crowned Rosy-Finch,2494360,birdnet,SPECIES,species,EXACT
3207,Lewinia pectoralis_Lewin's Rail,taxon,Lewinia pectoralis,Lewin's Rail,5228188,birdnet,SPECIES,species,EXACT
3208,Lewinia striata_Slaty-breasted Rail,taxon,Lewinia striata,Slaty-breasted Rail,10956418,birdnet,SPECIES,species,EXACT
3209,Lichenostomus cratitius_Purple-gaped Honeyeater,taxon,Lichenostomus cratitius,Purple-gaped Honeyeater,2486880,birdnet,SPECIES,species,EXACT
3210,Lichenostomus melanops_Yellow-tufted Honeyeater,taxon,Lichenostomus melanops,Yellow-tufted Honeyeater,2486903,birdnet,SPECIES,species,EXACT
3211,Lichmera incana_Dark-brown Honeyeater,taxon,Lichmera incana,Dark-brown Honeyeater,2487354,birdnet,SPECIES,species,EXACT
3212,Lichmera indistincta_Brown Honeyeater,taxon,Lichmera indistincta,Brown Honeyeater,2487341,birdnet,SPECIES,species,EXACT
3213,Lichmera limbata_Indonesian Honeyeater,taxon,Lichmera limbata,Indonesian Honeyeater,2487345,birdnet,SPECIES,species,EXACT
3214,Lichmera squamata_White-tufted Honeyeater,taxon,Lichmera squamata,White-tufted Honeyeater,2487352,birdnet,SPECIES,species,EXACT
3215,Limnoctites rectirostris_Straight-billed Reedhaunter,taxon,Limnoctites rectirostris,Straight-billed Reedhaunter,5788780,birdnet,SPECIES,species,EXACT
3216,Limnoctites sulphuriferus_Sulphur-bearded Reedhaunter,taxon,Limnoctites sulphuriferus,Sulphur-bearded Reedhaunter,11068544,birdnet,SPECIES,species,EXACT
3217,Limnodromus griseus_Short-billed Dowitcher,taxon,Limnodromus griseus,Short-billed Dowitcher,2481672,birdnet,SPECIES,species,EXACT
3218,Limnodromus scolopaceus_Long-billed Dowitcher,taxon,Limnodromus scolopaceus,Long-billed Dowitcher,2481670,birdnet,SPECIES,species,EXACT
3219,Limnodromus semipalmatus_Asian Dowitcher,taxon,Limnodromus semipalmatus,Asian Dowitcher,2481671,birdnet,SPECIES,species,EXACT
3220,Limnornis curvirostris_Curve-billed Reedhaunter,taxon,Limnornis curvirostris,Curve-billed Reedhaunter,9280911,birdnet,SPECIES,species,EXACT
3221,Limnothlypis swainsonii_Swainson's Warbler,taxon,Limnothlypis swainsonii,Swainson's Warbler,2489636,birdnet,SPECIES,species,EXACT
3222,Limosa fedoa_Marbled Godwit,taxon,Limosa fedoa,Marbled Godwit,2481684,birdnet,SPECIES,species,EXACT
3223,Limosa haemastica_Hudsonian Godwit,taxon,Limosa haemastica,Hudsonian Godwit,2481680,birdnet,SPECIES,species,EXACT
3224,Limosa lapponica_Bar-tailed Godwit,taxon,Limosa lapponica,Bar-tailed Godwit,2481681,birdnet,SPECIES,species,EXACT
3225,Limosa limosa_Black-tailed Godwit,taxon,Limosa limosa,Black-tailed Godwit,2481685,birdnet,SPECIES,species,EXACT
3226,Linaria cannabina_Eurasian Linnet,taxon,Linaria cannabina,Eurasian Linnet,8104397,birdnet,SPECIES,species,EXACT
3227,Linaria flavirostris_Twite,taxon,Linaria flavirostris,Twite,7668711,birdnet,SPECIES,species,EXACT
3228,Linaria yemenensis_Yemen Linnet,taxon,Linaria yemenensis,Yemen Linnet,8428249,birdnet,SPECIES,species,EXACT
3229,Liocichla phoenicea_Red-faced Liocichla,taxon,Liocichla phoenicea,Red-faced Liocichla,2493328,birdnet,SPECIES,species,EXACT
3230,Liocichla ripponi_Scarlet-faced Liocichla,taxon,Liocichla ripponi,Scarlet-faced Liocichla,6101116,birdnet,SPECIES,species,EXACT
3231,Liocichla steerii_Steere's Liocichla,taxon,Liocichla steerii,Steere's Liocichla,2493327,birdnet,SPECIES,species,EXACT
3232,Lioparus chrysotis_Golden-breasted Fulvetta,taxon,Lioparus chrysotis,Golden-breasted Fulvetta,7341955,birdnet,SPECIES,species,EXACT
3233,Liosceles thoracicus_Rusty-belted Tapaculo,taxon,Liosceles thoracicus,Rusty-belted Tapaculo,2490961,birdnet,SPECIES,species,EXACT
3234,Lipaugus ater_Black-and-gold Cotinga,taxon,Lipaugus ater,Black-and-gold Cotinga,10678315,birdnet,SPECIES,species,EXACT
3235,Lipaugus fuscocinereus_Dusky Piha,taxon,Lipaugus fuscocinereus,Dusky Piha,2486505,birdnet,SPECIES,species,EXACT
3236,Lipaugus lanioides_Cinnamon-vented Piha,taxon,Lipaugus lanioides,Cinnamon-vented Piha,2486500,birdnet,SPECIES,species,EXACT
3237,Lipaugus unirufus_Rufous Piha,taxon,Lipaugus unirufus,Rufous Piha,2486501,birdnet,SPECIES,species,EXACT
3238,Lipaugus vociferans_Screaming Piha,taxon,Lipaugus vociferans,Screaming Piha,2486506,birdnet,SPECIES,species,EXACT
3239,Lipaugus weberi_Chestnut-capped Piha,taxon,Lipaugus weberi,Chestnut-capped Piha,2486504,birdnet,SPECIES,species,EXACT
3240,Lithobates catesbeianus_American Bullfrog,taxon,Lithobates catesbeianus,American Bullfrog,2427091,birdnet,SPECIES,species,EXACT
3241,Lithobates clamitans_Green Frog,taxon,Lithobates clamitans,Green Frog,2427172,birdnet,SPECIES,species,EXACT
3242,Lithobates palustris_Pickerel Frog,taxon,Lithobates palustris,Pickerel Frog,2427056,birdnet,SPECIES,species,EXACT
3243,Lithobates sylvaticus_Wood Frog,taxon,Lithobates sylvaticus,Wood Frog,2427072,birdnet,SPECIES,species,EXACT
3244,Lochmias nematura_Sharp-tailed Streamcreeper,taxon,Lochmias nematura,Sharp-tailed Streamcreeper,2485506,birdnet,SPECIES,species,EXACT
3245,Locustella alishanensis_Taiwan Bush Warbler,taxon,Locustella alishanensis,Taiwan Bush Warbler,7443420,birdnet,SPECIES,species,EXACT
3246,Locustella caudata_Long-tailed Bush Warbler,taxon,Locustella caudata,Long-tailed Bush Warbler,7913235,birdnet,SPECIES,species,EXACT
3247,Locustella davidi_Baikal Bush Warbler,taxon,Locustella davidi,Baikal Bush Warbler,7515214,birdnet,SPECIES,species,EXACT
3248,Locustella fluviatilis_River Warbler,taxon,Locustella fluviatilis,River Warbler,2493549,birdnet,SPECIES,species,EXACT
3249,Locustella lanceolata_Lanceolated Warbler,taxon,Locustella lanceolata,Lanceolated Warbler,2493550,birdnet,SPECIES,species,EXACT
3250,Locustella luscinioides_Savi's Warbler,taxon,Locustella luscinioides,Savi's Warbler,2493551,birdnet,SPECIES,species,EXACT
3251,Locustella luteoventris_Brown Bush Warbler,taxon,Locustella luteoventris,Brown Bush Warbler,7401878,birdnet,SPECIES,species,EXACT
3252,Locustella mandelli_Russet Bush Warbler,taxon,Locustella mandelli,Russet Bush Warbler,7368163,birdnet,SPECIES,species,EXACT
3253,Locustella montis_Javan Bush Warbler,taxon,Locustella montis,Javan Bush Warbler,7632485,birdnet,SPECIES,species,EXACT
3254,Locustella naevia_Common Grasshopper-Warbler,taxon,Locustella naevia,Common Grasshopper-Warbler,2493548,birdnet,SPECIES,species,EXACT
3255,Locustella tacsanowskia_Chinese Bush Warbler,taxon,Locustella tacsanowskia,Chinese Bush Warbler,8099335,birdnet,SPECIES,species,EXACT
3256,Locustella thoracica_Spotted Bush Warbler,taxon,Locustella thoracica,Spotted Bush Warbler,8234327,birdnet,SPECIES,species,EXACT
3257,Lonchura atricapilla_Chestnut Munia,taxon,Lonchura atricapilla,Chestnut Munia,2493623,birdnet,SPECIES,species,EXACT
3258,Lonchura castaneothorax_Chestnut-breasted Munia,taxon,Lonchura castaneothorax,Chestnut-breasted Munia,2493615,birdnet,SPECIES,species,EXACT
3259,Lonchura kelaarti_Black-throated Munia,taxon,Lonchura kelaarti,Black-throated Munia,2493608,birdnet,SPECIES,species,EXACT
3260,Lonchura leucogastroides_Javan Munia,taxon,Lonchura leucogastroides,Javan Munia,2493622,birdnet,SPECIES,species,EXACT
3261,Lonchura maja_White-headed Munia,taxon,Lonchura maja,White-headed Munia,2493599,birdnet,SPECIES,species,EXACT
3262,Lonchura malacca_Tricolored Munia,taxon,Lonchura malacca,Tricolored Munia,2493626,birdnet,SPECIES,species,EXACT
3263,Lonchura punctulata_Scaly-breasted Munia,taxon,Lonchura punctulata,Scaly-breasted Munia,2493598,birdnet,SPECIES,species,EXACT
3264,Lonchura striata_White-rumped Munia,taxon,Lonchura striata,White-rumped Munia,2493618,birdnet,SPECIES,species,EXACT
3265,Lophaetus occipitalis_Long-crested Eagle,taxon,Lophaetus occipitalis,Long-crested Eagle,2480475,birdnet,SPECIES,species,EXACT
3266,Lophoceros alboterminatus_Crowned Hornbill,taxon,Lophoceros alboterminatus,Crowned Hornbill,7983173,birdnet,SPECIES,species,EXACT
3267,Lophoceros camurus_Red-billed Dwarf Hornbill,taxon,Lophoceros camurus,Red-billed Dwarf Hornbill,7997307,birdnet,SPECIES,species,EXACT
3268,Lophoceros fasciatus_African Pied Hornbill,taxon,Lophoceros fasciatus,African Pied Hornbill,8335820,birdnet,SPECIES,species,EXACT
3269,Lophoceros hemprichii_Hemprich's Hornbill,taxon,Lophoceros hemprichii,Hemprich's Hornbill,8258263,birdnet,SPECIES,species,EXACT
3270,Lophoceros nasutus_African Gray Hornbill,taxon,Lophoceros nasutus,African Gray Hornbill,8101752,birdnet,SPECIES,species,EXACT
3271,Lophochroa leadbeateri_Pink Cockatoo,taxon,Lophochroa leadbeateri,Pink Cockatoo,7340185,birdnet,SPECIES,species,EXACT
3272,Lophodytes cucullatus_Hooded Merganser,taxon,Lophodytes cucullatus,Hooded Merganser,2498408,birdnet,SPECIES,species,EXACT
3273,Lophonetta specularioides_Crested Duck,taxon,Lophonetta specularioides,Crested Duck,2498294,birdnet,SPECIES,species,EXACT
3274,Lophophanes cristatus_Crested Tit,taxon,Lophophanes cristatus,Crested Tit,2487883,birdnet,SPECIES,species,EXACT
3275,Lophophanes dichrous_Gray-crested Tit,taxon,Lophophanes dichrous,Gray-crested Tit,2487882,birdnet,SPECIES,species,EXACT
3276,Lophophorus impejanus_Himalayan Monal,taxon,Lophophorus impejanus,Himalayan Monal,5227747,birdnet,SPECIES,species,EXACT
3277,Lophorina superba_Greater Lophorina,taxon,Lophorina superba,Greater Lophorina,2494916,birdnet,SPECIES,species,EXACT
3278,Lophostrix cristata_Crested Owl,taxon,Lophostrix cristata,Crested Owl,2497873,birdnet,SPECIES,species,EXACT
3279,Lophotriccus eulophotes_Long-crested Pygmy-Tyrant,taxon,Lophotriccus eulophotes,Long-crested Pygmy-Tyrant,2483408,birdnet,SPECIES,species,EXACT
3280,Lophotriccus galeatus_Helmeted Pygmy-Tyrant,taxon,Lophotriccus galeatus,Helmeted Pygmy-Tyrant,2483401,birdnet,SPECIES,species,EXACT
3281,Lophotriccus pileatus_Scale-crested Pygmy-Tyrant,taxon,Lophotriccus pileatus,Scale-crested Pygmy-Tyrant,2483402,birdnet,SPECIES,species,EXACT
3282,Lophotriccus vitiosus_Double-banded Pygmy-Tyrant,taxon,Lophotriccus vitiosus,Double-banded Pygmy-Tyrant,2483396,birdnet,SPECIES,species,EXACT
3283,Lophotriorchis kienerii_Rufous-bellied Eagle,taxon,Lophotriorchis kienerii,Rufous-bellied Eagle,5788511,birdnet,SPECIES,species,EXACT
3284,Lophura leucomelanos_Kalij Pheasant,taxon,Lophura leucomelanos,Kalij Pheasant,5227993,birdnet,SPECIES,species,EXACT
3285,Loriculus beryllinus_Sri Lanka Hanging-Parrot,taxon,Loriculus beryllinus,Sri Lanka Hanging-Parrot,2479371,birdnet,SPECIES,species,EXACT
3286,Loriculus galgulus_Blue-crowned Hanging-Parrot,taxon,Loriculus galgulus,Blue-crowned Hanging-Parrot,2479372,birdnet,SPECIES,species,EXACT
3287,Loriculus philippensis_Philippine Hanging-Parrot,taxon,Loriculus philippensis,Philippine Hanging-Parrot,2479388,birdnet,SPECIES,species,EXACT
3288,Loriculus vernalis_Vernal Hanging-Parrot,taxon,Loriculus vernalis,Vernal Hanging-Parrot,2479399,birdnet,SPECIES,species,EXACT
3289,Loriotus cristatus_Flame-crested Tanager,taxon,Loriotus cristatus,Flame-crested Tanager,10901072,birdnet,SPECIES,species,EXACT
3290,Loriotus luctuosus_White-shouldered Tanager,taxon,Loriotus luctuosus,White-shouldered Tanager,10802560,birdnet,SPECIES,species,EXACT
3291,Lorius chlorocercus_Yellow-bibbed Lory,taxon,Lorius chlorocercus,Yellow-bibbed Lory,2479430,birdnet,SPECIES,species,EXACT
3292,Lorius lory_Black-capped Lory,taxon,Lorius lory,Black-capped Lory,2479418,birdnet,SPECIES,species,EXACT
3293,Loxia curvirostra_Red Crossbill,taxon,Loxia curvirostra,Red Crossbill,9629160,birdnet,SPECIES,species,EXACT
3294,Loxia leucoptera_White-winged Crossbill,taxon,Loxia leucoptera,White-winged Crossbill,8144830,birdnet,SPECIES,species,EXACT
3295,Loxia pytyopsittacus_Parrot Crossbill,taxon,Loxia pytyopsittacus,Parrot Crossbill,2494154,birdnet,SPECIES,species,EXACT
3296,Loxia scotica_Scottish Crossbill,taxon,Loxia scotica,Scottish Crossbill,2494177,birdnet,SPECIES,species,EXACT
3297,Loxia sinesciuris_Cassia Crossbill,taxon,Loxia sinesciuris,Cassia Crossbill,9308032,birdnet,SPECIES,species,EXACT
3298,Loxigilla noctis_Lesser Antillean Bullfinch,taxon,Loxigilla noctis,Lesser Antillean Bullfinch,2491059,birdnet,SPECIES,species,EXACT
3299,Loxioides bailleui_Palila,taxon,Loxioides bailleui,Palila,2494136,birdnet,SPECIES,species,EXACT
3300,Loxops caeruleirostris_Akekee,taxon,Loxops caeruleirostris,Akekee,5231617,birdnet,SPECIES,species,EXACT
3301,Loxops coccineus_Hawaii Akepa,taxon,Loxops coccineus,Hawaii Akepa,5231618,birdnet,SPECIES,species,EXACT
3302,Loxops mana_Hawaii Creeper,taxon,Loxops mana,Hawaii Creeper,5231614,birdnet,SPECIES,species,EXACT
3303,Lullula arborea_Wood Lark,taxon,Lullula arborea,Wood Lark,2490604,birdnet,SPECIES,species,EXACT
3304,Lurocalis rufiventris_Rufous-bellied Nighthawk,taxon,Lurocalis rufiventris,Rufous-bellied Nighthawk,2497088,birdnet,SPECIES,species,EXACT
3305,Lurocalis semitorquatus_Short-tailed Nighthawk,taxon,Lurocalis semitorquatus,Short-tailed Nighthawk,2497082,birdnet,SPECIES,species,EXACT
3306,Luscinia luscinia_Thrush Nightingale,taxon,Luscinia luscinia,Thrush Nightingale,2492542,birdnet,SPECIES,species,EXACT
3307,Luscinia megarhynchos_Common Nightingale,taxon,Luscinia megarhynchos,Common Nightingale,7660710,birdnet,SPECIES,species,EXACT
3308,Luscinia phaenicuroides_White-bellied Redstart,taxon,Luscinia phaenicuroides,White-bellied Redstart,7341243,birdnet,SPECIES,species,EXACT
3309,Luscinia svecica_Bluethroat,taxon,Luscinia svecica,Bluethroat,4408732,birdnet,SPECIES,species,EXACT
3310,Lybius bidentatus_Double-toothed Barbet,taxon,Lybius bidentatus,Double-toothed Barbet,2479015,birdnet,SPECIES,species,EXACT
3311,Lybius guifsobalito_Black-billed Barbet,taxon,Lybius guifsobalito,Black-billed Barbet,2478997,birdnet,SPECIES,species,EXACT
3312,Lybius torquatus_Black-collared Barbet,taxon,Lybius torquatus,Black-collared Barbet,2479007,birdnet,SPECIES,species,EXACT
3313,Lybius vieilloti_Vieillot's Barbet,taxon,Lybius vieilloti,Vieillot's Barbet,2479002,birdnet,SPECIES,species,EXACT
3314,Lycocorax pyrrhopterus_Paradise-crow,taxon,Lycocorax pyrrhopterus,Paradise-crow,2494874,birdnet,SPECIES,species,EXACT
3315,Lymnocryptes minimus_Jack Snipe,taxon,Lymnocryptes minimus,Jack Snipe,2481835,birdnet,SPECIES,species,EXACT
3316,Lyncornis macrotis_Great Eared-Nightjar,taxon,Lyncornis macrotis,Great Eared-Nightjar,6101186,birdnet,SPECIES,species,EXACT
3317,Lyncornis temminckii_Malaysian Eared-Nightjar,taxon,Lyncornis temminckii,Malaysian Eared-Nightjar,6101185,birdnet,SPECIES,species,EXACT
3318,Lyrurus tetrix_Black Grouse,taxon,Lyrurus tetrix,Black Grouse,2473682,birdnet,SPECIES,species,EXACT
3319,Machaerirhynchus flaviventer_Yellow-breasted Boatbill,taxon,Machaerirhynchus flaviventer,Yellow-breasted Boatbill,2486658,birdnet,SPECIES,species,EXACT
3320,Machaerirhynchus nigripectus_Black-breasted Boatbill,taxon,Machaerirhynchus nigripectus,Black-breasted Boatbill,2486659,birdnet,SPECIES,species,EXACT
3321,Machaeropterus deliciosus_Club-winged Manakin,taxon,Machaeropterus deliciosus,Club-winged Manakin,2487754,birdnet,SPECIES,species,EXACT
3322,Machaeropterus pyrocephalus_Fiery-capped Manakin,taxon,Machaeropterus pyrocephalus,Fiery-capped Manakin,2487755,birdnet,SPECIES,species,EXACT
3323,Machaeropterus regulus_Kinglet Manakin,taxon,Machaeropterus regulus,Kinglet Manakin,2487747,birdnet,SPECIES,species,EXACT
3324,Machaeropterus striolatus_Striolated Manakin,taxon,Machaeropterus striolatus,Striolated Manakin,6101077,birdnet,SPECIES,species,EXACT
3325,Macheiramphus alcinus_Bat Hawk,taxon,Macheiramphus alcinus,Bat Hawk,2480379,birdnet,SPECIES,species,EXACT
3326,Machetornis rixosa_Cattle Tyrant,taxon,Machetornis rixosa,Cattle Tyrant,2482934,birdnet,SPECIES,species,EXACT
3327,Machlolophus aplonotus_Indian Yellow Tit,taxon,Machlolophus aplonotus,Indian Yellow Tit,7738682,birdnet,SPECIES,species,EXACT
3328,Machlolophus holsti_Taiwan Yellow Tit,taxon,Machlolophus holsti,Taiwan Yellow Tit,8118295,birdnet,SPECIES,species,EXACT
3329,Machlolophus nuchalis_White-naped Tit,taxon,Machlolophus nuchalis,White-naped Tit,7489783,birdnet,SPECIES,species,EXACT
3330,Machlolophus spilonotus_Yellow-cheeked Tit,taxon,Machlolophus spilonotus,Yellow-cheeked Tit,8317485,birdnet,SPECIES,species,EXACT
3331,Machlolophus xanthogenys_Himalayan Black-lored Tit,taxon,Machlolophus xanthogenys,Himalayan Black-lored Tit,7392027,birdnet,SPECIES,species,EXACT
3332,Mackenziaena leachii_Large-tailed Antshrike,taxon,Mackenziaena leachii,Large-tailed Antshrike,2490208,birdnet,SPECIES,species,EXACT
3333,Mackenziaena severa_Tufted Antshrike,taxon,Mackenziaena severa,Tufted Antshrike,2490207,birdnet,SPECIES,species,EXACT
3334,Macroagelaius imthurni_Golden-tufted Grackle,taxon,Macroagelaius imthurni,Golden-tufted Grackle,2484180,birdnet,SPECIES,species,EXACT
3335,Macroagelaius subalaris_Mountain Grackle,taxon,Macroagelaius subalaris,Mountain Grackle,2484179,birdnet,SPECIES,species,EXACT
3336,Macronus ptilosus_Fluffy-backed Tit-Babbler,taxon,Macronus ptilosus,Fluffy-backed Tit-Babbler,6100830,birdnet,SPECIES,species,EXACT
3337,Macronus striaticeps_Brown Tit-Babbler,taxon,Macronus striaticeps,Brown Tit-Babbler,6100832,birdnet,SPECIES,species,EXACT
3338,Macronyx capensis_Orange-throated Longclaw,taxon,Macronyx capensis,Orange-throated Longclaw,5230846,birdnet,SPECIES,species,EXACT
3339,Macronyx croceus_Yellow-throated Longclaw,taxon,Macronyx croceus,Yellow-throated Longclaw,5230851,birdnet,SPECIES,species,EXACT
3340,Macronyx fuelleborni_Fülleborn's Longclaw,taxon,Macronyx fuelleborni,Fülleborn's Longclaw,7342103,birdnet,SPECIES,species,EXACT
3341,Macropygia amboinensis_Amboyna Cuckoo-Dove,taxon,Macropygia amboinensis,Amboyna Cuckoo-Dove,2496170,birdnet,SPECIES,species,EXACT
3342,Macropygia doreya_Sultan's Cuckoo-Dove,taxon,Macropygia doreya,Sultan's Cuckoo-Dove,9129560,birdnet,SPECIES,species,EXACT
3343,Macropygia mackinlayi_Mackinlay's Cuckoo-Dove,taxon,Macropygia mackinlayi,Mackinlay's Cuckoo-Dove,2496144,birdnet,SPECIES,species,EXACT
3344,Macropygia phasianella_Brown Cuckoo-Dove,taxon,Macropygia phasianella,Brown Cuckoo-Dove,2496178,birdnet,SPECIES,species,EXACT
3345,Macropygia ruficeps_Little Cuckoo-Dove,taxon,Macropygia ruficeps,Little Cuckoo-Dove,2496161,birdnet,SPECIES,species,EXACT
3346,Macropygia tenuirostris_Philippine Cuckoo-Dove,taxon,Macropygia tenuirostris,Philippine Cuckoo-Dove,2496191,birdnet,SPECIES,species,EXACT
3347,Macropygia unchall_Barred Cuckoo-Dove,taxon,Macropygia unchall,Barred Cuckoo-Dove,2496157,birdnet,SPECIES,species,EXACT
3348,Macrosphenus concolor_Gray Longbill,taxon,Macrosphenus concolor,Gray Longbill,2492917,birdnet,SPECIES,species,EXACT
3349,Macrosphenus flavicans_Yellow Longbill,taxon,Macrosphenus flavicans,Yellow Longbill,2492919,birdnet,SPECIES,species,EXACT
3350,Macrosphenus kempi_Kemp's Longbill,taxon,Macrosphenus kempi,Kemp's Longbill,2492916,birdnet,SPECIES,species,EXACT
3351,Magumma parva_Anianiau,taxon,Magumma parva,Anianiau,6091021,birdnet,SPECIES,species,EXACT
3352,Malacocincla abbotti_Abbott's Babbler,taxon,Malacocincla abbotti,Abbott's Babbler,2493399,birdnet,SPECIES,species,EXACT
3353,Malacocincla sepiaria_Horsfield's Babbler,taxon,Malacocincla sepiaria,Horsfield's Babbler,7341134,birdnet,SPECIES,species,EXACT
3354,Malaconotus blanchoti_Gray-headed Bushshrike,taxon,Malaconotus blanchoti,Gray-headed Bushshrike,2484814,birdnet,SPECIES,species,EXACT
3355,Malacopteron affine_Sooty-capped Babbler,taxon,Malacopteron affine,Sooty-capped Babbler,2493506,birdnet,SPECIES,species,EXACT
3356,Malacopteron cinereum_Scaly-crowned Babbler,taxon,Malacopteron cinereum,Scaly-crowned Babbler,2493505,birdnet,SPECIES,species,EXACT
3357,Malacopteron magnirostre_Moustached Babbler,taxon,Malacopteron magnirostre,Moustached Babbler,2493508,birdnet,SPECIES,species,EXACT
3358,Malacopteron magnum_Rufous-crowned Babbler,taxon,Malacopteron magnum,Rufous-crowned Babbler,2493507,birdnet,SPECIES,species,EXACT
3359,Malacoptila fulvogularis_Black-streaked Puffbird,taxon,Malacoptila fulvogularis,Black-streaked Puffbird,2475143,birdnet,SPECIES,species,EXACT
3360,Malacoptila fusca_White-chested Puffbird,taxon,Malacoptila fusca,White-chested Puffbird,2475157,birdnet,SPECIES,species,EXACT
3361,Malacoptila mystacalis_Moustached Puffbird,taxon,Malacoptila mystacalis,Moustached Puffbird,2475142,birdnet,SPECIES,species,EXACT
3362,Malacoptila panamensis_White-whiskered Puffbird,taxon,Malacoptila panamensis,White-whiskered Puffbird,2475147,birdnet,SPECIES,species,EXACT
3363,Malacoptila rufa_Rufous-necked Puffbird,taxon,Malacoptila rufa,Rufous-necked Puffbird,2475160,birdnet,SPECIES,species,EXACT
3364,Malacoptila semicincta_Semicollared Puffbird,taxon,Malacoptila semicincta,Semicollared Puffbird,2475163,birdnet,SPECIES,species,EXACT
3365,Malacoptila striata_Crescent-chested Puffbird,taxon,Malacoptila striata,Crescent-chested Puffbird,2475154,birdnet,SPECIES,species,EXACT
3366,Malacorhynchus membranaceus_Pink-eared Duck,taxon,Malacorhynchus membranaceus,Pink-eared Duck,5232435,birdnet,SPECIES,species,EXACT
3367,Malcorus pectoralis_Rufous-eared Warbler,taxon,Malcorus pectoralis,Rufous-eared Warbler,2492728,birdnet,SPECIES,species,EXACT
3368,Malia grata_Malia,taxon,Malia grata,Malia,2486180,birdnet,SPECIES,species,EXACT
3369,Malimbus nitens_Blue-billed Malimbe,taxon,Malimbus nitens,Blue-billed Malimbe,2494003,birdnet,SPECIES,species,EXACT
3370,Malindangia mcgregori_McGregor's Cuckooshrike,taxon,Malindangia mcgregori,McGregor's Cuckooshrike,7787240,birdnet,SPECIES,species,EXACT
3371,Malurus alboscapulatus_White-shouldered Fairywren,taxon,Malurus alboscapulatus,White-shouldered Fairywren,2487527,birdnet,SPECIES,species,EXACT
3372,Malurus amabilis_Lovely Fairywren,taxon,Malurus amabilis,Lovely Fairywren,2487502,birdnet,SPECIES,species,EXACT
3373,Malurus assimilis_Purple-backed Fairywren,taxon,Malurus assimilis,Purple-backed Fairywren,9674010,birdnet,SPECIES,species,EXACT
3374,Malurus cyaneus_Superb Fairywren,taxon,Malurus cyaneus,Superb Fairywren,2487516,birdnet,SPECIES,species,EXACT
3375,Malurus cyanocephalus_Emperor Fairywren,taxon,Malurus cyanocephalus,Emperor Fairywren,2487535,birdnet,SPECIES,species,EXACT
3376,Malurus elegans_Red-winged Fairywren,taxon,Malurus elegans,Red-winged Fairywren,2487506,birdnet,SPECIES,species,EXACT
3377,Malurus lamberti_Variegated Fairywren,taxon,Malurus lamberti,Variegated Fairywren,2487495,birdnet,SPECIES,species,EXACT
3378,Malurus leucopterus_White-winged Fairywren,taxon,Malurus leucopterus,White-winged Fairywren,2487507,birdnet,SPECIES,species,EXACT
3379,Malurus melanocephalus_Red-backed Fairywren,taxon,Malurus melanocephalus,Red-backed Fairywren,2487524,birdnet,SPECIES,species,EXACT
3380,Malurus splendens_Splendid Fairywren,taxon,Malurus splendens,Splendid Fairywren,2487511,birdnet,SPECIES,species,EXACT
3381,Manacus aurantiacus_Orange-collared Manakin,taxon,Manacus aurantiacus,Orange-collared Manakin,2487670,birdnet,SPECIES,species,EXACT
3382,Manacus candei_White-collared Manakin,taxon,Manacus candei,White-collared Manakin,2487666,birdnet,SPECIES,species,EXACT
3383,Manacus manacus_White-bearded Manakin,taxon,Manacus manacus,White-bearded Manakin,2487672,birdnet,SPECIES,species,EXACT
3384,Manacus vitellinus_Golden-collared Manakin,taxon,Manacus vitellinus,Golden-collared Manakin,2487668,birdnet,SPECIES,species,EXACT
3385,Manorina flavigula_Yellow-throated Miner,taxon,Manorina flavigula,Yellow-throated Miner,2487370,birdnet,SPECIES,species,EXACT
3386,Manorina melanocephala_Noisy Miner,taxon,Manorina melanocephala,Noisy Miner,2487365,birdnet,SPECIES,species,EXACT
3387,Manorina melanophrys_Bell Miner,taxon,Manorina melanophrys,Bell Miner,2487364,birdnet,SPECIES,species,EXACT
3388,Mareca americana_American Wigeon,taxon,Mareca americana,American Wigeon,2498155,birdnet,SPECIES,species,EXACT
3389,Mareca falcata_Falcated Duck,taxon,Mareca falcata,Falcated Duck,9480191,birdnet,SPECIES,species,EXACT
3390,Mareca penelope_Eurasian Wigeon,taxon,Mareca penelope,Eurasian Wigeon,8000602,birdnet,SPECIES,species,EXACT
3391,Mareca sibilatrix_Chiloe Wigeon,taxon,Mareca sibilatrix,Chiloe Wigeon,9508460,birdnet,SPECIES,species,EXACT
3392,Mareca strepera_Gadwall,taxon,Mareca strepera,Gadwall,9362027,birdnet,SPECIES,species,EXACT
3393,Margarops fuscatus_Pearly-eyed Thrasher,taxon,Margarops fuscatus,Pearly-eyed Thrasher,2494938,birdnet,SPECIES,species,EXACT
3394,Margarornis rubiginosus_Ruddy Treerunner,taxon,Margarornis rubiginosus,Ruddy Treerunner,2485842,birdnet,SPECIES,species,EXACT
3395,Margarornis squamiger_Pearled Treerunner,taxon,Margarornis squamiger,Pearled Treerunner,2485847,birdnet,SPECIES,species,EXACT
3396,Masius chrysopterus_Golden-winged Manakin,taxon,Masius chrysopterus,Golden-winged Manakin,2487740,birdnet,SPECIES,species,EXACT
3397,Mazaria propinqua_White-bellied Spinetail,taxon,Mazaria propinqua,White-bellied Spinetail,9255047,birdnet,SPECIES,species,EXACT
3398,Mecocerculus hellmayri_Buff-banded Tyrannulet,taxon,Mecocerculus hellmayri,Buff-banded Tyrannulet,2483837,birdnet,SPECIES,species,EXACT
3399,Mecocerculus leucophrys_White-throated Tyrannulet,taxon,Mecocerculus leucophrys,White-throated Tyrannulet,2483822,birdnet,SPECIES,species,EXACT
3400,Mecocerculus minor_Sulphur-bellied Tyrannulet,taxon,Mecocerculus minor,Sulphur-bellied Tyrannulet,2483842,birdnet,SPECIES,species,EXACT
3401,Mecocerculus poecilocercus_White-tailed Tyrannulet,taxon,Mecocerculus poecilocercus,White-tailed Tyrannulet,2483836,birdnet,SPECIES,species,EXACT
3402,Mecocerculus stictopterus_White-banded Tyrannulet,taxon,Mecocerculus stictopterus,White-banded Tyrannulet,2483838,birdnet,SPECIES,species,EXACT
3403,Megaceryle alcyon_Belted Kingfisher,taxon,Megaceryle alcyon,Belted Kingfisher,2475472,birdnet,SPECIES,species,EXACT
3404,Megaceryle lugubris_Crested Kingfisher,taxon,Megaceryle lugubris,Crested Kingfisher,2475476,birdnet,SPECIES,species,EXACT
3405,Megaceryle maxima_Giant Kingfisher,taxon,Megaceryle maxima,Giant Kingfisher,2475463,birdnet,SPECIES,species,EXACT
3406,Megaceryle torquata_Ringed Kingfisher,taxon,Megaceryle torquata,Ringed Kingfisher,2475466,birdnet,SPECIES,species,EXACT
3407,Megalurus palustris_Striated Grassbird,taxon,Megalurus palustris,Striated Grassbird,5231392,birdnet,SPECIES,species,EXACT
3408,Megapodius cumingii_Tabon Scrubfowl,taxon,Megapodius cumingii,Tabon Scrubfowl,2482131,birdnet,SPECIES,species,EXACT
3409,Megapodius eremita_Melanesian Scrubfowl,taxon,Megapodius eremita,Melanesian Scrubfowl,2482143,birdnet,SPECIES,species,EXACT
3410,Megapodius freycinet_Dusky Scrubfowl,taxon,Megapodius freycinet,Dusky Scrubfowl,2482147,birdnet,SPECIES,species,EXACT
3411,Megapodius reinwardt_Orange-footed Scrubfowl,taxon,Megapodius reinwardt,Orange-footed Scrubfowl,2482118,birdnet,SPECIES,species,EXACT
3412,Megarynchus pitangua_Boat-billed Flycatcher,taxon,Megarynchus pitangua,Boat-billed Flycatcher,2483410,birdnet,SPECIES,species,EXACT
3413,Megascops albogularis_White-throated Screech-Owl,taxon,Megascops albogularis,White-throated Screech-Owl,2497408,birdnet,SPECIES,species,EXACT
3414,Megascops asio_Eastern Screech-Owl,taxon,Megascops asio,Eastern Screech-Owl,2497415,birdnet,SPECIES,species,EXACT
3415,Megascops atricapilla_Black-capped Screech-Owl,taxon,Megascops atricapilla,Black-capped Screech-Owl,2497388,birdnet,SPECIES,species,EXACT
3416,Megascops centralis_Choco Screech-Owl,taxon,Megascops centralis,Choco Screech-Owl,6101162,birdnet,SPECIES,species,EXACT
3417,Megascops choliba_Tropical Screech-Owl,taxon,Megascops choliba,Tropical Screech-Owl,2497365,birdnet,SPECIES,species,EXACT
3418,Megascops clarkii_Bare-shanked Screech-Owl,taxon,Megascops clarkii,Bare-shanked Screech-Owl,2497376,birdnet,SPECIES,species,EXACT
3419,Megascops cooperi_Pacific Screech-Owl,taxon,Megascops cooperi,Pacific Screech-Owl,2497390,birdnet,SPECIES,species,EXACT
3420,Megascops gilesi_Santa Marta Screech-Owl,taxon,Megascops gilesi,Santa Marta Screech-Owl,10784281,birdnet,SPECIES,species,EXACT
3421,Megascops guatemalae_Middle American Screech-Owl,taxon,Megascops guatemalae,Middle American Screech-Owl,2497380,birdnet,SPECIES,species,EXACT
3422,Megascops hoyi_Montane Forest Screech-Owl,taxon,Megascops hoyi,Montane Forest Screech-Owl,2497336,birdnet,SPECIES,species,EXACT
3423,Megascops ingens_Rufescent Screech-Owl,taxon,Megascops ingens,Rufescent Screech-Owl,2497328,birdnet,SPECIES,species,EXACT
3424,Megascops kennicottii_Western Screech-Owl,taxon,Megascops kennicottii,Western Screech-Owl,2497341,birdnet,SPECIES,species,EXACT
3425,Megascops koepckeae_Koepcke's Screech-Owl,taxon,Megascops koepckeae,Koepcke's Screech-Owl,2497326,birdnet,SPECIES,species,EXACT
3426,Megascops petersoni_Cinnamon Screech-Owl,taxon,Megascops petersoni,Cinnamon Screech-Owl,2497379,birdnet,SPECIES,species,EXACT
3427,Megascops roboratus_Peruvian Screech-Owl,taxon,Megascops roboratus,Peruvian Screech-Owl,2497393,birdnet,SPECIES,species,EXACT
3428,Megascops roraimae_Foothill Screech-Owl,taxon,Megascops roraimae,Foothill Screech-Owl,6101164,birdnet,SPECIES,species,EXACT
3429,Megascops sanctaecatarinae_Long-tufted Screech-Owl,taxon,Megascops sanctaecatarinae,Long-tufted Screech-Owl,2497406,birdnet,SPECIES,species,EXACT
3430,Megascops seductus_Balsas Screech-Owl,taxon,Megascops seductus,Balsas Screech-Owl,2497364,birdnet,SPECIES,species,EXACT
3431,Megascops trichopsis_Whiskered Screech-Owl,taxon,Megascops trichopsis,Whiskered Screech-Owl,2497319,birdnet,SPECIES,species,EXACT
3432,Megascops watsonii_Tawny-bellied Screech-Owl,taxon,Megascops watsonii,Tawny-bellied Screech-Owl,2497332,birdnet,SPECIES,species,EXACT
3433,Megastictus margaritatus_Pearly Antshrike,taxon,Megastictus margaritatus,Pearly Antshrike,2490220,birdnet,SPECIES,species,EXACT
3434,Megaxenops parnaguae_Great Xenops,taxon,Megaxenops parnaguae,Great Xenops,2485604,birdnet,SPECIES,species,EXACT
3435,Meiglyptes tristis_Buff-rumped Woodpecker,taxon,Meiglyptes tristis,Buff-rumped Woodpecker,2478064,birdnet,SPECIES,species,EXACT
3436,Meiglyptes tukki_Buff-necked Woodpecker,taxon,Meiglyptes tukki,Buff-necked Woodpecker,2478057,birdnet,SPECIES,species,EXACT
3437,Melaenornis edolioides_Northern Black-Flycatcher,taxon,Melaenornis edolioides,Northern Black-Flycatcher,2492659,birdnet,SPECIES,species,EXACT
3438,Melaenornis fischeri_White-eyed Slaty-Flycatcher,taxon,Melaenornis fischeri,White-eyed Slaty-Flycatcher,7342033,birdnet,SPECIES,species,EXACT
3439,Melaenornis pammelaina_Southern Black-Flycatcher,taxon,Melaenornis pammelaina,Southern Black-Flycatcher,2492656,birdnet,SPECIES,species,EXACT
3440,Melaenornis silens_Fiscal Flycatcher,taxon,Melaenornis silens,Fiscal Flycatcher,9061908,birdnet,SPECIES,species,EXACT
3441,Melampitta lugubris_Lesser Melampitta,taxon,Melampitta lugubris,Lesser Melampitta,2494901,birdnet,SPECIES,species,EXACT
3442,Melanerpes aurifrons_Golden-fronted Woodpecker,taxon,Melanerpes aurifrons,Golden-fronted Woodpecker,2478081,birdnet,SPECIES,species,EXACT
3443,Melanerpes cactorum_White-fronted Woodpecker,taxon,Melanerpes cactorum,White-fronted Woodpecker,2478101,birdnet,SPECIES,species,EXACT
3444,Melanerpes candidus_White Woodpecker,taxon,Melanerpes candidus,White Woodpecker,2478144,birdnet,SPECIES,species,EXACT
3445,Melanerpes carolinus_Red-bellied Woodpecker,taxon,Melanerpes carolinus,Red-bellied Woodpecker,2478106,birdnet,SPECIES,species,EXACT
3446,Melanerpes chrysauchen_Golden-naped Woodpecker,taxon,Melanerpes chrysauchen,Golden-naped Woodpecker,2478098,birdnet,SPECIES,species,EXACT
3447,Melanerpes chrysogenys_Golden-cheeked Woodpecker,taxon,Melanerpes chrysogenys,Golden-cheeked Woodpecker,2478102,birdnet,SPECIES,species,EXACT
3448,Melanerpes cruentatus_Yellow-tufted Woodpecker,taxon,Melanerpes cruentatus,Yellow-tufted Woodpecker,2478122,birdnet,SPECIES,species,EXACT
3449,Melanerpes erythrocephalus_Red-headed Woodpecker,taxon,Melanerpes erythrocephalus,Red-headed Woodpecker,2478130,birdnet,SPECIES,species,EXACT
3450,Melanerpes flavifrons_Yellow-fronted Woodpecker,taxon,Melanerpes flavifrons,Yellow-fronted Woodpecker,2478069,birdnet,SPECIES,species,EXACT
3451,Melanerpes formicivorus_Acorn Woodpecker,taxon,Melanerpes formicivorus,Acorn Woodpecker,2478133,birdnet,SPECIES,species,EXACT
3452,Melanerpes hoffmannii_Hoffmann's Woodpecker,taxon,Melanerpes hoffmannii,Hoffmann's Woodpecker,2478105,birdnet,SPECIES,species,EXACT
3453,Melanerpes hypopolius_Gray-breasted Woodpecker,taxon,Melanerpes hypopolius,Gray-breasted Woodpecker,2478124,birdnet,SPECIES,species,EXACT
3454,Melanerpes lewis_Lewis's Woodpecker,taxon,Melanerpes lewis,Lewis's Woodpecker,2478142,birdnet,SPECIES,species,EXACT
3455,Melanerpes portoricensis_Puerto Rican Woodpecker,taxon,Melanerpes portoricensis,Puerto Rican Woodpecker,2478096,birdnet,SPECIES,species,EXACT
3456,Melanerpes pucherani_Black-cheeked Woodpecker,taxon,Melanerpes pucherani,Black-cheeked Woodpecker,2478068,birdnet,SPECIES,species,EXACT
3457,Melanerpes pygmaeus_Yucatan Woodpecker,taxon,Melanerpes pygmaeus,Yucatan Woodpecker,2478071,birdnet,SPECIES,species,EXACT
3458,Melanerpes radiolatus_Jamaican Woodpecker,taxon,Melanerpes radiolatus,Jamaican Woodpecker,2478070,birdnet,SPECIES,species,EXACT
3459,Melanerpes rubricapillus_Red-crowned Woodpecker,taxon,Melanerpes rubricapillus,Red-crowned Woodpecker,2478125,birdnet,SPECIES,species,EXACT
3460,Melanerpes striatus_Hispaniolan Woodpecker,taxon,Melanerpes striatus,Hispaniolan Woodpecker,2478123,birdnet,SPECIES,species,EXACT
3461,Melanerpes superciliaris_West Indian Woodpecker,taxon,Melanerpes superciliaris,West Indian Woodpecker,2478075,birdnet,SPECIES,species,EXACT
3462,Melanerpes uropygialis_Gila Woodpecker,taxon,Melanerpes uropygialis,Gila Woodpecker,2478112,birdnet,SPECIES,species,EXACT
3463,Melaniparus afer_Gray Tit,taxon,Melaniparus afer,Gray Tit,7341942,birdnet,SPECIES,species,EXACT
3464,Melaniparus albiventris_White-bellied Tit,taxon,Melaniparus albiventris,White-bellied Tit,6093642,birdnet,SPECIES,species,EXACT
3465,Melaniparus cinerascens_Ashy Tit,taxon,Melaniparus cinerascens,Ashy Tit,7341950,birdnet,SPECIES,species,EXACT
3466,Melaniparus funereus_Dusky Tit,taxon,Melaniparus funereus,Dusky Tit,7341975,birdnet,SPECIES,species,EXACT
3467,Melaniparus leucomelas_White-winged Black-Tit,taxon,Melaniparus leucomelas,White-winged Black-Tit,7341996,birdnet,SPECIES,species,EXACT
3468,Melaniparus niger_Southern Black-Tit,taxon,Melaniparus niger,Southern Black-Tit,7341992,birdnet,SPECIES,species,EXACT
3469,Melaniparus rufiventris_Rufous-bellied Tit,taxon,Melaniparus rufiventris,Rufous-bellied Tit,7341980,birdnet,SPECIES,species,EXACT
3470,Melaniparus thruppi_Somali Tit,taxon,Melaniparus thruppi,Somali Tit,7341959,birdnet,SPECIES,species,EXACT
3471,Melanitta americana_Black Scoter,taxon,Melanitta americana,Black Scoter,2498250,birdnet,SPECIES,species,EXACT
3472,Melanitta fusca_Velvet Scoter,taxon,Melanitta fusca,Velvet Scoter,2498238,birdnet,SPECIES,species,EXACT
3473,Melanitta nigra_Common Scoter,taxon,Melanitta nigra,Common Scoter,2498247,birdnet,SPECIES,species,EXACT
3474,Melanitta perspicillata_Surf Scoter,taxon,Melanitta perspicillata,Surf Scoter,2498246,birdnet,SPECIES,species,EXACT
3475,Melanochlora sultanea_Sultan Tit,taxon,Melanochlora sultanea,Sultan Tit,2487922,birdnet,SPECIES,species,EXACT
3476,Melanocorypha calandra_Calandra Lark,taxon,Melanocorypha calandra,Calandra Lark,2490613,birdnet,SPECIES,species,EXACT
3477,Melanocorypha maxima_Tibetan Lark,taxon,Melanocorypha maxima,Tibetan Lark,2490612,birdnet,SPECIES,species,EXACT
3478,Melanodera melanodera_White-bridled Finch,taxon,Melanodera melanodera,White-bridled Finch,2491658,birdnet,SPECIES,species,EXACT
3479,Melanodera xanthogramma_Yellow-bridled Finch,taxon,Melanodera xanthogramma,Yellow-bridled Finch,2491655,birdnet,SPECIES,species,EXACT
3480,Melanodryas cucullata_Hooded Robin,taxon,Melanodryas cucullata,Hooded Robin,2489290,birdnet,SPECIES,species,EXACT
3481,Melanodryas vittata_Dusky Robin,taxon,Melanodryas vittata,Dusky Robin,2489289,birdnet,SPECIES,species,EXACT
3482,Melanopareia elegans_Elegant Crescentchest,taxon,Melanopareia elegans,Elegant Crescentchest,2491017,birdnet,SPECIES,species,EXACT
3483,Melanopareia maranonica_Marañon Crescentchest,taxon,Melanopareia maranonica,Marañon Crescentchest,5789071,birdnet,SPECIES,species,EXACT
3484,Melanopareia maximiliani_Olive-crowned Crescentchest,taxon,Melanopareia maximiliani,Olive-crowned Crescentchest,2491016,birdnet,SPECIES,species,EXACT
3485,Melanopareia torquata_Collared Crescentchest,taxon,Melanopareia torquata,Collared Crescentchest,2491015,birdnet,SPECIES,species,EXACT
3486,Melanoptila glabrirostris_Black Catbird,taxon,Melanoptila glabrirostris,Black Catbird,2494934,birdnet,SPECIES,species,EXACT
3487,Melanorectes nigrescens_Black Pitohui,taxon,Melanorectes nigrescens,Black Pitohui,7668489,birdnet,SPECIES,species,EXACT
3488,Melanospiza bicolor_Black-faced Grassquit,taxon,Melanospiza bicolor,Black-faced Grassquit,9426540,birdnet,SPECIES,species,EXACT
3489,Melanotis caerulescens_Blue Mockingbird,taxon,Melanotis caerulescens,Blue Mockingbird,2494975,birdnet,SPECIES,species,EXACT
3490,Melanotis hypoleucus_Blue-and-white Mockingbird,taxon,Melanotis hypoleucus,Blue-and-white Mockingbird,2494976,birdnet,SPECIES,species,EXACT
3491,Meleagris gallopavo_Wild Turkey,taxon,Meleagris gallopavo,Wild Turkey,9606290,birdnet,SPECIES,species,EXACT
3492,Meleagris ocellata_Ocellated Turkey,taxon,Meleagris ocellata,Ocellated Turkey,5227755,birdnet,SPECIES,species,EXACT
3493,Meliarchus sclateri_Makira Honeyeater,taxon,Meliarchus sclateri,Makira Honeyeater,2486874,birdnet,SPECIES,species,EXACT
3494,Melidectes belfordi_Belford's Melidectes,taxon,Melidectes belfordi,Belford's Melidectes,2486965,birdnet,SPECIES,species,EXACT
3495,Melidectes rufocrissalis_Yellow-browed Melidectes,taxon,Melidectes rufocrissalis,Yellow-browed Melidectes,2486955,birdnet,SPECIES,species,EXACT
3496,Melidora macrorrhina_Hook-billed Kingfisher,taxon,Melidora macrorrhina,Hook-billed Kingfisher,5228345,birdnet,SPECIES,species,EXACT
3497,Meliphaga lewinii_Lewin's Honeyeater,taxon,Meliphaga lewinii,Lewin's Honeyeater,2486847,birdnet,SPECIES,species,EXACT
3498,Meliphaga notata_Yellow-spotted Honeyeater,taxon,Meliphaga notata,Yellow-spotted Honeyeater,2486837,birdnet,SPECIES,species,EXACT
3499,Melithreptus affinis_Black-headed Honeyeater,taxon,Melithreptus affinis,Black-headed Honeyeater,5230491,birdnet,SPECIES,species,EXACT
3500,Melithreptus albogularis_White-throated Honeyeater,taxon,Melithreptus albogularis,White-throated Honeyeater,5230492,birdnet,SPECIES,species,EXACT
3501,Melithreptus brevirostris_Brown-headed Honeyeater,taxon,Melithreptus brevirostris,Brown-headed Honeyeater,5230485,birdnet,SPECIES,species,EXACT
3502,Melithreptus chloropsis_Gilbert's Honeyeater,taxon,Melithreptus chloropsis,Gilbert's Honeyeater,6101039,birdnet,SPECIES,species,EXACT
3503,Melithreptus gularis_Black-chinned Honeyeater,taxon,Melithreptus gularis,Black-chinned Honeyeater,5230478,birdnet,SPECIES,species,EXACT
3504,Melithreptus lunatus_White-naped Honeyeater,taxon,Melithreptus lunatus,White-naped Honeyeater,5230482,birdnet,SPECIES,species,EXACT
3505,Melithreptus validirostris_Strong-billed Honeyeater,taxon,Melithreptus validirostris,Strong-billed Honeyeater,5230477,birdnet,SPECIES,species,EXACT
3506,Mellisuga helenae_Bee Hummingbird,taxon,Mellisuga helenae,Bee Hummingbird,5228500,birdnet,SPECIES,species,EXACT
3507,Mellisuga minima_Vervain Hummingbird,taxon,Mellisuga minima,Vervain Hummingbird,5228501,birdnet,SPECIES,species,EXACT
3508,Melocichla mentalis_Moustached Grass-Warbler,taxon,Melocichla mentalis,Moustached Grass-Warbler,2493533,birdnet,SPECIES,species,EXACT
3509,Melopsittacus undulatus_Budgerigar,taxon,Melopsittacus undulatus,Budgerigar,2479798,birdnet,SPECIES,species,EXACT
3510,Melopyrrha portoricensis_Puerto Rican Bullfinch,taxon,Melopyrrha portoricensis,Puerto Rican Bullfinch,11004618,birdnet,SPECIES,species,EXACT
3511,Melopyrrha violacea_Greater Antillean Bullfinch,taxon,Melopyrrha violacea,Greater Antillean Bullfinch,10945350,birdnet,SPECIES,species,EXACT
3512,Melospiza georgiana_Swamp Sparrow,taxon,Melospiza georgiana,Swamp Sparrow,2492235,birdnet,SPECIES,species,EXACT
3513,Melospiza lincolnii_Lincoln's Sparrow,taxon,Melospiza lincolnii,Lincoln's Sparrow,2492192,birdnet,SPECIES,species,EXACT
3514,Melospiza melodia_Song Sparrow,taxon,Melospiza melodia,Song Sparrow,2492196,birdnet,SPECIES,species,EXACT
3515,Melozone aberti_Abert's Towhee,taxon,Melozone aberti,Abert's Towhee,7341587,birdnet,SPECIES,species,EXACT
3516,Melozone albicollis_White-throated Towhee,taxon,Melozone albicollis,White-throated Towhee,7341618,birdnet,SPECIES,species,EXACT
3517,Melozone biarcuata_White-faced Ground-Sparrow,taxon,Melozone biarcuata,White-faced Ground-Sparrow,2491175,birdnet,SPECIES,species,EXACT
3518,Melozone cabanisi_Cabanis's Ground-Sparrow,taxon,Melozone cabanisi,Cabanis's Ground-Sparrow,6100795,birdnet,SPECIES,species,EXACT
3519,Melozone crissalis_California Towhee,taxon,Melozone crissalis,California Towhee,7341600,birdnet,SPECIES,species,EXACT
3520,Melozone fusca_Canyon Towhee,taxon,Melozone fusca,Canyon Towhee,7341622,birdnet,SPECIES,species,EXACT
3521,Melozone kieneri_Rusty-crowned Ground-Sparrow,taxon,Melozone kieneri,Rusty-crowned Ground-Sparrow,2491180,birdnet,SPECIES,species,EXACT
3522,Melozone leucotis_White-eared Ground-Sparrow,taxon,Melozone leucotis,White-eared Ground-Sparrow,2491171,birdnet,SPECIES,species,EXACT
3523,Menura alberti_Albert's Lyrebird,taxon,Menura alberti,Albert's Lyrebird,2488979,birdnet,SPECIES,species,EXACT
3524,Menura novaehollandiae_Superb Lyrebird,taxon,Menura novaehollandiae,Superb Lyrebird,2488980,birdnet,SPECIES,species,EXACT
3525,Mergellus albellus_Smew,taxon,Mergellus albellus,Smew,2498285,birdnet,SPECIES,species,EXACT
3526,Mergus merganser_Common Merganser,taxon,Mergus merganser,Common Merganser,9537647,birdnet,SPECIES,species,EXACT
3527,Mergus serrator_Red-breasted Merganser,taxon,Mergus serrator,Red-breasted Merganser,2498375,birdnet,SPECIES,species,EXACT
3528,Merops albicollis_White-throated Bee-eater,taxon,Merops albicollis,White-throated Bee-eater,2475448,birdnet,SPECIES,species,EXACT
3529,Merops apiaster_European Bee-eater,taxon,Merops apiaster,European Bee-eater,2475443,birdnet,SPECIES,species,EXACT
3530,Merops bullockoides_White-fronted Bee-eater,taxon,Merops bullockoides,White-fronted Bee-eater,2475445,birdnet,SPECIES,species,EXACT
3531,Merops bulocki_Red-throated Bee-eater,taxon,Merops bulocki,Red-throated Bee-eater,2475426,birdnet,SPECIES,species,EXACT
3532,Merops hirundineus_Swallow-tailed Bee-eater,taxon,Merops hirundineus,Swallow-tailed Bee-eater,2475434,birdnet,SPECIES,species,EXACT
3533,Merops leschenaulti_Chestnut-headed Bee-eater,taxon,Merops leschenaulti,Chestnut-headed Bee-eater,2475392,birdnet,SPECIES,species,EXACT
3534,Merops oreobates_Cinnamon-chested Bee-eater,taxon,Merops oreobates,Cinnamon-chested Bee-eater,2475446,birdnet,SPECIES,species,EXACT
3535,Merops orientalis_Green Bee-eater,taxon,Merops orientalis,Green Bee-eater,2475410,birdnet,SPECIES,species,EXACT
3536,Merops ornatus_Rainbow Bee-eater,taxon,Merops ornatus,Rainbow Bee-eater,2475422,birdnet,SPECIES,species,EXACT
3537,Merops persicus_Blue-cheeked Bee-eater,taxon,Merops persicus,Blue-cheeked Bee-eater,2475419,birdnet,SPECIES,species,EXACT
3538,Merops philippinus_Blue-tailed Bee-eater,taxon,Merops philippinus,Blue-tailed Bee-eater,2475452,birdnet,SPECIES,species,EXACT
3539,Merops pusillus_Little Bee-eater,taxon,Merops pusillus,Little Bee-eater,2475403,birdnet,SPECIES,species,EXACT
3540,Merops superciliosus_Madagascar Bee-eater,taxon,Merops superciliosus,Madagascar Bee-eater,2475440,birdnet,SPECIES,species,EXACT
3541,Merops variegatus_Blue-breasted Bee-eater,taxon,Merops variegatus,Blue-breasted Bee-eater,2475429,birdnet,SPECIES,species,EXACT
3542,Merops viridis_Blue-throated Bee-eater,taxon,Merops viridis,Blue-throated Bee-eater,2475449,birdnet,SPECIES,species,EXACT
3543,Merulaxis ater_Slaty Bristlefront,taxon,Merulaxis ater,Slaty Bristlefront,2490970,birdnet,SPECIES,species,EXACT
3544,Mesembrinibis cayennensis_Green Ibis,taxon,Mesembrinibis cayennensis,Green Ibis,2480808,birdnet,SPECIES,species,EXACT
3545,Mesitornis unicolor_Brown Mesite,taxon,Mesitornis unicolor,Brown Mesite,2474846,birdnet,SPECIES,species,EXACT
3546,Mesitornis variegatus_White-breasted Mesite,taxon,Mesitornis variegatus,White-breasted Mesite,2474844,birdnet,SPECIES,species,EXACT
3547,Metallura tyrianthina_Tyrian Metaltail,taxon,Metallura tyrianthina,Tyrian Metaltail,2476860,birdnet,SPECIES,species,EXACT
3548,Metallura williami_Viridian Metaltail,taxon,Metallura williami,Viridian Metaltail,2476875,birdnet,SPECIES,species,EXACT
3549,Metopidius indicus_Bronze-winged Jacana,taxon,Metopidius indicus,Bronze-winged Jacana,2481850,birdnet,SPECIES,species,EXACT
3550,Metopothrix aurantiaca_Orange-fronted Plushcrown,taxon,Metopothrix aurantiaca,Orange-fronted Plushcrown,2485947,birdnet,SPECIES,species,EXACT
3551,Metriopelia melanoptera_Black-winged Ground Dove,taxon,Metriopelia melanoptera,Black-winged Ground Dove,2495178,birdnet,SPECIES,species,EXACT
3552,Micrastur buckleyi_Buckley's Forest-Falcon,taxon,Micrastur buckleyi,Buckley's Forest-Falcon,2481087,birdnet,SPECIES,species,EXACT
3553,Micrastur gilvicollis_Lined Forest-Falcon,taxon,Micrastur gilvicollis,Lined Forest-Falcon,2481084,birdnet,SPECIES,species,EXACT
3554,Micrastur mintoni_Cryptic Forest-Falcon,taxon,Micrastur mintoni,Cryptic Forest-Falcon,2481085,birdnet,SPECIES,species,EXACT
3555,Micrastur mirandollei_Slaty-backed Forest-Falcon,taxon,Micrastur mirandollei,Slaty-backed Forest-Falcon,2481083,birdnet,SPECIES,species,EXACT
3556,Micrastur ruficollis_Barred Forest-Falcon,taxon,Micrastur ruficollis,Barred Forest-Falcon,2481082,birdnet,SPECIES,species,EXACT
3557,Micrastur semitorquatus_Collared Forest-Falcon,taxon,Micrastur semitorquatus,Collared Forest-Falcon,2481088,birdnet,SPECIES,species,EXACT
3558,Micrathene whitneyi_Elf Owl,taxon,Micrathene whitneyi,Elf Owl,2497430,birdnet,SPECIES,species,EXACT
3559,Microbates cinereiventris_Tawny-faced Gnatwren,taxon,Microbates cinereiventris,Tawny-faced Gnatwren,5230511,birdnet,SPECIES,species,EXACT
3560,Microbates collaris_Collared Gnatwren,taxon,Microbates collaris,Collared Gnatwren,5230510,birdnet,SPECIES,species,EXACT
3561,Microcarbo niger_Little Cormorant,taxon,Microcarbo niger,Little Cormorant,6066512,birdnet,SPECIES,species,EXACT
3562,Microcentrum rhombifolium_Greater Angle-wing,taxon,Microcentrum rhombifolium,Greater Angle-wing,5097361,birdnet,SPECIES,species,EXACT
3563,Microcerculus bambla_Wing-banded Wren,taxon,Microcerculus bambla,Wing-banded Wren,2493834,birdnet,SPECIES,species,EXACT
3564,Microcerculus marginatus_Scaly-breasted Wren,taxon,Microcerculus marginatus,Scaly-breasted Wren,2493836,birdnet,SPECIES,species,EXACT
3565,Microcerculus philomela_Nightingale Wren,taxon,Microcerculus philomela,Nightingale Wren,2493835,birdnet,SPECIES,species,EXACT
3566,Microcerculus ustulatus_Flutist Wren,taxon,Microcerculus ustulatus,Flutist Wren,2493833,birdnet,SPECIES,species,EXACT
3567,Microeca fascinans_Jacky-winter,taxon,Microeca fascinans,Jacky-winter,2489296,birdnet,SPECIES,species,EXACT
3568,Microeca flavigaster_Lemon-bellied Flycatcher,taxon,Microeca flavigaster,Lemon-bellied Flycatcher,2489293,birdnet,SPECIES,species,EXACT
3569,Microhierax fringillarius_Black-thighed Falconet,taxon,Microhierax fringillarius,Black-thighed Falconet,2481076,birdnet,SPECIES,species,EXACT
3570,Micromonacha lanceolata_Lanceolated Monklet,taxon,Micromonacha lanceolata,Lanceolated Monklet,2475207,birdnet,SPECIES,species,EXACT
3571,Micronisus gabar_Gabar Goshawk,taxon,Micronisus gabar,Gabar Goshawk,5788495,birdnet,SPECIES,species,EXACT
3572,Micropsitta finschii_Finsch's Pygmy-Parrot,taxon,Micropsitta finschii,Finsch's Pygmy-Parrot,2479260,birdnet,SPECIES,species,EXACT
3573,Micropternus brachyurus_Rufous Woodpecker,taxon,Micropternus brachyurus,Rufous Woodpecker,5844053,birdnet,SPECIES,species,EXACT
3574,Micropygia schomburgkii_Ocellated Crake,taxon,Micropygia schomburgkii,Ocellated Crake,2474400,birdnet,SPECIES,species,EXACT
3575,Microrhopias quixensis_Dot-winged Antwren,taxon,Microrhopias quixensis,Dot-winged Antwren,2490240,birdnet,SPECIES,species,EXACT
3576,Microspingus cabanisi_Gray-throated Warbling Finch,taxon,Microspingus cabanisi,Gray-throated Warbling Finch,9297229,birdnet,SPECIES,species,EXACT
3577,Microspingus erythrophrys_Rusty-browed Warbling Finch,taxon,Microspingus erythrophrys,Rusty-browed Warbling Finch,9630477,birdnet,SPECIES,species,EXACT
3578,Microspingus lateralis_Buff-throated Warbling Finch,taxon,Microspingus lateralis,Buff-throated Warbling Finch,9404736,birdnet,SPECIES,species,EXACT
3579,Microspingus melanoleucus_Black-capped Warbling Finch,taxon,Microspingus melanoleucus,Black-capped Warbling Finch,9471539,birdnet,SPECIES,species,EXACT
3580,Microspingus torquatus_Ringed Warbling Finch,taxon,Microspingus torquatus,Ringed Warbling Finch,9487122,birdnet,SPECIES,species,EXACT
3581,Microxenops milleri_Rufous-tailed Xenops,taxon,Microxenops milleri,Rufous-tailed Xenops,5846364,birdnet,SPECIES,species,EXACT
3582,Milvago chimachima_Yellow-headed Caracara,taxon,Milvago chimachima,Yellow-headed Caracara,2481066,birdnet,SPECIES,species,EXACT
3583,Milvago chimango_Chimango Caracara,taxon,Milvago chimango,Chimango Caracara,2481065,birdnet,SPECIES,species,EXACT
3584,Milvus migrans_Black Kite,taxon,Milvus migrans,Black Kite,5229167,birdnet,SPECIES,species,EXACT
3585,Milvus milvus_Red Kite,taxon,Milvus milvus,Red Kite,5229168,birdnet,SPECIES,species,EXACT
3586,Mimus dorsalis_Brown-backed Mockingbird,taxon,Mimus dorsalis,Brown-backed Mockingbird,5231684,birdnet,SPECIES,species,EXACT
3587,Mimus gilvus_Tropical Mockingbird,taxon,Mimus gilvus,Tropical Mockingbird,5231676,birdnet,SPECIES,species,EXACT
3588,Mimus gundlachii_Bahama Mockingbird,taxon,Mimus gundlachii,Bahama Mockingbird,5231680,birdnet,SPECIES,species,EXACT
3589,Mimus longicaudatus_Long-tailed Mockingbird,taxon,Mimus longicaudatus,Long-tailed Mockingbird,5231686,birdnet,SPECIES,species,EXACT
3590,Mimus patagonicus_Patagonian Mockingbird,taxon,Mimus patagonicus,Patagonian Mockingbird,5231683,birdnet,SPECIES,species,EXACT
3591,Mimus polyglottos_Northern Mockingbird,taxon,Mimus polyglottos,Northern Mockingbird,5231677,birdnet,SPECIES,species,EXACT
3592,Mimus saturninus_Chalk-browed Mockingbird,taxon,Mimus saturninus,Chalk-browed Mockingbird,5231675,birdnet,SPECIES,species,EXACT
3593,Mimus thenca_Chilean Mockingbird,taxon,Mimus thenca,Chilean Mockingbird,5231685,birdnet,SPECIES,species,EXACT
3594,Mimus triurus_White-banded Mockingbird,taxon,Mimus triurus,White-banded Mockingbird,5231682,birdnet,SPECIES,species,EXACT
3595,Minla ignotincta_Red-tailed Minla,taxon,Minla ignotincta,Red-tailed Minla,2493356,birdnet,SPECIES,species,EXACT
3596,Mino dumontii_Yellow-faced Myna,taxon,Mino dumontii,Yellow-faced Myna,2489013,birdnet,SPECIES,species,EXACT
3597,Mino kreffti_Long-tailed Myna,taxon,Mino kreffti,Long-tailed Myna,4846271,birdnet,SPECIES,species,EXACT
3598,Miogryllus saussurei_Miogryllus saussurei,taxon,Miogryllus saussurei,Miogryllus saussurei,1717246,birdnet,SPECIES,species,EXACT
3599,Mionectes macconnelli_McConnell's Flycatcher,taxon,Mionectes macconnelli,McConnell's Flycatcher,5229558,birdnet,SPECIES,species,EXACT
3600,Mionectes oleagineus_Ochre-bellied Flycatcher,taxon,Mionectes oleagineus,Ochre-bellied Flycatcher,5229541,birdnet,SPECIES,species,EXACT
3601,Mionectes olivaceus_Olive-striped Flycatcher,taxon,Mionectes olivaceus,Olive-striped Flycatcher,9504121,birdnet,SPECIES,species,EXACT
3602,Mionectes rufiventris_Gray-hooded Flycatcher,taxon,Mionectes rufiventris,Gray-hooded Flycatcher,5229557,birdnet,SPECIES,species,EXACT
3603,Mionectes striaticollis_Streak-necked Flycatcher,taxon,Mionectes striaticollis,Streak-necked Flycatcher,5229534,birdnet,SPECIES,species,EXACT
3604,Mirafra affinis_Jerdon's Bushlark,taxon,Mirafra affinis,Jerdon's Bushlark,5788824,birdnet,SPECIES,species,EXACT
3605,Mirafra africana_Rufous-naped Lark,taxon,Mirafra africana,Rufous-naped Lark,9389539,birdnet,SPECIES,species,EXACT
3606,Mirafra apiata_Cape Clapper Lark,taxon,Mirafra apiata,Cape Clapper Lark,2490597,birdnet,SPECIES,species,EXACT
3607,Mirafra assamica_Bengal Bushlark,taxon,Mirafra assamica,Bengal Bushlark,2490581,birdnet,SPECIES,species,EXACT
3608,Mirafra cantillans_Singing Bushlark,taxon,Mirafra cantillans,Singing Bushlark,2490599,birdnet,SPECIES,species,EXACT
3609,Mirafra cheniana_Latakoo Lark,taxon,Mirafra cheniana,Latakoo Lark,2490591,birdnet,SPECIES,species,EXACT
3610,Mirafra erythrocephala_Indochinese Bushlark,taxon,Mirafra erythrocephala,Indochinese Bushlark,5788825,birdnet,SPECIES,species,EXACT
3611,Mirafra erythroptera_Indian Bushlark,taxon,Mirafra erythroptera,Indian Bushlark,2490592,birdnet,SPECIES,species,EXACT
3612,Mirafra fasciolata_Eastern Clapper Lark,taxon,Mirafra fasciolata,Eastern Clapper Lark,7340980,birdnet,SPECIES,species,EXACT
3613,Mirafra javanica_Australasian Bushlark,taxon,Mirafra javanica,Australasian Bushlark,2490585,birdnet,SPECIES,species,EXACT
3614,Mirafra passerina_Monotonous Lark,taxon,Mirafra passerina,Monotonous Lark,2490594,birdnet,SPECIES,species,EXACT
3615,Mirafra rufocinnamomea_Flappet Lark,taxon,Mirafra rufocinnamomea,Flappet Lark,2490596,birdnet,SPECIES,species,EXACT
3616,Mitrephanes phaeocercus_Tufted Flycatcher,taxon,Mitrephanes phaeocercus,Tufted Flycatcher,2483453,birdnet,SPECIES,species,EXACT
3617,Mitrospingus cassinii_Dusky-faced Tanager,taxon,Mitrospingus cassinii,Dusky-faced Tanager,2488752,birdnet,SPECIES,species,EXACT
3618,Mitrospingus oleagineus_Olive-backed Tanager,taxon,Mitrospingus oleagineus,Olive-backed Tanager,2488755,birdnet,SPECIES,species,EXACT
3619,Mitu salvini_Salvin's Curassow,taxon,Mitu salvini,Salvin's Curassow,2482276,birdnet,SPECIES,species,EXACT
3620,Mitu tomentosum_Crestless Curassow,taxon,Mitu tomentosum,Crestless Curassow,2482282,birdnet,SPECIES,species,EXACT
3621,Mitu tuberosum_Razor-billed Curassow,taxon,Mitu tuberosum,Razor-billed Curassow,2482278,birdnet,SPECIES,species,EXACT
3622,Mixornis bornensis_Bold-striped Tit-Babbler,taxon,Mixornis bornensis,Bold-striped Tit-Babbler,7387112,birdnet,SPECIES,species,EXACT
3623,Mixornis flavicollis_Gray-cheeked Tit-Babbler,taxon,Mixornis flavicollis,Gray-cheeked Tit-Babbler,8090129,birdnet,SPECIES,species,EXACT
3624,Mixornis gularis_Pin-striped Tit-Babbler,taxon,Mixornis gularis,Pin-striped Tit-Babbler,7772947,birdnet,SPECIES,species,EXACT
3625,Mixornis kelleyi_Gray-faced Tit-Babbler,taxon,Mixornis kelleyi,Gray-faced Tit-Babbler,7581340,birdnet,SPECIES,species,EXACT
3626,Mniotilta varia_Black-and-white Warbler,taxon,Mniotilta varia,Black-and-white Warbler,2489613,birdnet,SPECIES,species,EXACT
3627,Modulatrix stictigula_Spot-throat,taxon,Modulatrix stictigula,Spot-throat,2493241,birdnet,SPECIES,species,EXACT
3628,Mohoua albicilla_Whitehead,taxon,Mohoua albicilla,Whitehead,2482624,birdnet,SPECIES,species,EXACT
3629,Mohoua novaeseelandiae_Pipipi,taxon,Mohoua novaeseelandiae,Pipipi,2482623,birdnet,SPECIES,species,EXACT
3630,Mohoua ochrocephala_Yellowhead,taxon,Mohoua ochrocephala,Yellowhead,2482622,birdnet,SPECIES,species,EXACT
3631,Molothrus aeneus_Bronzed Cowbird,taxon,Molothrus aeneus,Bronzed Cowbird,2484404,birdnet,SPECIES,species,EXACT
3632,Molothrus ater_Brown-headed Cowbird,taxon,Molothrus ater,Brown-headed Cowbird,2484391,birdnet,SPECIES,species,EXACT
3633,Molothrus bonariensis_Shiny Cowbird,taxon,Molothrus bonariensis,Shiny Cowbird,2484396,birdnet,SPECIES,species,EXACT
3634,Molothrus oryzivorus_Giant Cowbird,taxon,Molothrus oryzivorus,Giant Cowbird,2484386,birdnet,SPECIES,species,EXACT
3635,Molothrus rufoaxillaris_Screaming Cowbird,taxon,Molothrus rufoaxillaris,Screaming Cowbird,9506351,birdnet,SPECIES,species,EXACT
3636,Momotus aequatorialis_Andean Motmot,taxon,Momotus aequatorialis,Andean Motmot,2475311,birdnet,SPECIES,species,EXACT
3637,Momotus coeruliceps_Blue-capped Motmot,taxon,Momotus coeruliceps,Blue-capped Motmot,7342311,birdnet,SPECIES,species,EXACT
3638,Momotus lessonii_Lesson's Motmot,taxon,Momotus lessonii,Lesson's Motmot,6100745,birdnet,SPECIES,species,EXACT
3639,Momotus mexicanus_Russet-crowned Motmot,taxon,Momotus mexicanus,Russet-crowned Motmot,2475314,birdnet,SPECIES,species,EXACT
3640,Momotus momota_Amazonian Motmot,taxon,Momotus momota,Amazonian Motmot,2475290,birdnet,SPECIES,species,EXACT
3641,Momotus subrufescens_Whooping Motmot,taxon,Momotus subrufescens,Whooping Motmot,7342297,birdnet,SPECIES,species,EXACT
3642,Monarcha castaneiventris_Chestnut-bellied Monarch,taxon,Monarcha castaneiventris,Chestnut-bellied Monarch,5230442,birdnet,SPECIES,species,EXACT
3643,Monarcha frater_Black-winged Monarch,taxon,Monarcha frater,Black-winged Monarch,5230435,birdnet,SPECIES,species,EXACT
3644,Monarcha melanopsis_Black-faced Monarch,taxon,Monarcha melanopsis,Black-faced Monarch,5230438,birdnet,SPECIES,species,EXACT
3645,Monarcha richardsii_White-capped Monarch,taxon,Monarcha richardsii,White-capped Monarch,5230420,birdnet,SPECIES,species,EXACT
3646,Monasa atra_Black Nunbird,taxon,Monasa atra,Black Nunbird,2475190,birdnet,SPECIES,species,EXACT
3647,Monasa flavirostris_Yellow-billed Nunbird,taxon,Monasa flavirostris,Yellow-billed Nunbird,2475178,birdnet,SPECIES,species,EXACT
3648,Monasa morphoeus_White-fronted Nunbird,taxon,Monasa morphoeus,White-fronted Nunbird,2475179,birdnet,SPECIES,species,EXACT
3649,Monasa nigrifrons_Black-fronted Nunbird,taxon,Monasa nigrifrons,Black-fronted Nunbird,2475187,birdnet,SPECIES,species,EXACT
3650,Montecincla fairbanki_Palani Laughingthrush,taxon,Montecincla fairbanki,Palani Laughingthrush,9288708,birdnet,SPECIES,species,EXACT
3651,Monticola cinclorhyncha_Blue-capped Rock-Thrush,taxon,Monticola cinclorhynchus,Blue-capped Rock-Thrush,5231007,birdnet,SPECIES,species,VARIANT
3652,Monticola gularis_White-throated Rock-Thrush,taxon,Monticola gularis,White-throated Rock-Thrush,5231009,birdnet,SPECIES,species,EXACT
3653,Monticola rufiventris_Chestnut-bellied Rock-Thrush,taxon,Monticola rufiventris,Chestnut-bellied Rock-Thrush,5231003,birdnet,SPECIES,species,EXACT
3654,Monticola rupestris_Cape Rock-Thrush,taxon,Monticola rupestris,Cape Rock-Thrush,5231002,birdnet,SPECIES,species,EXACT
3655,Monticola saxatilis_Rufous-tailed Rock-Thrush,taxon,Monticola saxatilis,Rufous-tailed Rock-Thrush,2490956,birdnet,SPECIES,species,EXACT
3656,Monticola sharpei_Forest Rock-Thrush,taxon,Monticola sharpei,Forest Rock-Thrush,5788874,birdnet,SPECIES,species,EXACT
3657,Monticola solitarius_Blue Rock-Thrush,taxon,Monticola solitarius,Blue Rock-Thrush,2490955,birdnet,SPECIES,species,EXACT
3658,Montifringilla blanfordi_Blanford's Snowfinch,taxon,Montifringilla blanfordi,Blanford's Snowfinch,2492372,birdnet,SPECIES,species,EXACT
3659,Montifringilla nivalis_White-winged Snowfinch,taxon,Montifringilla nivalis,White-winged Snowfinch,2492371,birdnet,SPECIES,species,EXACT
3660,Montifringilla taczanowskii_White-rumped Snowfinch,taxon,Montifringilla taczanowskii,White-rumped Snowfinch,2492366,birdnet,SPECIES,species,EXACT
3661,Morococcyx erythropygus_Lesser Ground-Cuckoo,taxon,Morococcyx erythropygus,Lesser Ground-Cuckoo,2496519,birdnet,SPECIES,species,EXACT
3662,Morphnarchus princeps_Barred Hawk,taxon,Morphnarchus princeps,Barred Hawk,8298810,birdnet,SPECIES,species,EXACT
3663,Morphnus guianensis_Crested Eagle,taxon,Morphnus guianensis,Crested Eagle,2480576,birdnet,SPECIES,species,EXACT
3664,Morus bassanus_Northern Gannet,taxon,Morus bassanus,Northern Gannet,2480964,birdnet,SPECIES,species,EXACT
3665,Motacilla aguimp_African Pied Wagtail,taxon,Motacilla aguimp,African Pied Wagtail,7405711,birdnet,SPECIES,species,EXACT
3666,Motacilla alba_White Wagtail,taxon,Motacilla alba,White Wagtail,9687165,birdnet,SPECIES,species,EXACT
3667,Motacilla capensis_Cape Wagtail,taxon,Motacilla capensis,Cape Wagtail,2490296,birdnet,SPECIES,species,EXACT
3668,Motacilla cinerea_Gray Wagtail,taxon,Motacilla cinerea,Gray Wagtail,2490310,birdnet,SPECIES,species,EXACT
3669,Motacilla citreola_Citrine Wagtail,taxon,Motacilla citreola,Citrine Wagtail,2490307,birdnet,SPECIES,species,EXACT
3670,Motacilla clara_Mountain Wagtail,taxon,Motacilla clara,Mountain Wagtail,2490305,birdnet,SPECIES,species,EXACT
3671,Motacilla flava_Western Yellow Wagtail,taxon,Motacilla flava,Western Yellow Wagtail,9701857,birdnet,SPECIES,species,EXACT
3672,Motacilla flaviventris_Madagascar Wagtail,taxon,Motacilla flaviventris,Madagascar Wagtail,2490309,birdnet,SPECIES,species,EXACT
3673,Motacilla grandis_Japanese Wagtail,taxon,Motacilla grandis,Japanese Wagtail,2490297,birdnet,SPECIES,species,EXACT
3674,Motacilla maderaspatensis_White-browed Wagtail,taxon,Motacilla maderaspatensis,White-browed Wagtail,6100870,birdnet,SPECIES,species,EXACT
3675,Motacilla tschutschensis_Eastern Yellow Wagtail,taxon,Motacilla tschutschensis,Eastern Yellow Wagtail,2490303,birdnet,SPECIES,species,EXACT
3676,Mulleripicus fulvus_Ashy Woodpecker,taxon,Mulleripicus fulvus,Ashy Woodpecker,2478335,birdnet,SPECIES,species,EXACT
3677,Mulleripicus pulverulentus_Great Slaty Woodpecker,taxon,Mulleripicus pulverulentus,Great Slaty Woodpecker,2478328,birdnet,SPECIES,species,EXACT
3678,Muscicapa adusta_African Dusky Flycatcher,taxon,Muscicapa adusta,African Dusky Flycatcher,2492569,birdnet,SPECIES,species,EXACT
3679,Muscicapa aquatica_Swamp Flycatcher,taxon,Muscicapa aquatica,Swamp Flycatcher,2492561,birdnet,SPECIES,species,EXACT
3680,Muscicapa dauurica_Asian Brown Flycatcher,taxon,Muscicapa dauurica,Asian Brown Flycatcher,2492577,birdnet,SPECIES,species,EXACT
3681,Muscicapa ferruginea_Ferruginous Flycatcher,taxon,Muscicapa ferruginea,Ferruginous Flycatcher,2492579,birdnet,SPECIES,species,EXACT
3682,Muscicapa griseisticta_Gray-streaked Flycatcher,taxon,Muscicapa griseisticta,Gray-streaked Flycatcher,2492571,birdnet,SPECIES,species,EXACT
3683,Muscicapa muttui_Brown-breasted Flycatcher,taxon,Muscicapa muttui,Brown-breasted Flycatcher,2492557,birdnet,SPECIES,species,EXACT
3684,Muscicapa sibirica_Dark-sided Flycatcher,taxon,Muscicapa sibirica,Dark-sided Flycatcher,2492566,birdnet,SPECIES,species,EXACT
3685,Muscicapa striata_Spotted Flycatcher,taxon,Muscicapa striata,Spotted Flycatcher,2492576,birdnet,SPECIES,species,EXACT
3686,Muscicapa williamsoni_Brown-streaked Flycatcher,taxon,Muscicapa williamsoni,Brown-streaked Flycatcher,8345936,birdnet,SPECIES,species,EXACT
3687,Muscigralla brevicauda_Short-tailed Field Tyrant,taxon,Muscigralla brevicauda,Short-tailed Field Tyrant,2483784,birdnet,SPECIES,species,EXACT
3688,Muscipipra vetula_Shear-tailed Gray Tyrant,taxon,Muscipipra vetula,Shear-tailed Gray Tyrant,2483662,birdnet,SPECIES,species,EXACT
3689,Muscisaxicola albilora_White-browed Ground-Tyrant,taxon,Muscisaxicola albilora,White-browed Ground-Tyrant,2483719,birdnet,SPECIES,species,EXACT
3690,Muscisaxicola maculirostris_Spot-billed Ground-Tyrant,taxon,Muscisaxicola maculirostris,Spot-billed Ground-Tyrant,2483709,birdnet,SPECIES,species,EXACT
3691,Musophaga rossae_Ross's Turaco,taxon,Musophaga rossae,Ross's Turaco,2475214,birdnet,SPECIES,species,EXACT
3692,Mustelirallus albicollis_Ash-throated Crake,taxon,Mustelirallus albicollis,Ash-throated Crake,7532956,birdnet,SPECIES,species,EXACT
3693,Mustelirallus erythrops_Paint-billed Crake,taxon,Mustelirallus erythrops,Paint-billed Crake,8418047,birdnet,SPECIES,species,EXACT
3694,Myadestes coloratus_Varied Solitaire,taxon,Myadestes coloratus,Varied Solitaire,2490835,birdnet,SPECIES,species,EXACT
3695,Myadestes elisabeth_Cuban Solitaire,taxon,Myadestes elisabeth,Cuban Solitaire,2490846,birdnet,SPECIES,species,EXACT
3696,Myadestes genibarbis_Rufous-throated Solitaire,taxon,Myadestes genibarbis,Rufous-throated Solitaire,2490836,birdnet,SPECIES,species,EXACT
3697,Myadestes melanops_Black-faced Solitaire,taxon,Myadestes melanops,Black-faced Solitaire,2490847,birdnet,SPECIES,species,EXACT
3698,Myadestes obscurus_Omao,taxon,Myadestes obscurus,Omao,2490851,birdnet,SPECIES,species,EXACT
3699,Myadestes occidentalis_Brown-backed Solitaire,taxon,Myadestes occidentalis,Brown-backed Solitaire,2490837,birdnet,SPECIES,species,EXACT
3700,Myadestes palmeri_Puaiohi,taxon,Myadestes palmeri,Puaiohi,2490842,birdnet,SPECIES,species,EXACT
3701,Myadestes ralloides_Andean Solitaire,taxon,Myadestes ralloides,Andean Solitaire,2490848,birdnet,SPECIES,species,EXACT
3702,Myadestes townsendi_Townsend's Solitaire,taxon,Myadestes townsendi,Townsend's Solitaire,2490849,birdnet,SPECIES,species,EXACT
3703,Myadestes unicolor_Slate-colored Solitaire,taxon,Myadestes unicolor,Slate-colored Solitaire,2490852,birdnet,SPECIES,species,EXACT
3704,Mycerobas affinis_Collared Grosbeak,taxon,Mycerobas affinis,Collared Grosbeak,2494407,birdnet,SPECIES,species,EXACT
3705,Mycerobas carnipes_White-winged Grosbeak,taxon,Mycerobas carnipes,White-winged Grosbeak,2494402,birdnet,SPECIES,species,EXACT
3706,Mycerobas icterioides_Black-and-yellow Grosbeak,taxon,Mycerobas icterioides,Black-and-yellow Grosbeak,2494408,birdnet,SPECIES,species,EXACT
3707,Mycteria americana_Wood Stork,taxon,Mycteria americana,Wood Stork,2481937,birdnet,SPECIES,species,EXACT
3708,Mycteria leucocephala_Painted Stork,taxon,Mycteria leucocephala,Painted Stork,2481938,birdnet,SPECIES,species,EXACT
3709,Myiagra alecto_Shining Flycatcher,taxon,Myiagra alecto,Shining Flycatcher,2486642,birdnet,SPECIES,species,EXACT
3710,Myiagra caledonica_Melanesian Flycatcher,taxon,Myiagra caledonica,Melanesian Flycatcher,2486643,birdnet,SPECIES,species,EXACT
3711,Myiagra cyanoleuca_Satin Flycatcher,taxon,Myiagra cyanoleuca,Satin Flycatcher,2486637,birdnet,SPECIES,species,EXACT
3712,Myiagra ferrocyanea_Steel-blue Flycatcher,taxon,Myiagra ferrocyanea,Steel-blue Flycatcher,2486644,birdnet,SPECIES,species,EXACT
3713,Myiagra galeata_Moluccan Flycatcher,taxon,Myiagra galeata,Moluccan Flycatcher,2486650,birdnet,SPECIES,species,EXACT
3714,Myiagra inquieta_Restless Flycatcher,taxon,Myiagra inquieta,Restless Flycatcher,2486651,birdnet,SPECIES,species,EXACT
3715,Myiagra nana_Paperbark Flycatcher,taxon,Myiagra nana,Paperbark Flycatcher,4846389,birdnet,SPECIES,species,EXACT
3716,Myiagra rubecula_Leaden Flycatcher,taxon,Myiagra rubecula,Leaden Flycatcher,2486638,birdnet,SPECIES,species,EXACT
3717,Myiagra ruficollis_Broad-billed Flycatcher,taxon,Myiagra ruficollis,Broad-billed Flycatcher,2486646,birdnet,SPECIES,species,EXACT
3718,Myiagra vanikorensis_Vanikoro Flycatcher,taxon,Myiagra vanikorensis,Vanikoro Flycatcher,2486634,birdnet,SPECIES,species,EXACT
3719,Myiarchus antillarum_Puerto Rican Flycatcher,taxon,Myiarchus antillarum,Puerto Rican Flycatcher,2483557,birdnet,SPECIES,species,EXACT
3720,Myiarchus apicalis_Apical Flycatcher,taxon,Myiarchus apicalis,Apical Flycatcher,2483558,birdnet,SPECIES,species,EXACT
3721,Myiarchus barbirostris_Sad Flycatcher,taxon,Myiarchus barbirostris,Sad Flycatcher,2483576,birdnet,SPECIES,species,EXACT
3722,Myiarchus cephalotes_Pale-edged Flycatcher,taxon,Myiarchus cephalotes,Pale-edged Flycatcher,2483528,birdnet,SPECIES,species,EXACT
3723,Myiarchus cinerascens_Ash-throated Flycatcher,taxon,Myiarchus cinerascens,Ash-throated Flycatcher,2483600,birdnet,SPECIES,species,EXACT
3724,Myiarchus crinitus_Great Crested Flycatcher,taxon,Myiarchus crinitus,Great Crested Flycatcher,2483597,birdnet,SPECIES,species,EXACT
3725,Myiarchus ferox_Short-crested Flycatcher,taxon,Myiarchus ferox,Short-crested Flycatcher,2483559,birdnet,SPECIES,species,EXACT
3726,Myiarchus nuttingi_Nutting's Flycatcher,taxon,Myiarchus nuttingi,Nutting's Flycatcher,2483585,birdnet,SPECIES,species,EXACT
3727,Myiarchus panamensis_Panama Flycatcher,taxon,Myiarchus panamensis,Panama Flycatcher,2483546,birdnet,SPECIES,species,EXACT
3728,Myiarchus phaeocephalus_Sooty-crowned Flycatcher,taxon,Myiarchus phaeocephalus,Sooty-crowned Flycatcher,2483564,birdnet,SPECIES,species,EXACT
3729,Myiarchus sagrae_La Sagra's Flycatcher,taxon,Myiarchus sagrae,La Sagra's Flycatcher,2483573,birdnet,SPECIES,species,EXACT
3730,Myiarchus stolidus_Stolid Flycatcher,taxon,Myiarchus stolidus,Stolid Flycatcher,2483549,birdnet,SPECIES,species,EXACT
3731,Myiarchus swainsoni_Swainson's Flycatcher,taxon,Myiarchus swainsoni,Swainson's Flycatcher,2483567,birdnet,SPECIES,species,EXACT
3732,Myiarchus tuberculifer_Dusky-capped Flycatcher,taxon,Myiarchus tuberculifer,Dusky-capped Flycatcher,2483531,birdnet,SPECIES,species,EXACT
3733,Myiarchus tyrannulus_Brown-crested Flycatcher,taxon,Myiarchus tyrannulus,Brown-crested Flycatcher,2483589,birdnet,SPECIES,species,EXACT
3734,Myiarchus venezuelensis_Venezuelan Flycatcher,taxon,Myiarchus venezuelensis,Venezuelan Flycatcher,9544285,birdnet,SPECIES,species,EXACT
3735,Myiarchus yucatanensis_Yucatan Flycatcher,taxon,Myiarchus yucatanensis,Yucatan Flycatcher,2483553,birdnet,SPECIES,species,EXACT
3736,Myiobius atricaudus_Black-tailed Flycatcher,taxon,Myiobius atricaudus,Black-tailed Flycatcher,2483298,birdnet,SPECIES,species,EXACT
3737,Myiobius barbatus_Whiskered Flycatcher,taxon,Myiobius barbatus,Whiskered Flycatcher,2483306,birdnet,SPECIES,species,EXACT
3738,Myiobius sulphureipygius_Sulphur-rumped Flycatcher,taxon,Myiobius sulphureipygius,Sulphur-rumped Flycatcher,2483310,birdnet,SPECIES,species,EXACT
3739,Myioborus albifrons_White-fronted Redstart,taxon,Myioborus albifrons,White-fronted Redstart,2489836,birdnet,SPECIES,species,EXACT
3740,Myioborus brunniceps_Brown-capped Redstart,taxon,Myioborus brunniceps,Brown-capped Redstart,2489862,birdnet,SPECIES,species,EXACT
3741,Myioborus castaneocapilla_Tepui Redstart,taxon,Myioborus castaneocapilla,Tepui Redstart,7341554,birdnet,SPECIES,species,EXACT
3742,Myioborus flavivertex_Yellow-crowned Redstart,taxon,Myioborus flavivertex,Yellow-crowned Redstart,2489856,birdnet,SPECIES,species,EXACT
3743,Myioborus melanocephalus_Spectacled Redstart,taxon,Myioborus melanocephalus,Spectacled Redstart,2489830,birdnet,SPECIES,species,EXACT
3744,Myioborus miniatus_Slate-throated Redstart,taxon,Myioborus miniatus,Slate-throated Redstart,2489837,birdnet,SPECIES,species,EXACT
3745,Myioborus ornatus_Golden-fronted Redstart,taxon,Myioborus ornatus,Golden-fronted Redstart,2489859,birdnet,SPECIES,species,EXACT
3746,Myioborus pictus_Painted Redstart,taxon,Myioborus pictus,Painted Redstart,2489850,birdnet,SPECIES,species,EXACT
3747,Myioborus torquatus_Collared Redstart,taxon,Myioborus torquatus,Collared Redstart,2489829,birdnet,SPECIES,species,EXACT
3748,Myiodynastes bairdii_Baird's Flycatcher,taxon,Myiodynastes bairdii,Baird's Flycatcher,2483505,birdnet,SPECIES,species,EXACT
3749,Myiodynastes chrysocephalus_Golden-crowned Flycatcher,taxon,Myiodynastes chrysocephalus,Golden-crowned Flycatcher,2483490,birdnet,SPECIES,species,EXACT
3750,Myiodynastes hemichrysus_Golden-bellied Flycatcher,taxon,Myiodynastes hemichrysus,Golden-bellied Flycatcher,2483489,birdnet,SPECIES,species,EXACT
3751,Myiodynastes luteiventris_Sulphur-bellied Flycatcher,taxon,Myiodynastes luteiventris,Sulphur-bellied Flycatcher,2483494,birdnet,SPECIES,species,EXACT
3752,Myiodynastes maculatus_Streaked Flycatcher,taxon,Myiodynastes maculatus,Streaked Flycatcher,2483497,birdnet,SPECIES,species,EXACT
3753,Myiomela leucura_White-tailed Robin,taxon,Myiomela leucura,White-tailed Robin,5845285,birdnet,SPECIES,species,EXACT
3754,Myiopagis caniceps_Gray Elaenia,taxon,Myiopagis caniceps,Gray Elaenia,2482960,birdnet,SPECIES,species,EXACT
3755,Myiopagis flavivertex_Yellow-crowned Elaenia,taxon,Myiopagis flavivertex,Yellow-crowned Elaenia,2482945,birdnet,SPECIES,species,EXACT
3756,Myiopagis gaimardii_Forest Elaenia,taxon,Myiopagis gaimardii,Forest Elaenia,2482965,birdnet,SPECIES,species,EXACT
3757,Myiopagis olallai_Foothill Elaenia,taxon,Myiopagis olallai,Foothill Elaenia,2482946,birdnet,SPECIES,species,EXACT
3758,Myiopagis subplacens_Pacific Elaenia,taxon,Myiopagis subplacens,Pacific Elaenia,2482958,birdnet,SPECIES,species,EXACT
3759,Myiopagis viridicata_Greenish Elaenia,taxon,Myiopagis viridicata,Greenish Elaenia,2482947,birdnet,SPECIES,species,EXACT
3760,Myiophobus cryptoxanthus_Olive-chested Flycatcher,taxon,Myiophobus cryptoxanthus,Olive-chested Flycatcher,5229785,birdnet,SPECIES,species,EXACT
3761,Myiophobus fasciatus_Bran-colored Flycatcher,taxon,Myiophobus fasciatus,Bran-colored Flycatcher,5229801,birdnet,SPECIES,species,EXACT
3762,Myiophobus flavicans_Flavescent Flycatcher,taxon,Myiophobus flavicans,Flavescent Flycatcher,5229791,birdnet,SPECIES,species,EXACT
3763,Myiophobus phoenicomitra_Orange-crested Flycatcher,taxon,Myiophobus phoenicomitra,Orange-crested Flycatcher,5229797,birdnet,SPECIES,species,EXACT
3764,Myiopsitta monachus_Monk Parakeet,taxon,Myiopsitta monachus,Monk Parakeet,2479407,birdnet,SPECIES,species,EXACT
3765,Myiornis albiventris_White-bellied Pygmy-Tyrant,taxon,Myiornis albiventris,White-bellied Pygmy-Tyrant,2482871,birdnet,SPECIES,species,EXACT
3766,Myiornis atricapillus_Black-capped Pygmy-Tyrant,taxon,Myiornis atricapillus,Black-capped Pygmy-Tyrant,2482867,birdnet,SPECIES,species,EXACT
3767,Myiornis auricularis_Eared Pygmy-Tyrant,taxon,Myiornis auricularis,Eared Pygmy-Tyrant,2482866,birdnet,SPECIES,species,EXACT
3768,Myiornis ecaudatus_Short-tailed Pygmy-Tyrant,taxon,Myiornis ecaudatus,Short-tailed Pygmy-Tyrant,2482868,birdnet,SPECIES,species,EXACT
3769,Myiotheretes fumigatus_Smoky Bush-Tyrant,taxon,Myiotheretes fumigatus,Smoky Bush-Tyrant,2483329,birdnet,SPECIES,species,EXACT
3770,Myiotheretes fuscorufus_Rufous-bellied Bush-Tyrant,taxon,Myiotheretes fuscorufus,Rufous-bellied Bush-Tyrant,2483335,birdnet,SPECIES,species,EXACT
3771,Myiotheretes pernix_Santa Marta Bush-Tyrant,taxon,Myiotheretes pernix,Santa Marta Bush-Tyrant,2483334,birdnet,SPECIES,species,EXACT
3772,Myiotheretes striaticollis_Streak-throated Bush-Tyrant,taxon,Myiotheretes striaticollis,Streak-throated Bush-Tyrant,2483326,birdnet,SPECIES,species,EXACT
3773,Myiothlypis basilica_Santa Marta Warbler,taxon,Myiothlypis basilica,Santa Marta Warbler,7832100,birdnet,SPECIES,species,EXACT
3774,Myiothlypis bivittata_Two-banded Warbler,taxon,Myiothlypis bivittata,Two-banded Warbler,7542141,birdnet,SPECIES,species,EXACT
3775,Myiothlypis chrysogaster_Golden-bellied Warbler,taxon,Myiothlypis chrysogaster,Golden-bellied Warbler,7341642,birdnet,SPECIES,species,EXACT
3776,Myiothlypis cinereicollis_Gray-throated Warbler,taxon,Myiothlypis cinereicollis,Gray-throated Warbler,7341638,birdnet,SPECIES,species,EXACT
3777,Myiothlypis conspicillata_White-lored Warbler,taxon,Myiothlypis conspicillata,White-lored Warbler,8330576,birdnet,SPECIES,species,EXACT
3778,Myiothlypis coronata_Russet-crowned Warbler,taxon,Myiothlypis coronata,Russet-crowned Warbler,7646544,birdnet,SPECIES,species,EXACT
3779,Myiothlypis flaveola_Flavescent Warbler,taxon,Myiothlypis flaveola,Flavescent Warbler,8082419,birdnet,SPECIES,species,EXACT
3780,Myiothlypis fraseri_Gray-and-gold Warbler,taxon,Myiothlypis fraseri,Gray-and-gold Warbler,7341631,birdnet,SPECIES,species,EXACT
3781,Myiothlypis fulvicauda_Buff-rumped Warbler,taxon,Myiothlypis fulvicauda,Buff-rumped Warbler,7341658,birdnet,SPECIES,species,EXACT
3782,Myiothlypis leucoblephara_White-browed Warbler,taxon,Myiothlypis leucoblephara,White-browed Warbler,8158524,birdnet,SPECIES,species,EXACT
3783,Myiothlypis leucophrys_White-striped Warbler,taxon,Myiothlypis leucophrys,White-striped Warbler,6092240,birdnet,SPECIES,species,EXACT
3784,Myiothlypis luteoviridis_Citrine Warbler,taxon,Myiothlypis luteoviridis,Citrine Warbler,7341680,birdnet,SPECIES,species,EXACT
3785,Myiothlypis nigrocristata_Black-crested Warbler,taxon,Myiothlypis nigrocristata,Black-crested Warbler,7811145,birdnet,SPECIES,species,EXACT
3786,Myiothlypis rivularis_Riverbank Warbler,taxon,Myiothlypis rivularis,Riverbank Warbler,7341654,birdnet,SPECIES,species,EXACT
3787,Myiothlypis signata_Pale-legged Warbler,taxon,Myiothlypis signata,Pale-legged Warbler,7732840,birdnet,SPECIES,species,EXACT
3788,Myiotriccus ornatus_Ornate Flycatcher,taxon,Myiotriccus ornatus,Ornate Flycatcher,2483666,birdnet,SPECIES,species,EXACT
3789,Myiozetetes cayanensis_Rusty-margined Flycatcher,taxon,Myiozetetes cayanensis,Rusty-margined Flycatcher,2482921,birdnet,SPECIES,species,EXACT
3790,Myiozetetes granadensis_Gray-capped Flycatcher,taxon,Myiozetetes granadensis,Gray-capped Flycatcher,2482929,birdnet,SPECIES,species,EXACT
3791,Myiozetetes luteiventris_Dusky-chested Flycatcher,taxon,Myiozetetes luteiventris,Dusky-chested Flycatcher,2482926,birdnet,SPECIES,species,EXACT
3792,Myiozetetes similis_Social Flycatcher,taxon,Myiozetetes similis,Social Flycatcher,2482913,birdnet,SPECIES,species,EXACT
3793,Myophonus caeruleus_Blue Whistling-Thrush,taxon,Myophonus caeruleus,Blue Whistling-Thrush,7341196,birdnet,SPECIES,species,EXACT
3794,Myophonus horsfieldii_Malabar Whistling-Thrush,taxon,Myophonus horsfieldii,Malabar Whistling-Thrush,5789039,birdnet,SPECIES,species,EXACT
3795,Myophonus insularis_Taiwan Whistling-Thrush,taxon,Myophonus insularis,Taiwan Whistling-Thrush,5733816,birdnet,SPECIES,species,EXACT
3796,Myophonus melanurus_Shiny Whistling-Thrush,taxon,Myophonus melanurus,Shiny Whistling-Thrush,5789047,birdnet,SPECIES,species,EXACT
3797,Myornis senilis_Ash-colored Tapaculo,taxon,Myornis senilis,Ash-colored Tapaculo,2490963,birdnet,SPECIES,species,EXACT
3798,Myrmeciza longipes_White-bellied Antbird,taxon,Myrmeciza longipes,White-bellied Antbird,2490154,birdnet,SPECIES,species,EXACT
3799,Myrmecocichla aethiops_Northern Anteater-Chat,taxon,Myrmecocichla aethiops,Northern Anteater-Chat,2492693,birdnet,SPECIES,species,EXACT
3800,Myrmecocichla arnotti_Arnot's Chat,taxon,Myrmecocichla arnotti,Arnot's Chat,2492692,birdnet,SPECIES,species,EXACT
3801,Myrmecocichla formicivora_Southern Anteater-Chat,taxon,Myrmecocichla formicivora,Southern Anteater-Chat,2492697,birdnet,SPECIES,species,EXACT
3802,Myrmecocichla monticola_Mountain Wheatear,taxon,Myrmecocichla monticola,Mountain Wheatear,8924675,birdnet,SPECIES,species,EXACT
3803,Myrmecocichla nigra_Sooty Chat,taxon,Myrmecocichla nigra,Sooty Chat,2492696,birdnet,SPECIES,species,EXACT
3804,Myrmelastes humaythae_Humaita Antbird,taxon,Myrmelastes humaythae,Humaita Antbird,9480268,birdnet,SPECIES,species,EXACT
3805,Myrmelastes hyperythrus_Plumbeous Antbird,taxon,Myrmelastes hyperythrus,Plumbeous Antbird,9383100,birdnet,SPECIES,species,EXACT
3806,Myrmelastes leucostigma_Spot-winged Antbird,taxon,Myrmelastes leucostigma,Spot-winged Antbird,9530969,birdnet,SPECIES,species,EXACT
3807,Myrmelastes rufifacies_Rufous-faced Antbird,taxon,Myrmelastes rufifacies,Rufous-faced Antbird,9570633,birdnet,SPECIES,species,EXACT
3808,Myrmelastes schistaceus_Slate-colored Antbird,taxon,Myrmelastes schistaceus,Slate-colored Antbird,9610566,birdnet,SPECIES,species,EXACT
3809,Myrmoborus leucophrys_White-browed Antbird,taxon,Myrmoborus leucophrys,White-browed Antbird,2490122,birdnet,SPECIES,species,EXACT
3810,Myrmoborus lophotes_White-lined Antbird,taxon,Myrmoborus lophotes,White-lined Antbird,9724578,birdnet,SPECIES,species,EXACT
3811,Myrmoborus lugubris_Ash-breasted Antbird,taxon,Myrmoborus lugubris,Ash-breasted Antbird,2490124,birdnet,SPECIES,species,EXACT
3812,Myrmoborus melanurus_Black-tailed Antbird,taxon,Myrmoborus melanurus,Black-tailed Antbird,2490123,birdnet,SPECIES,species,EXACT
3813,Myrmoborus myotherinus_Black-faced Antbird,taxon,Myrmoborus myotherinus,Black-faced Antbird,2490125,birdnet,SPECIES,species,EXACT
3814,Myrmochanes hemileucus_Black-and-white Antbird,taxon,Myrmochanes hemileucus,Black-and-white Antbird,2490101,birdnet,SPECIES,species,EXACT
3815,Myrmoderus ferrugineus_Ferruginous-backed Antbird,taxon,Myrmoderus ferrugineus,Ferruginous-backed Antbird,9526039,birdnet,SPECIES,species,EXACT
3816,Myrmoderus loricatus_White-bibbed Antbird,taxon,Myrmoderus loricatus,White-bibbed Antbird,9434670,birdnet,SPECIES,species,EXACT
3817,Myrmoderus ruficauda_Scalloped Antbird,taxon,Myrmoderus ruficauda,Scalloped Antbird,9404972,birdnet,SPECIES,species,EXACT
3818,Myrmoderus squamosus_Squamate Antbird,taxon,Myrmoderus squamosus,Squamate Antbird,9317572,birdnet,SPECIES,species,EXACT
3819,Myrmophylax atrothorax_Black-throated Antbird,taxon,Myrmophylax atrothorax,Black-throated Antbird,9422157,birdnet,SPECIES,species,EXACT
3820,Myrmorchilus strigilatus_Stripe-backed Antbird,taxon,Myrmorchilus strigilatus,Stripe-backed Antbird,2490026,birdnet,SPECIES,species,EXACT
3821,Myrmornis torquata_Wing-banded Antbird,taxon,Myrmornis torquata,Wing-banded Antbird,2490222,birdnet,SPECIES,species,EXACT
3822,Myrmothera berlepschi_Amazonian Antpitta,taxon,Myrmothera berlepschi,Amazonian Antpitta,12327804,birdnet,SPECIES,species,EXACT
3823,Myrmothera campanisona_Thrush-like Antpitta,taxon,Myrmothera campanisona,Thrush-like Antpitta,2490554,birdnet,SPECIES,species,EXACT
3824,Myrmothera dives_Thicket Antpitta,taxon,Myrmothera dives,Thicket Antpitta,12275523,birdnet,SPECIES,species,EXACT
3825,Myrmothera fulviventris_White-lored Antpitta,taxon,Myrmothera fulviventris,White-lored Antpitta,12292994,birdnet,SPECIES,species,EXACT
3826,Myrmothera simplex_Tepui Antpitta,taxon,Myrmothera simplex,Tepui Antpitta,2490555,birdnet,SPECIES,species,EXACT
3827,Myrmothera subcanescens_Tapajos Antpitta,taxon,Myrmothera subcanescens,Tapajos Antpitta,8172751,birdnet,SPECIES,species,EXACT
3828,Myrmotherula ambigua_Yellow-throated Antwren,taxon,Myrmotherula ambigua,Yellow-throated Antwren,2490179,birdnet,SPECIES,species,EXACT
3829,Myrmotherula assimilis_Leaden Antwren,taxon,Myrmotherula assimilis,Leaden Antwren,2490201,birdnet,SPECIES,species,EXACT
3830,Myrmotherula axillaris_White-flanked Antwren,taxon,Myrmotherula axillaris,White-flanked Antwren,2490191,birdnet,SPECIES,species,EXACT
3831,Myrmotherula brachyura_Pygmy Antwren,taxon,Myrmotherula brachyura,Pygmy Antwren,2490203,birdnet,SPECIES,species,EXACT
3832,Myrmotherula cherriei_Cherrie's Antwren,taxon,Myrmotherula cherriei,Cherrie's Antwren,2490183,birdnet,SPECIES,species,EXACT
3833,Myrmotherula ignota_Moustached Antwren,taxon,Myrmotherula ignota,Moustached Antwren,2490173,birdnet,SPECIES,species,EXACT
3834,Myrmotherula iheringi_Ihering's Antwren,taxon,Myrmotherula iheringi,Ihering's Antwren,2490197,birdnet,SPECIES,species,EXACT
3835,Myrmotherula klagesi_Klages's Antwren,taxon,Myrmotherula klagesi,Klages's Antwren,2490189,birdnet,SPECIES,species,EXACT
3836,Myrmotherula longicauda_Stripe-chested Antwren,taxon,Myrmotherula longicauda,Stripe-chested Antwren,2490198,birdnet,SPECIES,species,EXACT
3837,Myrmotherula longipennis_Long-winged Antwren,taxon,Myrmotherula longipennis,Long-winged Antwren,2490190,birdnet,SPECIES,species,EXACT
3838,Myrmotherula menetriesii_Gray Antwren,taxon,Myrmotherula menetriesii,Gray Antwren,2490178,birdnet,SPECIES,species,EXACT
3839,Myrmotherula minor_Salvadori's Antwren,taxon,Myrmotherula minor,Salvadori's Antwren,2490199,birdnet,SPECIES,species,EXACT
3840,Myrmotherula multostriata_Amazonian Streaked-Antwren,taxon,Myrmotherula multostriata,Amazonian Streaked-Antwren,2490200,birdnet,SPECIES,species,EXACT
3841,Myrmotherula pacifica_Pacific Antwren,taxon,Myrmotherula pacifica,Pacific Antwren,2490172,birdnet,SPECIES,species,EXACT
3842,Myrmotherula schisticolor_Slaty Antwren,taxon,Myrmotherula schisticolor,Slaty Antwren,2490202,birdnet,SPECIES,species,EXACT
3843,Myrmotherula sclateri_Sclater's Antwren,taxon,Myrmotherula sclateri,Sclater's Antwren,2490182,birdnet,SPECIES,species,EXACT
3844,Myrmotherula surinamensis_Guianan Streaked-Antwren,taxon,Myrmotherula surinamensis,Guianan Streaked-Antwren,2490184,birdnet,SPECIES,species,EXACT
3845,Myrmotherula unicolor_Unicolored Antwren,taxon,Myrmotherula unicolor,Unicolored Antwren,2490194,birdnet,SPECIES,species,EXACT
3846,Myrmotherula urosticta_Band-tailed Antwren,taxon,Myrmotherula urosticta,Band-tailed Antwren,2490186,birdnet,SPECIES,species,EXACT
3847,Myrtis fanny_Purple-collared Woodstar,taxon,Myrtis fanny,Purple-collared Woodstar,2476139,birdnet,SPECIES,species,EXACT
3848,Mystacornis crossleyi_Crossley's Vanga,taxon,Mystacornis crossleyi,Crossley's Vanga,2493384,birdnet,SPECIES,species,EXACT
3849,Myza sarasinorum_White-eared Myza,taxon,Myza sarasinorum,White-eared Myza,2487001,birdnet,SPECIES,species,EXACT
3850,Myzomela cardinalis_Cardinal Myzomela,taxon,Myzomela cardinalis,Cardinal Myzomela,2487282,birdnet,SPECIES,species,EXACT
3851,Myzomela erythrocephala_Red-headed Myzomela,taxon,Myzomela erythrocephala,Red-headed Myzomela,2487294,birdnet,SPECIES,species,EXACT
3852,Myzomela obscura_Dusky Myzomela,taxon,Myzomela obscura,Dusky Myzomela,9359990,birdnet,SPECIES,species,EXACT
3853,Myzomela rosenbergii_Red-collared Myzomela,taxon,Myzomela rosenbergii,Red-collared Myzomela,2487250,birdnet,SPECIES,species,EXACT
3854,Myzomela rubratra_Micronesian Myzomela,taxon,Myzomela rubratra,Micronesian Myzomela,2487324,birdnet,SPECIES,species,EXACT
3855,Myzomela sanguinolenta_Scarlet Myzomela,taxon,Myzomela sanguinolenta,Scarlet Myzomela,2487319,birdnet,SPECIES,species,EXACT
3856,Nannopsittaca panychlora_Tepui Parrotlet,taxon,Nannopsittaca panychlora,Tepui Parrotlet,2479404,birdnet,SPECIES,species,EXACT
3857,Nannopterum auritum_Double-crested Cormorant,taxon,Nannopterum auritum,Double-crested Cormorant,9275717,birdnet,SPECIES,species,EXACT
3858,Nannopterum brasilianum_Neotropic Cormorant,taxon,Nannopterum brasilianum,Neotropic Cormorant,9585234,birdnet,SPECIES,species,EXACT
3859,Napothera danjoui_Short-tailed Scimitar-Babbler,taxon,Napothera danjoui,Short-tailed Scimitar-Babbler,8088569,birdnet,SPECIES,species,EXACT
3860,Napothera epilepidota_Eyebrowed Wren-Babbler,taxon,Napothera epilepidota,Eyebrowed Wren-Babbler,5231400,birdnet,SPECIES,species,EXACT
3861,Napothera malacoptila_Long-billed Wren-Babbler,taxon,Napothera malacoptila,Long-billed Wren-Babbler,8403351,birdnet,SPECIES,species,EXACT
3862,Nasica longirostris_Long-billed Woodcreeper,taxon,Nasica longirostris,Long-billed Woodcreeper,5230046,birdnet,SPECIES,species,EXACT
3863,Nectarinia famosa_Malachite Sunbird,taxon,Nectarinia famosa,Malachite Sunbird,5229971,birdnet,SPECIES,species,EXACT
3864,Nectarinia kilimensis_Bronze Sunbird,taxon,Nectarinia kilimensis,Bronze Sunbird,5229993,birdnet,SPECIES,species,EXACT
3865,Nemosia pileata_Hooded Tanager,taxon,Nemosia pileata,Hooded Tanager,5230589,birdnet,SPECIES,species,EXACT
3866,Nengetus cinereus_Gray Monjita,taxon,Nengetus cinereus,Gray Monjita,11362256,birdnet,SPECIES,species,EXACT
3867,Neochmia phaeton_Crimson Finch,taxon,Neochmia phaeton,Crimson Finch,2493738,birdnet,SPECIES,species,EXACT
3868,Neochmia temporalis_Red-browed Firetail,taxon,Neochmia temporalis,Red-browed Firetail,2493737,birdnet,SPECIES,species,EXACT
3869,Neoconocephalus bivocatus_False Robust Conehead,taxon,Neoconocephalus bivocatus,False Robust Conehead,1691835,birdnet,SPECIES,species,EXACT
3870,Neoconocephalus ensiger_Sword-bearing Conehead,taxon,Neoconocephalus ensiger,Sword-bearing Conehead,1692043,birdnet,SPECIES,species,EXACT
3871,Neoconocephalus retusus_Round-tipped Conehead,taxon,Neoconocephalus retusus,Round-tipped Conehead,1691794,birdnet,SPECIES,species,EXACT
3872,Neoconocephalus robustus_Robust Conehead,taxon,Neoconocephalus robustus,Robust Conehead,1691896,birdnet,SPECIES,species,EXACT
3873,Neocossyphus finschi_Finsch's Flycatcher-Thrush,taxon,Neocossyphus finschii,Finsch's Flycatcher-Thrush,2490832,birdnet,SPECIES,species,VARIANT
3874,Neocossyphus fraseri_Rufous Flycatcher-Thrush,taxon,Neocossyphus fraseri,Rufous Flycatcher-Thrush,2490830,birdnet,SPECIES,species,EXACT
3875,Neocossyphus poensis_White-tailed Ant-Thrush,taxon,Neocossyphus poensis,White-tailed Ant-Thrush,2490833,birdnet,SPECIES,species,EXACT
3876,Neocossyphus rufus_Red-tailed Ant-Thrush,taxon,Neocossyphus rufus,Red-tailed Ant-Thrush,2490831,birdnet,SPECIES,species,EXACT
3877,Neoctantes niger_Black Bushbird,taxon,Neoctantes niger,Black Bushbird,2490238,birdnet,SPECIES,species,EXACT
3878,Neomixis striatigula_Stripe-throated Jery,taxon,Neomixis striatigula,Stripe-throated Jery,2493347,birdnet,SPECIES,species,EXACT
3879,Neomixis tenella_Common Jery,taxon,Neomixis tenella,Common Jery,2493350,birdnet,SPECIES,species,EXACT
3880,Neomorphus geoffroyi_Rufous-vented Ground-Cuckoo,taxon,Neomorphus geoffroyi,Rufous-vented Ground-Cuckoo,5232020,birdnet,SPECIES,species,EXACT
3881,Neomorphus rufipennis_Rufous-winged Ground-Cuckoo,taxon,Neomorphus rufipennis,Rufous-winged Ground-Cuckoo,5232014,birdnet,SPECIES,species,EXACT
3882,Neonemobius cubensis_Cuban Ground Cricket,taxon,Neonemobius cubensis,Cuban Ground Cricket,1723163,birdnet,SPECIES,species,EXACT
3883,Neopelma aurifrons_Wied's Tyrant-Manakin,taxon,Neopelma aurifrons,Wied's Tyrant-Manakin,5230513,birdnet,SPECIES,species,EXACT
3884,Neopelma chrysocephalum_Saffron-crested Tyrant-Manakin,taxon,Neopelma chrysocephalum,Saffron-crested Tyrant-Manakin,5230515,birdnet,SPECIES,species,EXACT
3885,Neopelma chrysolophum_Serra do Mar Tyrant-Manakin,taxon,Neopelma chrysolophum,Serra do Mar Tyrant-Manakin,5230516,birdnet,SPECIES,species,EXACT
3886,Neopelma pallescens_Pale-bellied Tyrant-Manakin,taxon,Neopelma pallescens,Pale-bellied Tyrant-Manakin,5230514,birdnet,SPECIES,species,EXACT
3887,Neopelma sulphureiventer_Sulphur-bellied Tyrant-Manakin,taxon,Neopelma sulphureiventer,Sulphur-bellied Tyrant-Manakin,5230512,birdnet,SPECIES,species,EXACT
3888,Neophema pulchella_Turquoise Parrot,taxon,Neophema pulchella,Turquoise Parrot,2479509,birdnet,SPECIES,species,EXACT
3889,Neopipo cinnamomea_Cinnamon Manakin-Tyrant,taxon,Neopipo cinnamomea,Cinnamon Manakin-Tyrant,2483463,birdnet,SPECIES,species,EXACT
3890,Neothraupis fasciata_White-banded Tanager,taxon,Neothraupis fasciata,White-banded Tanager,2488550,birdnet,SPECIES,species,EXACT
3891,Nephelomyias lintoni_Orange-banded Flycatcher,taxon,Nephelomyias lintoni,Orange-banded Flycatcher,6093278,birdnet,SPECIES,species,EXACT
3892,Nephelomyias pulcher_Handsome Flycatcher,taxon,Nephelomyias pulcher,Handsome Flycatcher,7341904,birdnet,SPECIES,species,EXACT
3893,Nesillas lantzii_Subdesert Brush-Warbler,taxon,Nesillas lantzii,Subdesert Brush-Warbler,5789189,birdnet,SPECIES,species,EXACT
3894,Nesillas typica_Malagasy Brush-Warbler,taxon,Nesillas typica,Malagasy Brush-Warbler,2492930,birdnet,SPECIES,species,EXACT
3895,Nesoenas mayeri_Pink Pigeon,taxon,Nesoenas mayeri,Pink Pigeon,5788471,birdnet,SPECIES,species,EXACT
3896,Nesoptilotis flavicollis_Yellow-throated Honeyeater,taxon,Nesoptilotis flavicollis,Yellow-throated Honeyeater,4845479,birdnet,SPECIES,species,EXACT
3897,Nesoptilotis leucotis_White-eared Honeyeater,taxon,Nesoptilotis leucotis,White-eared Honeyeater,7945392,birdnet,SPECIES,species,EXACT
3898,Nesospingus speculiferus_Puerto Rican Tanager,taxon,Nesospingus speculiferus,Puerto Rican Tanager,2488375,birdnet,SPECIES,species,EXACT
3899,Nestor meridionalis_New Zealand Kaka,taxon,Nestor meridionalis,New Zealand Kaka,2479594,birdnet,SPECIES,species,EXACT
3900,Netta rufina_Red-crested Pochard,taxon,Netta rufina,Red-crested Pochard,2498180,birdnet,SPECIES,species,EXACT
3901,Nettapus coromandelianus_Cotton Pygmy-Goose,taxon,Nettapus coromandelianus,Cotton Pygmy-Goose,2498310,birdnet,SPECIES,species,EXACT
3902,Newtonia amphichroa_Dark Newtonia,taxon,Newtonia amphichroa,Dark Newtonia,5231366,birdnet,SPECIES,species,EXACT
3903,Newtonia archboldi_Archbold's Newtonia,taxon,Newtonia archboldi,Archbold's Newtonia,5231365,birdnet,SPECIES,species,EXACT
3904,Newtonia brunneicauda_Common Newtonia,taxon,Newtonia brunneicauda,Common Newtonia,5231364,birdnet,SPECIES,species,EXACT
3905,Nicator chloris_Western Nicator,taxon,Nicator chloris,Western Nicator,2486230,birdnet,SPECIES,species,EXACT
3906,Nicator gularis_Eastern Nicator,taxon,Nicator gularis,Eastern Nicator,2486229,birdnet,SPECIES,species,EXACT
3907,Nicator vireo_Yellow-throated Nicator,taxon,Nicator vireo,Yellow-throated Nicator,2486228,birdnet,SPECIES,species,EXACT
3908,Nigrita canicapillus_Gray-headed Nigrita,taxon,Nigrita canicapillus,Gray-headed Nigrita,7340751,birdnet,SPECIES,species,EXACT
3909,Nilaus afer_Brubru,taxon,Nilaus afer,Brubru,2484835,birdnet,SPECIES,species,EXACT
3910,Niltava grandis_Large Niltava,taxon,Niltava grandis,Large Niltava,2492650,birdnet,SPECIES,species,EXACT
3911,Niltava macgrigoriae_Small Niltava,taxon,Niltava macgrigoriae,Small Niltava,2492654,birdnet,SPECIES,species,EXACT
3912,Niltava sundara_Rufous-bellied Niltava,taxon,Niltava sundara,Rufous-bellied Niltava,2492649,birdnet,SPECIES,species,EXACT
3913,Niltava vivida_Vivid Niltava,taxon,Niltava vivida,Vivid Niltava,2492653,birdnet,SPECIES,species,EXACT
3914,Ninox boobook_Southern Boobook,taxon,Ninox boobook,Southern Boobook,2497828,birdnet,SPECIES,species,EXACT
3915,Ninox connivens_Barking Owl,taxon,Ninox connivens,Barking Owl,2497798,birdnet,SPECIES,species,EXACT
3916,Ninox ios_Cinnabar Boobook,taxon,Ninox ios,Cinnabar Boobook,2497791,birdnet,SPECIES,species,EXACT
3917,Ninox japonica_Northern Boobook,taxon,Ninox japonica,Northern Boobook,7340187,birdnet,SPECIES,species,EXACT
3918,Ninox novaeseelandiae_Morepork,taxon,Ninox novaeseelandiae,Morepork,2497817,birdnet,SPECIES,species,EXACT
3919,Ninox obscura_Hume's Boobook,taxon,Ninox obscura,Hume's Boobook,6101154,birdnet,SPECIES,species,EXACT
3920,Ninox philippensis_Luzon Boobook,taxon,Ninox philippensis,Luzon Boobook,2497853,birdnet,SPECIES,species,EXACT
3921,Ninox scutulata_Brown Boobook,taxon,Ninox scutulata,Brown Boobook,2497840,birdnet,SPECIES,species,EXACT
3922,Ninox strenua_Powerful Owl,taxon,Ninox strenua,Powerful Owl,2497827,birdnet,SPECIES,species,EXACT
3923,Ninox theomacha_Papuan Boobook,taxon,Ninox theomacha,Papuan Boobook,2497807,birdnet,SPECIES,species,EXACT
3924,Nisaetus cirrhatus_Changeable Hawk-Eagle,taxon,Nisaetus cirrhatus,Changeable Hawk-Eagle,5788501,birdnet,SPECIES,species,EXACT
3925,Nisaetus nanus_Wallace's Hawk-Eagle,taxon,Nisaetus nanus,Wallace's Hawk-Eagle,5788505,birdnet,SPECIES,species,EXACT
3926,Nisaetus nipalensis_Mountain Hawk-Eagle,taxon,Nisaetus nipalensis,Mountain Hawk-Eagle,5788503,birdnet,SPECIES,species,EXACT
3927,Noise_Noise,non_taxonomic,,Noise,,birdnet,,non_taxon,
3928,Nonnula brunnea_Brown Nunlet,taxon,Nonnula brunnea,Brown Nunlet,2475135,birdnet,SPECIES,species,EXACT
3929,Nonnula frontalis_Gray-cheeked Nunlet,taxon,Nonnula frontalis,Gray-cheeked Nunlet,2475136,birdnet,SPECIES,species,EXACT
3930,Nonnula rubecula_Rusty-breasted Nunlet,taxon,Nonnula rubecula,Rusty-breasted Nunlet,2475122,birdnet,SPECIES,species,EXACT
3931,Nonnula ruficapilla_Rufous-capped Nunlet,taxon,Nonnula ruficapilla,Rufous-capped Nunlet,2475130,birdnet,SPECIES,species,EXACT
3932,Northiella haematogaster_Greater Bluebonnet,taxon,Northiella haematogaster,Greater Bluebonnet,2479053,birdnet,SPECIES,species,EXACT
3933,Notharchus hyperrhynchus_White-necked Puffbird,taxon,Notharchus hyperrhynchus,White-necked Puffbird,7340220,birdnet,SPECIES,species,EXACT
3934,Notharchus macrorhynchos_Guianan Puffbird,taxon,Notharchus macrorhynchos,Guianan Puffbird,2475102,birdnet,SPECIES,species,EXACT
3935,Notharchus ordii_Brown-banded Puffbird,taxon,Notharchus ordii,Brown-banded Puffbird,2475107,birdnet,SPECIES,species,EXACT
3936,Notharchus pectoralis_Black-breasted Puffbird,taxon,Notharchus pectoralis,Black-breasted Puffbird,2475108,birdnet,SPECIES,species,EXACT
3937,Notharchus swainsoni_Buff-bellied Puffbird,taxon,Notharchus swainsoni,Buff-bellied Puffbird,2475096,birdnet,SPECIES,species,EXACT
3938,Notharchus tectus_Pied Puffbird,taxon,Notharchus tectus,Pied Puffbird,2475098,birdnet,SPECIES,species,EXACT
3939,Nothocercus bonapartei_Highland Tinamou,taxon,Nothocercus bonapartei,Highland Tinamou,2477473,birdnet,SPECIES,species,EXACT
3940,Nothocercus julius_Tawny-breasted Tinamou,taxon,Nothocercus julius,Tawny-breasted Tinamou,2477472,birdnet,SPECIES,species,EXACT
3941,Nothocercus nigrocapillus_Hooded Tinamou,taxon,Nothocercus nigrocapillus,Hooded Tinamou,2477469,birdnet,SPECIES,species,EXACT
3942,Nothocrax urumutum_Nocturnal Curassow,taxon,Nothocrax urumutum,Nocturnal Curassow,2482190,birdnet,SPECIES,species,EXACT
3943,Nothoprocta cinerascens_Brushland Tinamou,taxon,Nothoprocta cinerascens,Brushland Tinamou,2477593,birdnet,SPECIES,species,EXACT
3944,Nothoprocta ornata_Ornate Tinamou,taxon,Nothoprocta ornata,Ornate Tinamou,2477575,birdnet,SPECIES,species,EXACT
3945,Nothoprocta pentlandii_Andean Tinamou,taxon,Nothoprocta pentlandii,Andean Tinamou,2477584,birdnet,SPECIES,species,EXACT
3946,Nothoprocta perdicaria_Chilean Tinamou,taxon,Nothoprocta perdicaria,Chilean Tinamou,2477581,birdnet,SPECIES,species,EXACT
3947,Nothura boraquira_White-bellied Nothura,taxon,Nothura boraquira,White-bellied Nothura,2477599,birdnet,SPECIES,species,EXACT
3948,Nothura darwinii_Darwin's Nothura,taxon,Nothura darwinii,Darwin's Nothura,2477610,birdnet,SPECIES,species,EXACT
3949,Nothura maculosa_Spotted Nothura,taxon,Nothura maculosa,Spotted Nothura,2477600,birdnet,SPECIES,species,EXACT
3950,Notiomystis cincta_Stitchbird,taxon,Notiomystis cincta,Stitchbird,2486950,birdnet,SPECIES,species,EXACT
3951,Notopholia corusca_Black-bellied Starling,taxon,Notopholia corrusca,Black-bellied Starling,6100936,birdnet,SPECIES,species,VARIANT
3952,Nucifraga caryocatactes_Eurasian Nutcracker,taxon,Nucifraga caryocatactes,Eurasian Nutcracker,2482613,birdnet,SPECIES,species,EXACT
3953,Nucifraga columbiana_Clark's Nutcracker,taxon,Nucifraga columbiana,Clark's Nutcracker,2482614,birdnet,SPECIES,species,EXACT
3954,Numenius americanus_Long-billed Curlew,taxon,Numenius americanus,Long-billed Curlew,2481794,birdnet,SPECIES,species,EXACT
3955,Numenius arquata_Eurasian Curlew,taxon,Numenius arquata,Eurasian Curlew,2481792,birdnet,SPECIES,species,EXACT
3956,Numenius madagascariensis_Far Eastern Curlew,taxon,Numenius madagascariensis,Far Eastern Curlew,2481791,birdnet,SPECIES,species,EXACT
3957,Numenius minutus_Little Curlew,taxon,Numenius minutus,Little Curlew,2481782,birdnet,SPECIES,species,EXACT
3958,Numenius phaeopus_Whimbrel,taxon,Numenius phaeopus,Whimbrel,2481784,birdnet,SPECIES,species,EXACT
3959,Numenius tahitiensis_Bristle-thighed Curlew,taxon,Numenius tahitiensis,Bristle-thighed Curlew,2481790,birdnet,SPECIES,species,EXACT
3960,Numida meleagris_Helmeted Guineafowl,taxon,Numida meleagris,Helmeted Guineafowl,2473341,birdnet,SPECIES,species,EXACT
3961,Nyctanassa violacea_Yellow-crowned Night-Heron,taxon,Nyctanassa violacea,Yellow-crowned Night-Heron,2480953,birdnet,SPECIES,species,EXACT
3962,Nyctibius aethereus_Long-tailed Potoo,taxon,Nyctibius aethereus,Long-tailed Potoo,2496796,birdnet,SPECIES,species,EXACT
3963,Nyctibius bracteatus_Rufous Potoo,taxon,Nyctibius bracteatus,Rufous Potoo,2496804,birdnet,SPECIES,species,EXACT
3964,Nyctibius grandis_Great Potoo,taxon,Nyctibius grandis,Great Potoo,2496801,birdnet,SPECIES,species,EXACT
3965,Nyctibius griseus_Common Potoo,taxon,Nyctibius griseus,Common Potoo,2496811,birdnet,SPECIES,species,EXACT
3966,Nyctibius jamaicensis_Northern Potoo,taxon,Nyctibius jamaicensis,Northern Potoo,2496805,birdnet,SPECIES,species,EXACT
3967,Nyctibius leucopterus_White-winged Potoo,taxon,Nyctibius leucopterus,White-winged Potoo,2496814,birdnet,SPECIES,species,EXACT
3968,Nycticorax nycticorax_Black-crowned Night-Heron,taxon,Nycticorax nycticorax,Black-crowned Night-Heron,2480863,birdnet,SPECIES,species,EXACT
3969,Nyctidromus albicollis_Common Pauraque,taxon,Nyctidromus albicollis,Common Pauraque,2496990,birdnet,SPECIES,species,EXACT
3970,Nyctidromus anthonyi_Scrub Nightjar,taxon,Nyctidromus anthonyi,Scrub Nightjar,7988334,birdnet,SPECIES,species,EXACT
3971,Nyctiphrynus mcleodii_Eared Poorwill,taxon,Nyctiphrynus mcleodii,Eared Poorwill,2497002,birdnet,SPECIES,species,EXACT
3972,Nyctiphrynus ocellatus_Ocellated Poorwill,taxon,Nyctiphrynus ocellatus,Ocellated Poorwill,2497005,birdnet,SPECIES,species,EXACT
3973,Nyctiphrynus rosenbergi_Choco Poorwill,taxon,Nyctiphrynus rosenbergi,Choco Poorwill,2497009,birdnet,SPECIES,species,EXACT
3974,Nyctiphrynus yucatanicus_Yucatan Poorwill,taxon,Nyctiphrynus yucatanicus,Yucatan Poorwill,2497008,birdnet,SPECIES,species,EXACT
3975,Nyctipolus nigrescens_Blackish Nightjar,taxon,Nyctipolus nigrescens,Blackish Nightjar,7658073,birdnet,SPECIES,species,EXACT
3976,Nyctiprogne leucopyga_Band-tailed Nighthawk,taxon,Nyctiprogne leucopyga,Band-tailed Nighthawk,2496817,birdnet,SPECIES,species,EXACT
3977,Nyctyornis amictus_Red-bearded Bee-eater,taxon,Nyctyornis amictus,Red-bearded Bee-eater,2475461,birdnet,SPECIES,species,EXACT
3978,Nyctyornis athertoni_Blue-bearded Bee-eater,taxon,Nyctyornis athertoni,Blue-bearded Bee-eater,2475458,birdnet,SPECIES,species,EXACT
3979,Nymphicus hollandicus_Cockatiel,taxon,Nymphicus hollandicus,Cockatiel,2479977,birdnet,SPECIES,species,EXACT
3980,Nystalus chacuru_White-eared Puffbird,taxon,Nystalus chacuru,White-eared Puffbird,2475192,birdnet,SPECIES,species,EXACT
3981,Nystalus maculatus_Spot-backed Puffbird,taxon,Nystalus maculatus,Spot-backed Puffbird,2475195,birdnet,SPECIES,species,EXACT
3982,Nystalus obamai_Western Striolated-Puffbird,taxon,Nystalus obamai,Western Striolated-Puffbird,8223154,birdnet,SPECIES,species,EXACT
3983,Nystalus radiatus_Barred Puffbird,taxon,Nystalus radiatus,Barred Puffbird,2475200,birdnet,SPECIES,species,EXACT
3984,Nystalus striolatus_Eastern Striolated-Puffbird,taxon,Nystalus striolatus,Eastern Striolated-Puffbird,2475201,birdnet,SPECIES,species,EXACT
3985,Ochetorhynchus andaecola_Rock Earthcreeper,taxon,Ochetorhynchus andaecola,Rock Earthcreeper,5788782,birdnet,SPECIES,species,EXACT
3986,Ochetorhynchus melanurus_Crag Chilia,taxon,Ochetorhynchus melanurus,Crag Chilia,7341332,birdnet,SPECIES,species,EXACT
3987,Ochetorhynchus phoenicurus_Band-tailed Earthcreeper,taxon,Ochetorhynchus phoenicurus,Band-tailed Earthcreeper,5788781,birdnet,SPECIES,species,EXACT
3988,Ochetorhynchus ruficaudus_Straight-billed Earthcreeper,taxon,Ochetorhynchus ruficaudus,Straight-billed Earthcreeper,2485186,birdnet,SPECIES,species,EXACT
3989,Ochthoeca cinnamomeiventris_Slaty-backed Chat-Tyrant,taxon,Ochthoeca cinnamomeiventris,Slaty-backed Chat-Tyrant,2483152,birdnet,SPECIES,species,EXACT
3990,Ochthoeca diadema_Yellow-bellied Chat-Tyrant,taxon,Ochthoeca diadema,Yellow-bellied Chat-Tyrant,2483172,birdnet,SPECIES,species,EXACT
3991,Ochthoeca frontalis_Crowned Chat-Tyrant,taxon,Ochthoeca frontalis,Crowned Chat-Tyrant,2483194,birdnet,SPECIES,species,EXACT
3992,Ochthoeca fumicolor_Brown-backed Chat-Tyrant,taxon,Ochthoeca fumicolor,Brown-backed Chat-Tyrant,9597316,birdnet,SPECIES,species,EXACT
3993,Ochthoeca jelskii_Jelski's Chat-Tyrant,taxon,Ochthoeca jelskii,Jelski's Chat-Tyrant,2483188,birdnet,SPECIES,species,EXACT
3994,Ochthoeca leucophrys_White-browed Chat-Tyrant,taxon,Ochthoeca leucophrys,White-browed Chat-Tyrant,2483165,birdnet,SPECIES,species,EXACT
3995,Ochthoeca oenanthoides_d'Orbigny's Chat-Tyrant,taxon,Ochthoeca oenanthoides,d'Orbigny's Chat-Tyrant,2483149,birdnet,SPECIES,species,EXACT
3996,Ochthoeca pulchella_Golden-browed Chat-Tyrant,taxon,Ochthoeca pulchella,Golden-browed Chat-Tyrant,2483190,birdnet,SPECIES,species,EXACT
3997,Ochthoeca rufipectoralis_Rufous-breasted Chat-Tyrant,taxon,Ochthoeca rufipectoralis,Rufous-breasted Chat-Tyrant,2483157,birdnet,SPECIES,species,EXACT
3998,Ochthornis littoralis_Drab Water Tyrant,taxon,Ochthornis littoralis,Drab Water Tyrant,2483664,birdnet,SPECIES,species,EXACT
3999,Ocreatus underwoodii_Booted Racket-tail,taxon,Ocreatus underwoodii,Booted Racket-tail,2476351,birdnet,SPECIES,species,EXACT
4000,Ocyceros birostris_Indian Gray Hornbill,taxon,Ocyceros birostris,Indian Gray Hornbill,2475923,birdnet,SPECIES,species,EXACT
4001,Ocyceros gingalensis_Sri Lanka Gray Hornbill,taxon,Ocyceros gingalensis,Sri Lanka Gray Hornbill,2475925,birdnet,SPECIES,species,EXACT
4002,Ocyceros griseus_Malabar Gray Hornbill,taxon,Ocyceros griseus,Malabar Gray Hornbill,2475924,birdnet,SPECIES,species,EXACT
4003,Ocyphaps lophotes_Crested Pigeon,taxon,Ocyphaps lophotes,Crested Pigeon,2495190,birdnet,SPECIES,species,EXACT
4004,Odocoileus virginianus_White-tailed Deer,taxon,Odocoileus virginianus,White-tailed Deer,2440965,birdnet,SPECIES,species,EXACT
4005,Odontophorus atrifrons_Black-fronted Wood-Quail,taxon,Odontophorus atrifrons,Black-fronted Wood-Quail,5228053,birdnet,SPECIES,species,EXACT
4006,Odontophorus balliviani_Stripe-faced Wood-Quail,taxon,Odontophorus balliviani,Stripe-faced Wood-Quail,5228039,birdnet,SPECIES,species,EXACT
4007,Odontophorus capueira_Spot-winged Wood-Quail,taxon,Odontophorus capueira,Spot-winged Wood-Quail,5228044,birdnet,SPECIES,species,EXACT
4008,Odontophorus columbianus_Venezuelan Wood-Quail,taxon,Odontophorus columbianus,Venezuelan Wood-Quail,5228057,birdnet,SPECIES,species,EXACT
4009,Odontophorus erythrops_Rufous-fronted Wood-Quail,taxon,Odontophorus erythrops,Rufous-fronted Wood-Quail,5228045,birdnet,SPECIES,species,EXACT
4010,Odontophorus gujanensis_Marbled Wood-Quail,taxon,Odontophorus gujanensis,Marbled Wood-Quail,5228058,birdnet,SPECIES,species,EXACT
4011,Odontophorus guttatus_Spotted Wood-Quail,taxon,Odontophorus guttatus,Spotted Wood-Quail,5228048,birdnet,SPECIES,species,EXACT
4012,Odontophorus hyperythrus_Chestnut Wood-Quail,taxon,Odontophorus hyperythrus,Chestnut Wood-Quail,5228067,birdnet,SPECIES,species,EXACT
4013,Odontophorus leucolaemus_Black-breasted Wood-Quail,taxon,Odontophorus leucolaemus,Black-breasted Wood-Quail,5228042,birdnet,SPECIES,species,EXACT
4014,Odontophorus melanonotus_Dark-backed Wood-Quail,taxon,Odontophorus melanonotus,Dark-backed Wood-Quail,5228049,birdnet,SPECIES,species,EXACT
4015,Odontophorus melanotis_Black-eared Wood-Quail,taxon,Odontophorus melanotis,Black-eared Wood-Quail,5228050,birdnet,SPECIES,species,EXACT
4016,Odontophorus speciosus_Rufous-breasted Wood-Quail,taxon,Odontophorus speciosus,Rufous-breasted Wood-Quail,5228035,birdnet,SPECIES,species,EXACT
4017,Odontophorus stellatus_Starred Wood-Quail,taxon,Odontophorus stellatus,Starred Wood-Quail,5228043,birdnet,SPECIES,species,EXACT
4018,Odontophorus strophium_Gorgeted Wood-Quail,taxon,Odontophorus strophium,Gorgeted Wood-Quail,5228041,birdnet,SPECIES,species,EXACT
4019,Odontorchilus branickii_Gray-mantled Wren,taxon,Odontorchilus branickii,Gray-mantled Wren,2493953,birdnet,SPECIES,species,EXACT
4020,Odontorchilus cinereus_Tooth-billed Wren,taxon,Odontorchilus cinereus,Tooth-billed Wren,2493954,birdnet,SPECIES,species,EXACT
4021,Oecanthus celerinictus_Fast-calling Tree Cricket,taxon,Oecanthus celerinictus,Fast-calling Tree Cricket,1721002,birdnet,SPECIES,species,EXACT
4022,Oecanthus exclamationis_Davis's Tree Cricket,taxon,Oecanthus exclamationis,Davis's Tree Cricket,1720928,birdnet,SPECIES,species,EXACT
4023,Oecanthus fultoni_Snowy Tree Cricket,taxon,Oecanthus fultoni,Snowy Tree Cricket,1720949,birdnet,SPECIES,species,EXACT
4024,Oecanthus nigricornis_Blackhorned Tree Cricket,taxon,Oecanthus nigricornis,Blackhorned Tree Cricket,1720996,birdnet,SPECIES,species,EXACT
4025,Oecanthus niveus_Narrow-winged Tree Cricket,taxon,Oecanthus niveus,Narrow-winged Tree Cricket,1720916,birdnet,SPECIES,species,EXACT
4026,Oecanthus pini_Pine Tree Cricket,taxon,Oecanthus pini,Pine Tree Cricket,1720929,birdnet,SPECIES,species,EXACT
4027,Oecanthus quadripunctatus_Four-spotted Tree Cricket,taxon,Oecanthus quadripunctatus,Four-spotted Tree Cricket,1720986,birdnet,SPECIES,species,EXACT
4028,Oena capensis_Namaqua Dove,taxon,Oena capensis,Namaqua Dove,2495342,birdnet,SPECIES,species,EXACT
4029,Oenanthe deserti_Desert Wheatear,taxon,Oenanthe deserti,Desert Wheatear,5231244,birdnet,SPECIES,species,EXACT
4030,Oenanthe familiaris_Familiar Chat,taxon,Oenanthe familiaris,Familiar Chat,6100849,birdnet,SPECIES,species,EXACT
4031,Oenanthe fusca_Brown Rock Chat,taxon,Oenanthe fusca,Brown Rock Chat,6100845,birdnet,SPECIES,species,EXACT
4032,Oenanthe hispanica_Western Black-eared Wheatear,taxon,Oenanthe hispanica,Western Black-eared Wheatear,5231235,birdnet,SPECIES,species,EXACT
4033,Oenanthe isabellina_Isabelline Wheatear,taxon,Oenanthe isabellina,Isabelline Wheatear,5231245,birdnet,SPECIES,species,EXACT
4034,Oenanthe leucopyga_White-crowned Wheatear,taxon,Oenanthe leucopyga,White-crowned Wheatear,5231253,birdnet,SPECIES,species,EXACT
4035,Oenanthe leucura_Black Wheatear,taxon,Oenanthe leucura,Black Wheatear,5231236,birdnet,SPECIES,species,EXACT
4036,Oenanthe melanoleuca_Eastern Black-eared Wheatear,taxon,Oenanthe melanoleuca,Eastern Black-eared Wheatear,5788869,birdnet,SPECIES,species,EXACT
4037,Oenanthe melanura_Blackstart,taxon,Oenanthe melanura,Blackstart,6100847,birdnet,SPECIES,species,EXACT
4038,Oenanthe oenanthe_Northern Wheatear,taxon,Oenanthe oenanthe,Northern Wheatear,5231240,birdnet,SPECIES,species,EXACT
4039,Oenanthe pileata_Capped Wheatear,taxon,Oenanthe pileata,Capped Wheatear,5231249,birdnet,SPECIES,species,EXACT
4040,Oenanthe pleschanka_Pied Wheatear,taxon,Oenanthe pleschanka,Pied Wheatear,5231233,birdnet,SPECIES,species,EXACT
4041,Oenanthe scotocerca_Brown-tailed Chat,taxon,Oenanthe scotocerca,Brown-tailed Chat,6100848,birdnet,SPECIES,species,EXACT
4042,Ognorhynchus icterotis_Yellow-eared Parrot,taxon,Ognorhynchus icterotis,Yellow-eared Parrot,2480100,birdnet,SPECIES,species,EXACT
4043,Oncostoma cinereigulare_Northern Bentbill,taxon,Oncostoma cinereigulare,Northern Bentbill,5229773,birdnet,SPECIES,species,EXACT
4044,Oncostoma olivaceum_Southern Bentbill,taxon,Oncostoma olivaceum,Southern Bentbill,5229772,birdnet,SPECIES,species,EXACT
4045,Oneillornis lunulatus_Lunulated Antbird,taxon,Oneillornis lunulatus,Lunulated Antbird,9646466,birdnet,SPECIES,species,EXACT
4046,Oneillornis salvini_White-throated Antbird,taxon,Oneillornis salvini,White-throated Antbird,9778666,birdnet,SPECIES,species,EXACT
4047,Onychognathus morio_Red-winged Starling,taxon,Onychognathus morio,Red-winged Starling,5230739,birdnet,SPECIES,species,EXACT
4048,Onychognathus nabouroup_Pale-winged Starling,taxon,Onychognathus nabouroup,Pale-winged Starling,5230735,birdnet,SPECIES,species,EXACT
4049,Onychognathus tenuirostris_Slender-billed Starling,taxon,Onychognathus tenuirostris,Slender-billed Starling,5230738,birdnet,SPECIES,species,EXACT
4050,Onychognathus tristramii_Tristram's Starling,taxon,Onychognathus tristramii,Tristram's Starling,5230734,birdnet,SPECIES,species,EXACT
4051,Onychognathus walleri_Waller's Starling,taxon,Onychognathus walleri,Waller's Starling,5230740,birdnet,SPECIES,species,EXACT
4052,Onychoprion aleuticus_Aleutian Tern,taxon,Onychoprion aleuticus,Aleutian Tern,5789282,birdnet,SPECIES,species,EXACT
4053,Onychoprion anaethetus_Bridled Tern,taxon,Onychoprion anaethetus,Bridled Tern,5789286,birdnet,SPECIES,species,EXACT
4054,Onychoprion fuscatus_Sooty Tern,taxon,Onychoprion fuscatus,Sooty Tern,5789284,birdnet,SPECIES,species,EXACT
4055,Onychoprion lunatus_Gray-backed Tern,taxon,Onychoprion lunatus,Gray-backed Tern,5789278,birdnet,SPECIES,species,EXACT
4056,Onychorhynchus coronatus_Royal Flycatcher,taxon,Onychorhynchus coronatus,Royal Flycatcher,2483680,birdnet,SPECIES,species,EXACT
4057,Opisthocomus hoazin_Hoatzin,taxon,Opisthocomus hoazin,Hoatzin,2496202,birdnet,SPECIES,species,EXACT
4058,Oporornis agilis_Connecticut Warbler,taxon,Oporornis agilis,Connecticut Warbler,2489611,birdnet,SPECIES,species,EXACT
4059,Orchelimum agile_Agile Meadow Katydid,taxon,Orchelimum agile,Agile Meadow Katydid,1693657,birdnet,SPECIES,species,EXACT
4060,Orchelimum concinnum_Stripe-faced Meadow Katydid,taxon,Orchelimum concinnum,Stripe-faced Meadow Katydid,1693718,birdnet,SPECIES,species,EXACT
4061,Orchelimum pulchellum_Handsome Meadow Katydid,taxon,Orchelimum pulchellum,Handsome Meadow Katydid,1693707,birdnet,SPECIES,species,EXACT
4062,Orchesticus abeillei_Brown Tanager,taxon,Orchesticus abeillei,Brown Tanager,5230602,birdnet,SPECIES,species,EXACT
4063,Oreocharis arfaki_Tit Berrypecker,taxon,Oreocharis arfaki,Tit Berrypecker,5229504,birdnet,SPECIES,species,EXACT
4064,Oreoica gutturalis_Crested Bellbird,taxon,Oreoica gutturalis,Crested Bellbird,5229497,birdnet,SPECIES,species,EXACT
4065,Oreolais pulcher_Black-collared Apalis,taxon,Oreolais pulcher,Black-collared Apalis,6100911,birdnet,SPECIES,species,EXACT
4066,Oreolais ruwenzorii_Rwenzori Apalis,taxon,Oreolais ruwenzorii,Rwenzori Apalis,5788674,birdnet,SPECIES,species,EXACT
4067,Oreomystis bairdi_Akikiki,taxon,Oreomystis bairdi,Akikiki,2494355,birdnet,SPECIES,species,EXACT
4068,Oreophasis derbianus_Horned Guan,taxon,Oreophasis derbianus,Horned Guan,2482289,birdnet,SPECIES,species,EXACT
4069,Oreopholus ruficollis_Tawny-throated Dotterel,taxon,Oreopholus ruficollis,Tawny-throated Dotterel,2480254,birdnet,SPECIES,species,EXACT
4070,Oreopsar bolivianus_Bolivian Blackbird,taxon,Oreopsar bolivianus,Bolivian Blackbird,2484487,birdnet,SPECIES,species,EXACT
4071,Oreortyx pictus_Mountain Quail,taxon,Oreortyx pictus,Mountain Quail,2474320,birdnet,SPECIES,species,EXACT
4072,Oreoscoptes montanus_Sage Thrasher,taxon,Oreoscoptes montanus,Sage Thrasher,2494973,birdnet,SPECIES,species,EXACT
4073,Oreoscopus gutturalis_Fernwren,taxon,Oreoscopus gutturalis,Fernwren,5230416,birdnet,SPECIES,species,EXACT
4074,Oreothlypis gutturalis_Flame-throated Warbler,taxon,Oreothlypis gutturalis,Flame-throated Warbler,6093769,birdnet,SPECIES,species,EXACT
4075,Oreothlypis superciliosa_Crescent-chested Warbler,taxon,Oreothlypis superciliosa,Crescent-chested Warbler,7342019,birdnet,SPECIES,species,EXACT
4076,Oreothraupis arremonops_Tanager Finch,taxon,Oreothraupis arremonops,Tanager Finch,2492007,birdnet,SPECIES,species,EXACT
4077,Oreotrochilus estella_Andean Hillstar,taxon,Oreotrochilus estella,Andean Hillstar,2476686,birdnet,SPECIES,species,EXACT
4078,Oressochen jubatus_Orinoco Goose,taxon,Oressochen jubatus,Orinoco Goose,7373023,birdnet,SPECIES,species,EXACT
4079,Oressochen melanopterus_Andean Goose,taxon,Oressochen melanopterus,Andean Goose,8138522,birdnet,SPECIES,species,EXACT
4080,Oriolus auratus_African Golden Oriole,taxon,Oriolus auratus,African Golden Oriole,2488960,birdnet,SPECIES,species,EXACT
4081,Oriolus brachyrynchus_Western Black-headed Oriole,taxon,Oriolus brachyrynchus,Western Black-headed Oriole,6101018,birdnet,SPECIES,species,EXACT
4082,Oriolus chinensis_Black-naped Oriole,taxon,Oriolus chinensis,Black-naped Oriole,9750846,birdnet,SPECIES,species,EXACT
4083,Oriolus chlorocephalus_Green-headed Oriole,taxon,Oriolus chlorocephalus,Green-headed Oriole,2488954,birdnet,SPECIES,species,EXACT
4084,Oriolus cruentus_Black-and-crimson Oriole,taxon,Oriolus cruentus,Black-and-crimson Oriole,2488964,birdnet,SPECIES,species,EXACT
4085,Oriolus flavocinctus_Green Oriole,taxon,Oriolus flavocinctus,Green Oriole,2488973,birdnet,SPECIES,species,EXACT
4086,Oriolus kundoo_Indian Golden Oriole,taxon,Oriolus kundoo,Indian Golden Oriole,9523325,birdnet,SPECIES,species,EXACT
4087,Oriolus larvatus_African Black-headed Oriole,taxon,Oriolus larvatus,African Black-headed Oriole,2488966,birdnet,SPECIES,species,EXACT
4088,Oriolus monacha_Ethiopian Black-headed Oriole,taxon,Oriolus monacha,Ethiopian Black-headed Oriole,2488967,birdnet,SPECIES,species,EXACT
4089,Oriolus nigripennis_Black-winged Oriole,taxon,Oriolus nigripennis,Black-winged Oriole,2488957,birdnet,SPECIES,species,EXACT
4090,Oriolus oriolus_Eurasian Golden Oriole,taxon,Oriolus oriolus,Eurasian Golden Oriole,2488949,birdnet,SPECIES,species,EXACT
4091,Oriolus percivali_Black-tailed Oriole,taxon,Oriolus percivali,Black-tailed Oriole,2488958,birdnet,SPECIES,species,EXACT
4092,Oriolus phaeochromus_Halmahera Oriole,taxon,Oriolus phaeochromus,Halmahera Oriole,2488950,birdnet,SPECIES,species,EXACT
4093,Oriolus sagittatus_Olive-backed Oriole,taxon,Oriolus sagittatus,Olive-backed Oriole,2488959,birdnet,SPECIES,species,EXACT
4094,Oriolus steerii_Philippine Oriole,taxon,Oriolus steerii,Philippine Oriole,2488951,birdnet,SPECIES,species,EXACT
4095,Oriolus szalayi_Brown Oriole,taxon,Oriolus szalayi,Brown Oriole,2488969,birdnet,SPECIES,species,EXACT
4096,Oriolus tenuirostris_Slender-billed Oriole,taxon,Oriolus tenuirostris,Slender-billed Oriole,2488961,birdnet,SPECIES,species,EXACT
4097,Oriolus traillii_Maroon Oriole,taxon,Oriolus traillii,Maroon Oriole,2488953,birdnet,SPECIES,species,EXACT
4098,Oriolus xanthonotus_Dark-throated Oriole,taxon,Oriolus xanthonotus,Dark-throated Oriole,2488971,birdnet,SPECIES,species,EXACT
4099,Oriolus xanthornus_Black-hooded Oriole,taxon,Oriolus xanthornus,Black-hooded Oriole,2488963,birdnet,SPECIES,species,EXACT
4100,Oriturus superciliosus_Striped Sparrow,taxon,Oriturus superciliosus,Striped Sparrow,2491901,birdnet,SPECIES,species,EXACT
4101,Ornithion brunneicapillus_Brown-capped Tyrannulet,taxon,Ornithion brunneicapillus,Brown-capped Tyrannulet,2483382,birdnet,SPECIES,species,EXACT
4102,Ornithion inerme_White-lored Tyrannulet,taxon,Ornithion inerme,White-lored Tyrannulet,2483380,birdnet,SPECIES,species,EXACT
4103,Ornithion semiflavum_Yellow-bellied Tyrannulet,taxon,Ornithion semiflavum,Yellow-bellied Tyrannulet,2483381,birdnet,SPECIES,species,EXACT
4104,Orocharis saltator_Jumping Bush Cricket,taxon,Orocharis saltator,Jumping Bush Cricket,1722962,birdnet,SPECIES,species,EXACT
4105,Orochelidon flavipes_Pale-footed Swallow,taxon,Orochelidon flavipes,Pale-footed Swallow,6086696,birdnet,SPECIES,species,EXACT
4106,Orochelidon murina_Brown-bellied Swallow,taxon,Orochelidon murina,Brown-bellied Swallow,7340421,birdnet,SPECIES,species,EXACT
4107,Ortalis araucuan_East Brazilian Chachalaca,taxon,Ortalis araucuan,East Brazilian Chachalaca,5229455,birdnet,SPECIES,species,EXACT
4108,Ortalis canicollis_Chaco Chachalaca,taxon,Ortalis canicollis,Chaco Chachalaca,5229443,birdnet,SPECIES,species,EXACT
4109,Ortalis cinereiceps_Gray-headed Chachalaca,taxon,Ortalis cinereiceps,Gray-headed Chachalaca,5229450,birdnet,SPECIES,species,EXACT
4110,Ortalis columbiana_Colombian Chachalaca,taxon,Ortalis columbiana,Colombian Chachalaca,5229460,birdnet,SPECIES,species,EXACT
4111,Ortalis erythroptera_Rufous-headed Chachalaca,taxon,Ortalis erythroptera,Rufous-headed Chachalaca,5229435,birdnet,SPECIES,species,EXACT
4112,Ortalis garrula_Chestnut-winged Chachalaca,taxon,Ortalis garrula,Chestnut-winged Chachalaca,5229446,birdnet,SPECIES,species,EXACT
4113,Ortalis guttata_Speckled Chachalaca,taxon,Animalia,Speckled Chachalaca,1,birdnet,KINGDOM,kingdom,HIGHERRANK
4114,Ortalis leucogastra_White-bellied Chachalaca,taxon,Ortalis leucogastra,White-bellied Chachalaca,5229440,birdnet,SPECIES,species,EXACT
4115,Ortalis motmot_Variable Chachalaca,taxon,Ortalis motmot,Variable Chachalaca,5229436,birdnet,SPECIES,species,EXACT
4116,Ortalis poliocephala_West Mexican Chachalaca,taxon,Ortalis poliocephala,West Mexican Chachalaca,5229451,birdnet,SPECIES,species,EXACT
4117,Ortalis ruficauda_Rufous-vented Chachalaca,taxon,Ortalis ruficauda,Rufous-vented Chachalaca,5229447,birdnet,SPECIES,species,EXACT
4118,Ortalis squamata_Scaled Chachalaca,taxon,Ortalis squamata,Scaled Chachalaca,5229457,birdnet,SPECIES,species,EXACT
4119,Ortalis vetula_Plain Chachalaca,taxon,Ortalis vetula,Plain Chachalaca,5229429,birdnet,SPECIES,species,EXACT
4120,Ortalis wagleri_Rufous-bellied Chachalaca,taxon,Ortalis wagleri,Rufous-bellied Chachalaca,5229452,birdnet,SPECIES,species,EXACT
4121,Orthogonys chloricterus_Olive-green Tanager,taxon,Orthogonys chloricterus,Olive-green Tanager,2488373,birdnet,SPECIES,species,EXACT
4122,Orthonyx novaeguineae_Papuan Logrunner,taxon,Orthonyx novaeguineae,Papuan Logrunner,7341223,birdnet,SPECIES,species,EXACT
4123,Orthonyx spaldingii_Chowchilla,taxon,Orthonyx spaldingii,Chowchilla,2490708,birdnet,SPECIES,species,EXACT
4124,Orthonyx temminckii_Australian Logrunner,taxon,Orthonyx temminckii,Australian Logrunner,2490707,birdnet,SPECIES,species,EXACT
4125,Orthopsittaca manilatus_Red-bellied Macaw,taxon,Orthopsittaca manilata,Red-bellied Macaw,2479446,birdnet,SPECIES,species,VARIANT
4126,Orthotomus atrogularis_Dark-necked Tailorbird,taxon,Orthotomus atrogularis,Dark-necked Tailorbird,2493033,birdnet,SPECIES,species,EXACT
4127,Orthotomus chaktomuk_Cambodian Tailorbird,taxon,Orthotomus chaktomuk,Cambodian Tailorbird,7801171,birdnet,SPECIES,species,EXACT
4128,Orthotomus chloronotus_Green-backed Tailorbird,taxon,Orthotomus chloronotus,Green-backed Tailorbird,7891102,birdnet,SPECIES,species,EXACT
4129,Orthotomus derbianus_Gray-backed Tailorbird,taxon,Orthotomus derbianus,Gray-backed Tailorbird,2493029,birdnet,SPECIES,species,EXACT
4130,Orthotomus frontalis_Rufous-fronted Tailorbird,taxon,Orthotomus frontalis,Rufous-fronted Tailorbird,2493035,birdnet,SPECIES,species,EXACT
4131,Orthotomus nigriceps_White-browed Tailorbird,taxon,Orthotomus nigriceps,White-browed Tailorbird,2493027,birdnet,SPECIES,species,EXACT
4132,Orthotomus ruficeps_Ashy Tailorbird,taxon,Orthotomus ruficeps,Ashy Tailorbird,2493031,birdnet,SPECIES,species,EXACT
4133,Orthotomus sepium_Olive-backed Tailorbird,taxon,Orthotomus sepium,Olive-backed Tailorbird,2493032,birdnet,SPECIES,species,EXACT
4134,Orthotomus sericeus_Rufous-tailed Tailorbird,taxon,Orthotomus sericeus,Rufous-tailed Tailorbird,2493038,birdnet,SPECIES,species,EXACT
4135,Orthotomus sutorius_Common Tailorbird,taxon,Orthotomus sutorius,Common Tailorbird,2493028,birdnet,SPECIES,species,EXACT
4136,Ortygornis pondicerianus_Gray Francolin,taxon,Ortygornis pondicerianus,Gray Francolin,11273070,birdnet,SPECIES,species,EXACT
4137,Ortygornis sephaena_Crested Francolin,taxon,Ortygornis sephaena,Crested Francolin,11366957,birdnet,SPECIES,species,EXACT
4138,Ortygospiza atricollis_Quailfinch,taxon,Ortygospiza atricollis,Quailfinch,2493711,birdnet,SPECIES,species,EXACT
4139,Otidiphaps nobilis_Pheasant Pigeon,taxon,Otidiphaps nobilis,Pheasant Pigeon,2495924,birdnet,SPECIES,species,EXACT
4140,Otocichla mupinensis_Chinese Thrush,taxon,Otocichla mupinensis,Chinese Thrush,11019737,birdnet,SPECIES,species,EXACT
4141,Otus bakkamoena_Indian Scops-Owl,taxon,Otus bakkamoena,Indian Scops-Owl,5232251,birdnet,SPECIES,species,EXACT
4142,Otus cyprius_Cyprus Scops-Owl,taxon,Otus cyprius,Cyprus Scops-Owl,9103006,birdnet,SPECIES,species,EXACT
4143,Otus elegans_Ryukyu Scops-Owl,taxon,Otus elegans,Ryukyu Scops-Owl,5232245,birdnet,SPECIES,species,EXACT
4144,Otus lempiji_Sunda Scops-Owl,taxon,Otus lempiji,Sunda Scops-Owl,7340194,birdnet,SPECIES,species,EXACT
4145,Otus lettia_Collared Scops-Owl,taxon,Otus lettia,Collared Scops-Owl,7340196,birdnet,SPECIES,species,EXACT
4146,Otus madagascariensis_Torotoroka Scops-Owl,taxon,Otus madagascariensis,Torotoroka Scops-Owl,5232286,birdnet,SPECIES,species,EXACT
4147,Otus magicus_Moluccan Scops-Owl,taxon,Otus magicus,Moluccan Scops-Owl,5232293,birdnet,SPECIES,species,EXACT
4148,Otus manadensis_Sulawesi Scops-Owl,taxon,Otus manadensis,Sulawesi Scops-Owl,5232327,birdnet,SPECIES,species,EXACT
4149,Otus mantananensis_Mantanani Scops-Owl,taxon,Otus mantananensis,Mantanani Scops-Owl,5232344,birdnet,SPECIES,species,EXACT
4150,Otus pamelae_Arabian Scops-Owl,taxon,Otus pamelae,Arabian Scops-Owl,7597831,birdnet,SPECIES,species,EXACT
4151,Otus rufescens_Reddish Scops-Owl,taxon,Otus rufescens,Reddish Scops-Owl,5232308,birdnet,SPECIES,species,EXACT
4152,Otus rutilus_Madagascar Scops-Owl,taxon,Otus rutilus,Madagascar Scops-Owl,5232267,birdnet,SPECIES,species,EXACT
4153,Otus sagittatus_White-fronted Scops-Owl,taxon,Otus sagittatus,White-fronted Scops-Owl,5232350,birdnet,SPECIES,species,EXACT
4154,Otus scops_Eurasian Scops-Owl,taxon,Otus scops,Eurasian Scops-Owl,2497701,birdnet,SPECIES,species,EXACT
4155,Otus semitorques_Japanese Scops-Owl,taxon,Otus semitorques,Japanese Scops-Owl,7340190,birdnet,SPECIES,species,EXACT
4156,Otus senegalensis_African Scops-Owl,taxon,Otus senegalensis,African Scops-Owl,5232311,birdnet,SPECIES,species,EXACT
4157,Otus spilocephalus_Mountain Scops-Owl,taxon,Otus spilocephalus,Mountain Scops-Owl,5232316,birdnet,SPECIES,species,EXACT
4158,Otus sunia_Oriental Scops-Owl,taxon,Otus sunia,Oriental Scops-Owl,5232328,birdnet,SPECIES,species,EXACT
4159,Oxylabes madagascariensis_White-throated Oxylabes,taxon,Oxylabes madagascariensis,White-throated Oxylabes,2493568,birdnet,SPECIES,species,EXACT
4160,Oxyruncus cristatus_Sharpbill,taxon,Oxyruncus cristatus,Sharpbill,2486438,birdnet,SPECIES,species,EXACT
4161,Oxyura ferruginea_Andean Duck,taxon,Oxyura ferruginea,Andean Duck,5232468,birdnet,SPECIES,species,EXACT
4162,Oxyura jamaicensis_Ruddy Duck,taxon,Oxyura jamaicensis,Ruddy Duck,2498305,birdnet,SPECIES,species,EXACT
4163,Pachycare flavogriseum_Goldenface,taxon,Pachycare flavogriseum,Goldenface,7342003,birdnet,SPECIES,species,EXACT
4164,Pachycephala chlorura_Vanuatu Whistler,taxon,Pachycephala chlorura,Vanuatu Whistler,7629241,birdnet,SPECIES,species,EXACT
4165,Pachycephala cinerea_Mangrove Whistler,taxon,Pachycephala cinerea,Mangrove Whistler,6093626,birdnet,SPECIES,species,EXACT
4166,Pachycephala flavifrons_Samoan Whistler,taxon,Pachycephala flavifrons,Samoan Whistler,5959178,birdnet,SPECIES,species,EXACT
4167,Pachycephala fuliginosa_Western Whistler,taxon,Pachycephala fuliginosa,Western Whistler,7528260,birdnet,SPECIES,species,EXACT
4168,Pachycephala fulvotincta_Rusty-breasted Whistler,taxon,Pachycephala fulvotincta,Rusty-breasted Whistler,9363385,birdnet,SPECIES,species,EXACT
4169,Pachycephala griseonota_Drab Whistler,taxon,Pachycephala griseonota,Drab Whistler,9425005,birdnet,SPECIES,species,EXACT
4170,Pachycephala homeyeri_White-vented Whistler,taxon,Pachycephala homeyeri,White-vented Whistler,5959170,birdnet,SPECIES,species,EXACT
4171,Pachycephala hypoxantha_Bornean Whistler,taxon,Pachycephala hypoxantha,Bornean Whistler,5959182,birdnet,SPECIES,species,EXACT
4172,Pachycephala inornata_Gilbert's Whistler,taxon,Pachycephala inornata,Gilbert's Whistler,5959161,birdnet,SPECIES,species,EXACT
4173,Pachycephala lanioides_White-breasted Whistler,taxon,Pachycephala lanioides,White-breasted Whistler,5959173,birdnet,SPECIES,species,EXACT
4174,Pachycephala macrorhyncha_Yellow-throated Whistler,taxon,Pachycephala macrorhyncha,Yellow-throated Whistler,6100861,birdnet,SPECIES,species,EXACT
4175,Pachycephala mentalis_Black-chinned Whistler,taxon,Pachycephala mentalis,Black-chinned Whistler,6100858,birdnet,SPECIES,species,EXACT
4176,Pachycephala nudigula_Bare-throated Whistler,taxon,Pachycephala nudigula,Bare-throated Whistler,5959186,birdnet,SPECIES,species,EXACT
4177,Pachycephala olivacea_Olive Whistler,taxon,Pachycephala olivacea,Olive Whistler,5959175,birdnet,SPECIES,species,EXACT
4178,Pachycephala orioloides_Oriole Whistler,taxon,Pachycephala orioloides,Oriole Whistler,6100859,birdnet,SPECIES,species,EXACT
4179,Pachycephala pectoralis_Golden Whistler,taxon,Pachycephala pectoralis,Golden Whistler,5959188,birdnet,SPECIES,species,EXACT
4180,Pachycephala philippinensis_Yellow-bellied Whistler,taxon,Pachycephala philippinensis,Yellow-bellied Whistler,5959167,birdnet,SPECIES,species,EXACT
4181,Pachycephala rufiventris_Rufous Whistler,taxon,Pachycephala rufiventris,Rufous Whistler,5959190,birdnet,SPECIES,species,EXACT
4182,Pachycephala schlegelii_Regent Whistler,taxon,Pachycephala schlegelii,Regent Whistler,5959169,birdnet,SPECIES,species,EXACT
4183,Pachycephala simplex_Gray Whistler,taxon,Pachycephala simplex,Gray Whistler,5959192,birdnet,SPECIES,species,EXACT
4184,Pachycephala soror_Sclater's Whistler,taxon,Pachycephala soror,Sclater's Whistler,5959181,birdnet,SPECIES,species,EXACT
4185,Pachycephala sulfuriventer_Sulphur-bellied Whistler,taxon,Pachycephala sulfuriventer,Sulphur-bellied Whistler,5959171,birdnet,SPECIES,species,EXACT
4186,Pachycephala vitiensis_Fiji Whistler,taxon,Pachycephala vitiensis,Fiji Whistler,9376049,birdnet,SPECIES,species,EXACT
4187,Pachyphantes superciliosus_Compact Weaver,taxon,Pachyphantes superciliosus,Compact Weaver,2494104,birdnet,SPECIES,species,EXACT
4188,Pachyramphus aglaiae_Rose-throated Becard,taxon,Pachyramphus aglaiae,Rose-throated Becard,5230329,birdnet,SPECIES,species,EXACT
4189,Pachyramphus albogriseus_Black-and-white Becard,taxon,Pachyramphus albogriseus,Black-and-white Becard,5230352,birdnet,SPECIES,species,EXACT
4190,Pachyramphus castaneus_Chestnut-crowned Becard,taxon,Pachyramphus castaneus,Chestnut-crowned Becard,5230306,birdnet,SPECIES,species,EXACT
4191,Pachyramphus cinnamomeus_Cinnamon Becard,taxon,Pachyramphus cinnamomeus,Cinnamon Becard,5230338,birdnet,SPECIES,species,EXACT
4192,Pachyramphus homochrous_One-colored Becard,taxon,Pachyramphus homochrous,One-colored Becard,5230358,birdnet,SPECIES,species,EXACT
4193,Pachyramphus major_Gray-collared Becard,taxon,Pachyramphus major,Gray-collared Becard,5230312,birdnet,SPECIES,species,EXACT
4194,Pachyramphus marginatus_Black-capped Becard,taxon,Pachyramphus marginatus,Black-capped Becard,5230343,birdnet,SPECIES,species,EXACT
4195,Pachyramphus minor_Pink-throated Becard,taxon,Pachyramphus minor,Pink-throated Becard,5230362,birdnet,SPECIES,species,EXACT
4196,Pachyramphus niger_Jamaican Becard,taxon,Pachyramphus niger,Jamaican Becard,5230346,birdnet,SPECIES,species,EXACT
4197,Pachyramphus polychopterus_White-winged Becard,taxon,Pachyramphus polychopterus,White-winged Becard,5230363,birdnet,SPECIES,species,EXACT
4198,Pachyramphus rufus_Cinereous Becard,taxon,Pachyramphus rufus,Cinereous Becard,5230318,birdnet,SPECIES,species,EXACT
4199,Pachyramphus surinamus_Glossy-backed Becard,taxon,Pachyramphus surinamus,Glossy-backed Becard,5230372,birdnet,SPECIES,species,EXACT
4200,Pachyramphus validus_Crested Becard,taxon,Pachyramphus validus,Crested Becard,5230321,birdnet,SPECIES,species,EXACT
4201,Pachyramphus versicolor_Barred Becard,taxon,Pachyramphus versicolor,Barred Becard,5230348,birdnet,SPECIES,species,EXACT
4202,Pachyramphus viridis_Green-backed Becard,taxon,Pachyramphus viridis,Green-backed Becard,5230324,birdnet,SPECIES,species,EXACT
4203,Pachysylvia aurantiifrons_Golden-fronted Greenlet,taxon,Pachysylvia aurantiifrons,Golden-fronted Greenlet,7787690,birdnet,SPECIES,species,EXACT
4204,Pachysylvia decurtata_Lesser Greenlet,taxon,Pachysylvia decurtata,Lesser Greenlet,7623200,birdnet,SPECIES,species,EXACT
4205,Pachysylvia hypoxantha_Dusky-capped Greenlet,taxon,Pachysylvia hypoxantha,Dusky-capped Greenlet,7997843,birdnet,SPECIES,species,EXACT
4206,Pachysylvia muscicapina_Buff-cheeked Greenlet,taxon,Pachysylvia muscicapina,Buff-cheeked Greenlet,8058105,birdnet,SPECIES,species,EXACT
4207,Pachysylvia semibrunnea_Rufous-naped Greenlet,taxon,Pachysylvia semibrunnea,Rufous-naped Greenlet,7971774,birdnet,SPECIES,species,EXACT
4208,Padda oryzivora_Java Sparrow,taxon,Padda oryzivora,Java Sparrow,2493591,birdnet,SPECIES,species,EXACT
4209,Palmeria dolei_Akohekohe,taxon,Palmeria dolei,Akohekohe,5231622,birdnet,SPECIES,species,EXACT
4210,Pampa curvipennis_Wedge-tailed Sabrewing,taxon,Pampa curvipennis,Wedge-tailed Sabrewing,10972295,birdnet,SPECIES,species,EXACT
4211,Pandion haliaetus_Osprey,taxon,Pandion haliaetus,Osprey,2480726,birdnet,SPECIES,species,EXACT
4212,Panterpe insignis_Fiery-throated Hummingbird,taxon,Panterpe insignis,Fiery-throated Hummingbird,2476164,birdnet,SPECIES,species,EXACT
4213,Panurus biarmicus_Bearded Reedling,taxon,Panurus biarmicus,Bearded Reedling,2493367,birdnet,SPECIES,species,EXACT
4214,Panyptila sanctihieronymi_Great Swallow-tailed Swift,taxon,Panyptila sanctihieronymi,Great Swallow-tailed Swift,2477136,birdnet,SPECIES,species,EXACT
4215,Parabuteo leucorrhous_White-rumped Hawk,taxon,Parabuteo leucorrhous,White-rumped Hawk,7982966,birdnet,SPECIES,species,EXACT
4216,Parabuteo unicinctus_Harris's Hawk,taxon,Parabuteo unicinctus,Harris's Hawk,2480410,birdnet,SPECIES,species,EXACT
4217,Paraclaravis mondetoura_Maroon-chested Ground Dove,taxon,Paraclaravis mondetoura,Maroon-chested Ground Dove,11100322,birdnet,SPECIES,species,EXACT
4218,Paradisaea minor_Lesser Bird-of-Paradise,taxon,Paradisaea minor,Lesser Bird-of-Paradise,2494859,birdnet,SPECIES,species,EXACT
4219,Paradisaea rubra_Red Bird-of-Paradise,taxon,Paradisaea rubra,Red Bird-of-Paradise,2494858,birdnet,SPECIES,species,EXACT
4220,Paradoxornis flavirostris_Black-breasted Parrotbill,taxon,Paradoxornis flavirostris,Black-breasted Parrotbill,2493520,birdnet,SPECIES,species,EXACT
4221,Paradoxornis guttaticollis_Spot-breasted Parrotbill,taxon,Paradoxornis guttaticollis,Spot-breasted Parrotbill,2493528,birdnet,SPECIES,species,EXACT
4222,Pardalotus punctatus_Spotted Pardalote,taxon,Pardalotus punctatus,Spotted Pardalote,2486622,birdnet,SPECIES,species,EXACT
4223,Pardalotus rubricatus_Red-browed Pardalote,taxon,Pardalotus rubricatus,Red-browed Pardalote,2486623,birdnet,SPECIES,species,EXACT
4224,Pardalotus striatus_Striated Pardalote,taxon,Pardalotus striatus,Striated Pardalote,2486621,birdnet,SPECIES,species,EXACT
4225,Pardirallus maculatus_Spotted Rail,taxon,Pardirallus maculatus,Spotted Rail,2474711,birdnet,SPECIES,species,EXACT
4226,Pardirallus nigricans_Blackish Rail,taxon,Pardirallus nigricans,Blackish Rail,2474707,birdnet,SPECIES,species,EXACT
4227,Pardirallus sanguinolentus_Plumbeous Rail,taxon,Pardirallus sanguinolentus,Plumbeous Rail,2474715,birdnet,SPECIES,species,EXACT
4228,Parkerthraustes humeralis_Yellow-shouldered Grosbeak,taxon,Parkerthraustes humeralis,Yellow-shouldered Grosbeak,2490506,birdnet,SPECIES,species,EXACT
4229,Parkesia motacilla_Louisiana Waterthrush,taxon,Parkesia motacilla,Louisiana Waterthrush,6093862,birdnet,SPECIES,species,EXACT
4230,Parkesia noveboracensis_Northern Waterthrush,taxon,Parkesia noveboracensis,Northern Waterthrush,6093856,birdnet,SPECIES,species,EXACT
4231,Paroaria capitata_Yellow-billed Cardinal,taxon,Paroaria capitata,Yellow-billed Cardinal,2492087,birdnet,SPECIES,species,EXACT
4232,Paroaria coronata_Red-crested Cardinal,taxon,Paroaria coronata,Red-crested Cardinal,2492081,birdnet,SPECIES,species,EXACT
4233,Paroaria dominicana_Red-cowled Cardinal,taxon,Paroaria dominicana,Red-cowled Cardinal,2492086,birdnet,SPECIES,species,EXACT
4234,Paroaria gularis_Red-capped Cardinal,taxon,Paroaria gularis,Red-capped Cardinal,2492082,birdnet,SPECIES,species,EXACT
4235,Paroreomyza montana_Maui Alauahio,taxon,Paroreomyza montana,Maui Alauahio,2494582,birdnet,SPECIES,species,EXACT
4236,Parus cinereus_Cinereous Tit,taxon,Parus cinereus,Cinereous Tit,6101070,birdnet,SPECIES,species,EXACT
4237,Parus major_Great Tit,taxon,Parus major,Great Tit,9705453,birdnet,SPECIES,species,EXACT
4238,Parus minor_Japanese Tit,taxon,Parus minor,Japanese Tit,5844847,birdnet,SPECIES,species,EXACT
4239,Parus monticolus_Green-backed Tit,taxon,Parus monticolus,Green-backed Tit,2487935,birdnet,SPECIES,species,EXACT
4240,Parvipsitta porphyrocephala_Purple-crowned Lorikeet,taxon,Parvipsitta porphyrocephala,Purple-crowned Lorikeet,9143066,birdnet,SPECIES,species,EXACT
4241,Parvipsitta pusilla_Little Lorikeet,taxon,Parvipsitta pusilla,Little Lorikeet,8754747,birdnet,SPECIES,species,EXACT
4242,Passer ammodendri_Saxaul Sparrow,taxon,Passer ammodendri,Saxaul Sparrow,5231206,birdnet,SPECIES,species,EXACT
4243,Passer cinnamomeus_Russet Sparrow,taxon,Passer cinnamomeus,Russet Sparrow,9773911,birdnet,SPECIES,species,EXACT
4244,Passer diffusus_Southern Gray-headed Sparrow,taxon,Passer diffusus,Southern Gray-headed Sparrow,7341262,birdnet,SPECIES,species,EXACT
4245,Passer domesticus_House Sparrow,taxon,Passer domesticus,House Sparrow,5231190,birdnet,SPECIES,species,EXACT
4246,Passer flaveolus_Plain-backed Sparrow,taxon,Passer flaveolus,Plain-backed Sparrow,5231201,birdnet,SPECIES,species,EXACT
4247,Passer griseus_Northern Gray-headed Sparrow,taxon,Passer griseus,Northern Gray-headed Sparrow,5231193,birdnet,SPECIES,species,EXACT
4248,Passer hispaniolensis_Spanish Sparrow,taxon,Passer hispaniolensis,Spanish Sparrow,5231209,birdnet,SPECIES,species,EXACT
4249,Passer italiae_Italian Sparrow,taxon,Passer italiae,Italian Sparrow,8426551,birdnet,SPECIES,species,EXACT
4250,Passer melanurus_Cape Sparrow,taxon,Passer melanurus,Cape Sparrow,5231195,birdnet,SPECIES,species,EXACT
4251,Passer moabiticus_Dead Sea Sparrow,taxon,Passer moabiticus,Dead Sea Sparrow,5231203,birdnet,SPECIES,species,EXACT
4252,Passer montanus_Eurasian Tree Sparrow,taxon,Passer montanus,Eurasian Tree Sparrow,5231198,birdnet,SPECIES,species,EXACT
4253,Passer pyrrhonotus_Sind Sparrow,taxon,Passer pyrrhonotus,Sind Sparrow,5231204,birdnet,SPECIES,species,EXACT
4254,Passer rufocinctus_Kenya Rufous Sparrow,taxon,Passer rufocinctus,Kenya Rufous Sparrow,5231211,birdnet,SPECIES,species,EXACT
4255,Passer simplex_Desert Sparrow,taxon,Passer simplex,Desert Sparrow,5231205,birdnet,SPECIES,species,EXACT
4256,Passer swainsonii_Swainson's Sparrow,taxon,Passer swainsonii,Swainson's Sparrow,5231212,birdnet,SPECIES,species,EXACT
4257,Passerculus sandwichensis_Savannah Sparrow,taxon,Passerculus sandwichensis,Savannah Sparrow,5231142,birdnet,SPECIES,species,EXACT
4258,Passerella iliaca_Fox Sparrow,taxon,Passerella iliaca,Fox Sparrow,2491872,birdnet,SPECIES,species,EXACT
4259,Passerina amoena_Lazuli Bunting,taxon,Passerina amoena,Lazuli Bunting,5230861,birdnet,SPECIES,species,EXACT
4260,Passerina caerulea_Blue Grosbeak,taxon,Passerina caerulea,Blue Grosbeak,5230862,birdnet,SPECIES,species,EXACT
4261,Passerina ciris_Painted Bunting,taxon,Passerina ciris,Painted Bunting,5230852,birdnet,SPECIES,species,EXACT
4262,Passerina cyanea_Indigo Bunting,taxon,Passerina cyanea,Indigo Bunting,2490327,birdnet,SPECIES,species,EXACT
4263,Passerina leclancherii_Orange-breasted Bunting,taxon,Passerina leclancherii,Orange-breasted Bunting,5230870,birdnet,SPECIES,species,EXACT
4264,Passerina rositae_Rose-bellied Bunting,taxon,Passerina rositae,Rose-bellied Bunting,5230860,birdnet,SPECIES,species,EXACT
4265,Passerina versicolor_Varied Bunting,taxon,Passerina versicolor,Varied Bunting,5230855,birdnet,SPECIES,species,EXACT
4266,Pastor roseus_Rosy Starling,taxon,Pastor roseus,Rosy Starling,5845386,birdnet,SPECIES,species,EXACT
4267,Patagioenas araucana_Chilean Pigeon,taxon,Patagioenas araucana,Chilean Pigeon,2495293,birdnet,SPECIES,species,EXACT
4268,Patagioenas cayennensis_Pale-vented Pigeon,taxon,Patagioenas cayennensis,Pale-vented Pigeon,2495295,birdnet,SPECIES,species,EXACT
4269,Patagioenas corensis_Bare-eyed Pigeon,taxon,Patagioenas corensis,Bare-eyed Pigeon,2495331,birdnet,SPECIES,species,EXACT
4270,Patagioenas fasciata_Band-tailed Pigeon,taxon,Patagioenas fasciata,Band-tailed Pigeon,2495266,birdnet,SPECIES,species,EXACT
4271,Patagioenas flavirostris_Red-billed Pigeon,taxon,Patagioenas flavirostris,Red-billed Pigeon,2495303,birdnet,SPECIES,species,EXACT
4272,Patagioenas goodsoni_Dusky Pigeon,taxon,Patagioenas goodsoni,Dusky Pigeon,2495333,birdnet,SPECIES,species,EXACT
4273,Patagioenas leucocephala_White-crowned Pigeon,taxon,Patagioenas leucocephala,White-crowned Pigeon,2495310,birdnet,SPECIES,species,EXACT
4274,Patagioenas maculosa_Spot-winged Pigeon,taxon,Patagioenas maculosa,Spot-winged Pigeon,2495335,birdnet,SPECIES,species,EXACT
4275,Patagioenas nigrirostris_Short-billed Pigeon,taxon,Patagioenas nigrirostris,Short-billed Pigeon,2495284,birdnet,SPECIES,species,EXACT
4276,Patagioenas picazuro_Picazuro Pigeon,taxon,Patagioenas picazuro,Picazuro Pigeon,2495287,birdnet,SPECIES,species,EXACT
4277,Patagioenas plumbea_Plumbeous Pigeon,taxon,Patagioenas plumbea,Plumbeous Pigeon,2495314,birdnet,SPECIES,species,EXACT
4278,Patagioenas speciosa_Scaled Pigeon,taxon,Patagioenas speciosa,Scaled Pigeon,2495339,birdnet,SPECIES,species,EXACT
4279,Patagioenas squamosa_Scaly-naped Pigeon,taxon,Patagioenas squamosa,Scaly-naped Pigeon,2495291,birdnet,SPECIES,species,EXACT
4280,Patagioenas subvinacea_Ruddy Pigeon,taxon,Patagioenas subvinacea,Ruddy Pigeon,2495321,birdnet,SPECIES,species,EXACT
4281,Patagona gigas_Giant Hummingbird,taxon,Patagona gigas,Giant Hummingbird,2476964,birdnet,SPECIES,species,EXACT
4282,Pauxi pauxi_Helmeted Curassow,taxon,Pauxi pauxi,Helmeted Curassow,2482271,birdnet,SPECIES,species,EXACT
4283,Pavo cristatus_Indian Peafowl,taxon,Pavo cristatus,Indian Peafowl,9451184,birdnet,SPECIES,species,EXACT
4284,Pelargopsis amauroptera_Brown-winged Kingfisher,taxon,Pelargopsis amauroptera,Brown-winged Kingfisher,5228415,birdnet,SPECIES,species,EXACT
4285,Pelargopsis capensis_Stork-billed Kingfisher,taxon,Pelargopsis capensis,Stork-billed Kingfisher,5228417,birdnet,SPECIES,species,EXACT
4286,Pelecanus conspicillatus_Australian Pelican,taxon,Pelecanus conspicillatus,Australian Pelican,5229156,birdnet,SPECIES,species,EXACT
4287,Pelecanus erythrorhynchos_American White Pelican,taxon,Pelecanus erythrorhynchos,American White Pelican,5229155,birdnet,SPECIES,species,EXACT
4288,Pelecanus occidentalis_Brown Pelican,taxon,Pelecanus occidentalis,Brown Pelican,5229158,birdnet,SPECIES,species,EXACT
4289,Pellorneum albiventre_Spot-throated Babbler,taxon,Pellorneum albiventre,Spot-throated Babbler,2493250,birdnet,SPECIES,species,EXACT
4290,Pellorneum bicolor_Ferruginous Babbler,taxon,Pellorneum bicolor,Ferruginous Babbler,7885735,birdnet,SPECIES,species,EXACT
4291,Pellorneum capistratum_Black-capped Babbler,taxon,Pellorneum capistratum,Black-capped Babbler,2493252,birdnet,SPECIES,species,EXACT
4292,Pellorneum celebense_Sulawesi Babbler,taxon,Pellorneum celebense,Sulawesi Babbler,8042677,birdnet,SPECIES,species,EXACT
4293,Pellorneum fuscocapillus_Brown-capped Babbler,taxon,Pellorneum fuscocapillus,Brown-capped Babbler,7341116,birdnet,SPECIES,species,EXACT
4294,Pellorneum malaccense_Short-tailed Babbler,taxon,Pellorneum malaccense,Short-tailed Babbler,7608728,birdnet,SPECIES,species,EXACT
4295,Pellorneum palustre_Marsh Babbler,taxon,Pellorneum palustre,Marsh Babbler,2493254,birdnet,SPECIES,species,EXACT
4296,Pellorneum pyrrogenys_Temminck's Babbler,taxon,Pellorneum pyrrogenys,Temminck's Babbler,2493251,birdnet,SPECIES,species,EXACT
4297,Pellorneum rostratum_White-chested Babbler,taxon,Pellorneum rostratum,White-chested Babbler,7891543,birdnet,SPECIES,species,EXACT
4298,Pellorneum ruficeps_Puff-throated Babbler,taxon,Pellorneum ruficeps,Puff-throated Babbler,2493248,birdnet,SPECIES,species,EXACT
4299,Pellorneum tickelli_Buff-breasted Babbler,taxon,Pellorneum tickelli,Buff-breasted Babbler,2493253,birdnet,SPECIES,species,EXACT
4300,Peltops montanus_Mountain Peltops,taxon,Peltops montanus,Mountain Peltops,2489436,birdnet,SPECIES,species,EXACT
4301,Penelope albipennis_White-winged Guan,taxon,Penelope albipennis,White-winged Guan,2482192,birdnet,SPECIES,species,EXACT
4302,Penelope argyrotis_Band-tailed Guan,taxon,Penelope argyrotis,Band-tailed Guan,2482208,birdnet,SPECIES,species,EXACT
4303,Penelope barbata_Bearded Guan,taxon,Penelope barbata,Bearded Guan,2482218,birdnet,SPECIES,species,EXACT
4304,Penelope dabbenei_Red-faced Guan,taxon,Penelope dabbenei,Red-faced Guan,2482219,birdnet,SPECIES,species,EXACT
4305,Penelope jacquacu_Spix's Guan,taxon,Penelope jacquacu,Spix's Guan,9462558,birdnet,SPECIES,species,EXACT
4306,Penelope marail_Marail Guan,taxon,Penelope marail,Marail Guan,2482220,birdnet,SPECIES,species,EXACT
4307,Penelope montagnii_Andean Guan,taxon,Penelope montagnii,Andean Guan,2482198,birdnet,SPECIES,species,EXACT
4308,Penelope obscura_Dusky-legged Guan,taxon,Penelope obscura,Dusky-legged Guan,2482212,birdnet,SPECIES,species,EXACT
4309,Penelope perspicax_Cauca Guan,taxon,Penelope perspicax,Cauca Guan,2482224,birdnet,SPECIES,species,EXACT
4310,Penelope purpurascens_Crested Guan,taxon,Penelope purpurascens,Crested Guan,2482225,birdnet,SPECIES,species,EXACT
4311,Penelope superciliaris_Rusty-margined Guan,taxon,Penelope superciliaris,Rusty-margined Guan,2482204,birdnet,SPECIES,species,EXACT
4312,Penelopides affinis_Mindanao Hornbill,taxon,Penelopides affinis,Mindanao Hornbill,2476014,birdnet,SPECIES,species,EXACT
4313,Penelopina nigra_Highland Guan,taxon,Penelopina nigra,Highland Guan,2482286,birdnet,SPECIES,species,EXACT
4314,Peneothello cyanus_Blue-gray Robin,taxon,Peneothello cyanus,Blue-gray Robin,2489309,birdnet,SPECIES,species,EXACT
4315,Peneothello sigillata_White-winged Robin,taxon,Peneothello sigillata,White-winged Robin,7341204,birdnet,SPECIES,species,EXACT
4316,Percnostola arenarum_Allpahuayo Antbird,taxon,Percnostola arenarum,Allpahuayo Antbird,5788628,birdnet,SPECIES,species,EXACT
4317,Percnostola rufifrons_Black-headed Antbird,taxon,Percnostola rufifrons,Black-headed Antbird,2490116,birdnet,SPECIES,species,EXACT
4318,Perdicula argoondah_Rock Bush-Quail,taxon,Perdicula argoondah,Rock Bush-Quail,2473365,birdnet,SPECIES,species,EXACT
4319,Perdicula asiatica_Jungle Bush-Quail,taxon,Perdicula asiatica,Jungle Bush-Quail,2473356,birdnet,SPECIES,species,EXACT
4320,Perdicula erythrorhyncha_Painted Bush-Quail,taxon,Perdicula erythrorhyncha,Painted Bush-Quail,2473362,birdnet,SPECIES,species,EXACT
4321,Perdix perdix_Gray Partridge,taxon,Perdix perdix,Gray Partridge,2473958,birdnet,SPECIES,species,EXACT
4322,Pericrocotus cantonensis_Brown-rumped Minivet,taxon,Pericrocotus cantonensis,Brown-rumped Minivet,2486817,birdnet,SPECIES,species,EXACT
4323,Pericrocotus cinnamomeus_Small Minivet,taxon,Pericrocotus cinnamomeus,Small Minivet,2486822,birdnet,SPECIES,species,EXACT
4324,Pericrocotus divaricatus_Ashy Minivet,taxon,Pericrocotus divaricatus,Ashy Minivet,2486818,birdnet,SPECIES,species,EXACT
4325,Pericrocotus erythropygius_White-bellied Minivet,taxon,Pericrocotus erythropygius,White-bellied Minivet,2486823,birdnet,SPECIES,species,EXACT
4326,Pericrocotus ethologus_Long-tailed Minivet,taxon,Pericrocotus ethologus,Long-tailed Minivet,2486813,birdnet,SPECIES,species,EXACT
4327,Pericrocotus flammeus_Orange Minivet,taxon,Pericrocotus flammeus,Orange Minivet,2486819,birdnet,SPECIES,species,EXACT
4328,Pericrocotus solaris_Gray-chinned Minivet,taxon,Pericrocotus solaris,Gray-chinned Minivet,9351286,birdnet,SPECIES,species,EXACT
4329,Pericrocotus speciosus_Scarlet Minivet,taxon,Pericrocotus speciosus,Scarlet Minivet,6101031,birdnet,SPECIES,species,EXACT
4330,Pericrocotus tegimae_Ryukyu Minivet,taxon,Pericrocotus tegimae,Ryukyu Minivet,2486816,birdnet,SPECIES,species,EXACT
4331,Periparus ater_Coal Tit,taxon,Periparus ater,Coal Tit,2487871,birdnet,SPECIES,species,EXACT
4332,Periparus elegans_Elegant Tit,taxon,Periparus elegans,Elegant Tit,2487869,birdnet,SPECIES,species,EXACT
4333,Periparus rubidiventris_Rufous-vented Tit,taxon,Periparus rubidiventris,Rufous-vented Tit,2487870,birdnet,SPECIES,species,EXACT
4334,Periparus rufonuchalis_Rufous-naped Tit,taxon,Periparus rufonuchalis,Rufous-naped Tit,2487868,birdnet,SPECIES,species,EXACT
4335,Periparus venustulus_Yellow-bellied Tit,taxon,Periparus venustulus,Yellow-bellied Tit,2487872,birdnet,SPECIES,species,EXACT
4336,Periporphyrus erythromelas_Red-and-black Grosbeak,taxon,Periporphyrus erythromelas,Red-and-black Grosbeak,2490483,birdnet,SPECIES,species,EXACT
4337,Perisoreus canadensis_Canada Jay,taxon,Perisoreus canadensis,Canada Jay,2482436,birdnet,SPECIES,species,EXACT
4338,Perisoreus infaustus_Siberian Jay,taxon,Perisoreus infaustus,Siberian Jay,2482449,birdnet,SPECIES,species,EXACT
4339,Perissocephalus tricolor_Capuchinbird,taxon,Perissocephalus tricolor,Capuchinbird,2486342,birdnet,SPECIES,species,EXACT
4340,Pernis apivorus_European Honey-buzzard,taxon,Pernis apivorus,European Honey-buzzard,2480420,birdnet,SPECIES,species,EXACT
4341,Pernis ptilorhynchus_Oriental Honey-buzzard,taxon,Pernis ptilorhynchus,Oriental Honey-buzzard,5793241,birdnet,SPECIES,species,EXACT
4342,Petrochelidon ariel_Fairy Martin,taxon,Petrochelidon ariel,Fairy Martin,4846800,birdnet,SPECIES,species,EXACT
4343,Petrochelidon fluvicola_Streak-throated Swallow,taxon,Petrochelidon fluvicola,Streak-throated Swallow,5846407,birdnet,SPECIES,species,EXACT
4344,Petrochelidon fulva_Cave Swallow,taxon,Petrochelidon fulva,Cave Swallow,2489166,birdnet,SPECIES,species,EXACT
4345,Petrochelidon nigricans_Tree Martin,taxon,Petrochelidon nigricans,Tree Martin,6094910,birdnet,SPECIES,species,EXACT
4346,Petrochelidon pyrrhonota_Cliff Swallow,taxon,Petrochelidon pyrrhonota,Cliff Swallow,2489169,birdnet,SPECIES,species,EXACT
4347,Petrochelidon spilodera_South African Swallow,taxon,Petrochelidon spilodera,South African Swallow,5846402,birdnet,SPECIES,species,EXACT
4348,Petroica australis_South Island Robin,taxon,Petroica australis,South Island Robin,2489323,birdnet,SPECIES,species,EXACT
4349,Petroica boodang_Scarlet Robin,taxon,Petroica boodang,Scarlet Robin,7341308,birdnet,SPECIES,species,EXACT
4350,Petroica goodenovii_Red-capped Robin,taxon,Petroica goodenovii,Red-capped Robin,2489322,birdnet,SPECIES,species,EXACT
4351,Petroica longipes_North Island Robin,taxon,Petroica longipes,North Island Robin,8947256,birdnet,SPECIES,species,EXACT
4352,Petroica macrocephala_Tomtit,taxon,Petroica macrocephala,Tomtit,2489318,birdnet,SPECIES,species,EXACT
4353,Petroica phoenicea_Flame Robin,taxon,Petroica phoenicea,Flame Robin,2489321,birdnet,SPECIES,species,EXACT
4354,Petroica pusilla_Pacific Robin,taxon,Petroica pusilla,Pacific Robin,7372189,birdnet,SPECIES,species,EXACT
4355,Petroica rodinogaster_Pink Robin,taxon,Petroica rodinogaster,Pink Robin,2489314,birdnet,SPECIES,species,EXACT
4356,Petroica rosea_Rose Robin,taxon,Petroica rosea,Rose Robin,2489320,birdnet,SPECIES,species,EXACT
4357,Petronia petronia_Rock Sparrow,taxon,Petronia petronia,Rock Sparrow,2492350,birdnet,SPECIES,species,EXACT
4358,Peucaea aestivalis_Bachman's Sparrow,taxon,Peucaea aestivalis,Bachman's Sparrow,7341544,birdnet,SPECIES,species,EXACT
4359,Peucaea botterii_Botteri's Sparrow,taxon,Peucaea botterii,Botteri's Sparrow,7341548,birdnet,SPECIES,species,EXACT
4360,Peucaea carpalis_Rufous-winged Sparrow,taxon,Peucaea carpalis,Rufous-winged Sparrow,7341576,birdnet,SPECIES,species,EXACT
4361,Peucaea cassinii_Cassin's Sparrow,taxon,Peucaea cassinii,Cassin's Sparrow,6091692,birdnet,SPECIES,species,EXACT
4362,Peucaea humeralis_Black-chested Sparrow,taxon,Peucaea humeralis,Black-chested Sparrow,6091785,birdnet,SPECIES,species,EXACT
4363,Peucaea mystacalis_Bridled Sparrow,taxon,Peucaea mystacalis,Bridled Sparrow,6091774,birdnet,SPECIES,species,EXACT
4364,Peucaea ruficauda_Stripe-headed Sparrow,taxon,Peucaea ruficauda,Stripe-headed Sparrow,7341569,birdnet,SPECIES,species,EXACT
4365,Peucaea sumichrasti_Cinnamon-tailed Sparrow,taxon,Peucaea sumichrasti,Cinnamon-tailed Sparrow,6091860,birdnet,SPECIES,species,EXACT
4366,Peucedramus taeniatus_Olive Warbler,taxon,Peucedramus taeniatus,Olive Warbler,2492276,birdnet,SPECIES,species,EXACT
4367,Pezopetes capitalis_Large-footed Finch,taxon,Pezopetes capitalis,Large-footed Finch,2491746,birdnet,SPECIES,species,EXACT
4368,Pezoporus wallicus_Ground Parrot,taxon,Pezoporus wallicus,Ground Parrot,2479462,birdnet,SPECIES,species,EXACT
4369,Phacellodomus dorsalis_Chestnut-backed Thornbird,taxon,Phacellodomus dorsalis,Chestnut-backed Thornbird,2485137,birdnet,SPECIES,species,EXACT
4370,Phacellodomus erythrophthalmus_Orange-eyed Thornbird,taxon,Phacellodomus erythrophthalmus,Orange-eyed Thornbird,2485120,birdnet,SPECIES,species,EXACT
4371,Phacellodomus ferrugineigula_Orange-breasted Thornbird,taxon,Phacellodomus ferrugineigula,Orange-breasted Thornbird,5788795,birdnet,SPECIES,species,EXACT
4372,Phacellodomus maculipectus_Spot-breasted Thornbird,taxon,Phacellodomus maculipectus,Spot-breasted Thornbird,5788796,birdnet,SPECIES,species,EXACT
4373,Phacellodomus ruber_Greater Thornbird,taxon,Phacellodomus ruber,Greater Thornbird,2485136,birdnet,SPECIES,species,EXACT
4374,Phacellodomus rufifrons_Rufous-fronted Thornbird,taxon,Phacellodomus rufifrons,Rufous-fronted Thornbird,2485126,birdnet,SPECIES,species,EXACT
4375,Phacellodomus sibilatrix_Little Thornbird,taxon,Phacellodomus sibilatrix,Little Thornbird,2485119,birdnet,SPECIES,species,EXACT
4376,Phacellodomus striaticeps_Streak-fronted Thornbird,taxon,Phacellodomus striaticeps,Streak-fronted Thornbird,2485133,birdnet,SPECIES,species,EXACT
4377,Phacellodomus striaticollis_Freckle-breasted Thornbird,taxon,Phacellodomus striaticollis,Freckle-breasted Thornbird,2485123,birdnet,SPECIES,species,EXACT
4378,Phaenicophaeus sumatranus_Chestnut-bellied Malkoha,taxon,Phaenicophaeus sumatranus,Chestnut-bellied Malkoha,2496378,birdnet,SPECIES,species,EXACT
4379,Phaenicophaeus tristis_Green-billed Malkoha,taxon,Phaenicophaeus tristis,Green-billed Malkoha,2496372,birdnet,SPECIES,species,EXACT
4380,Phaenicophaeus viridirostris_Blue-faced Malkoha,taxon,Phaenicophaeus viridirostris,Blue-faced Malkoha,2496380,birdnet,SPECIES,species,EXACT
4381,Phaenicophilus palmarum_Black-crowned Palm-Tanager,taxon,Phaenicophilus palmarum,Black-crowned Palm-Tanager,2488594,birdnet,SPECIES,species,EXACT
4382,Phaenostictus mcleannani_Ocellated Antbird,taxon,Phaenostictus mcleannani,Ocellated Antbird,2490166,birdnet,SPECIES,species,EXACT
4383,Phaeochroa cuvierii_Scaly-breasted Hummingbird,taxon,Phaeochroa cuvierii,Scaly-breasted Hummingbird,2476178,birdnet,SPECIES,species,EXACT
4384,Phaeomyias murina_Mouse-colored Tyrannulet,taxon,Phaeomyias murina,Mouse-colored Tyrannulet,2484076,birdnet,SPECIES,species,EXACT
4385,Phaethon aethereus_Red-billed Tropicbird,taxon,Phaethon aethereus,Red-billed Tropicbird,9743996,birdnet,SPECIES,species,EXACT
4386,Phaethon lepturus_White-tailed Tropicbird,taxon,Phaethon lepturus,White-tailed Tropicbird,2481364,birdnet,SPECIES,species,EXACT
4387,Phaethon rubricauda_Red-tailed Tropicbird,taxon,Phaethon rubricauda,Red-tailed Tropicbird,2481361,birdnet,SPECIES,species,EXACT
4388,Phaethornis atrimentalis_Black-throated Hermit,taxon,Phaethornis atrimentalis,Black-throated Hermit,2476632,birdnet,SPECIES,species,EXACT
4389,Phaethornis bourcieri_Straight-billed Hermit,taxon,Phaethornis bourcieri,Straight-billed Hermit,2476576,birdnet,SPECIES,species,EXACT
4390,Phaethornis eurynome_Scale-throated Hermit,taxon,Phaethornis eurynome,Scale-throated Hermit,2476592,birdnet,SPECIES,species,EXACT
4391,Phaethornis griseogularis_Gray-chinned Hermit,taxon,Phaethornis griseogularis,Gray-chinned Hermit,2476584,birdnet,SPECIES,species,EXACT
4392,Phaethornis guy_Green Hermit,taxon,Phaethornis guy,Green Hermit,2476607,birdnet,SPECIES,species,EXACT
4393,Phaethornis hispidus_White-bearded Hermit,taxon,Phaethornis hispidus,White-bearded Hermit,2476619,birdnet,SPECIES,species,EXACT
4394,Phaethornis longirostris_Long-billed Hermit,taxon,Phaethornis longirostris,Long-billed Hermit,2476621,birdnet,SPECIES,species,EXACT
4395,Phaethornis longuemareus_Little Hermit,taxon,Phaethornis longuemareus,Little Hermit,2476572,birdnet,SPECIES,species,EXACT
4396,Phaethornis malaris_Great-billed Hermit,taxon,Phaethornis malaris,Great-billed Hermit,2476612,birdnet,SPECIES,species,EXACT
4397,Phaethornis nattereri_Cinnamon-throated Hermit,taxon,Phaethornis nattereri,Cinnamon-throated Hermit,2476635,birdnet,SPECIES,species,EXACT
4398,Phaethornis pretrei_Planalto Hermit,taxon,Phaethornis pretrei,Planalto Hermit,2476599,birdnet,SPECIES,species,EXACT
4399,Phaethornis ruber_Reddish Hermit,taxon,Phaethornis ruber,Reddish Hermit,2476636,birdnet,SPECIES,species,EXACT
4400,Phaethornis rupurumii_Streak-throated Hermit,taxon,Phaethornis rupurumii,Streak-throated Hermit,2476580,birdnet,SPECIES,species,EXACT
4401,Phaethornis squalidus_Dusky-throated Hermit,taxon,Phaethornis squalidus,Dusky-throated Hermit,2476579,birdnet,SPECIES,species,EXACT
4402,Phaethornis striigularis_Stripe-throated Hermit,taxon,Phaethornis striigularis,Stripe-throated Hermit,2476600,birdnet,SPECIES,species,EXACT
4403,Phaethornis superciliosus_Long-tailed Hermit,taxon,Phaethornis superciliosus,Long-tailed Hermit,2476573,birdnet,SPECIES,species,EXACT
4404,Phaethornis syrmatophorus_Tawny-bellied Hermit,taxon,Phaethornis syrmatophorus,Tawny-bellied Hermit,2476589,birdnet,SPECIES,species,EXACT
4405,Phaethornis yaruqui_White-whiskered Hermit,taxon,Phaethornis yaruqui,White-whiskered Hermit,2476588,birdnet,SPECIES,species,EXACT
4406,Phaetusa simplex_Large-billed Tern,taxon,Phaetusa simplex,Large-billed Tern,5229213,birdnet,SPECIES,species,EXACT
4407,Phainopepla nitens_Phainopepla,taxon,Phainopepla nitens,Phainopepla,2492885,birdnet,SPECIES,species,EXACT
4408,Phalacrocorax carbo_Great Cormorant,taxon,Phalacrocorax carbo,Great Cormorant,2481890,birdnet,SPECIES,species,EXACT
4409,Phalaenoptilus nuttallii_Common Poorwill,taxon,Phalaenoptilus nuttallii,Common Poorwill,2497062,birdnet,SPECIES,species,EXACT
4410,Phalaropus fulicarius_Red Phalarope,taxon,Phalaropus fulicarius,Red Phalarope,5229390,birdnet,SPECIES,species,EXACT
4411,Phalaropus lobatus_Red-necked Phalarope,taxon,Phalaropus lobatus,Red-necked Phalarope,5739290,birdnet,SPECIES,species,EXACT
4412,Phalaropus tricolor_Wilson's Phalarope,taxon,Phalaropus tricolor,Wilson's Phalarope,5229389,birdnet,SPECIES,species,EXACT
4413,Phapitreron amethystinus_Amethyst Brown-Dove,taxon,Phapitreron amethystinus,Amethyst Brown-Dove,2496053,birdnet,SPECIES,species,EXACT
4414,Phapitreron leucotis_White-eared Brown-Dove,taxon,Phapitreron leucotis,White-eared Brown-Dove,2496048,birdnet,SPECIES,species,EXACT
4415,Phaps chalcoptera_Common Bronzewing,taxon,Phaps chalcoptera,Common Bronzewing,2495195,birdnet,SPECIES,species,EXACT
4416,Phaps elegans_Brush Bronzewing,taxon,Phaps elegans,Brush Bronzewing,2495197,birdnet,SPECIES,species,EXACT
4417,Pharomachrus antisianus_Crested Quetzal,taxon,Pharomachrus antisianus,Crested Quetzal,2496719,birdnet,SPECIES,species,EXACT
4418,Pharomachrus auriceps_Golden-headed Quetzal,taxon,Pharomachrus auriceps,Golden-headed Quetzal,2496720,birdnet,SPECIES,species,EXACT
4419,Pharomachrus fulgidus_White-tipped Quetzal,taxon,Pharomachrus fulgidus,White-tipped Quetzal,2496715,birdnet,SPECIES,species,EXACT
4420,Pharomachrus mocinno_Resplendent Quetzal,taxon,Pharomachrus mocinno,Resplendent Quetzal,2496723,birdnet,SPECIES,species,EXACT
4421,Pharomachrus pavoninus_Pavonine Quetzal,taxon,Pharomachrus pavoninus,Pavonine Quetzal,2496718,birdnet,SPECIES,species,EXACT
4422,Phasianus colchicus_Ring-necked Pheasant,taxon,Phasianus colchicus,Ring-necked Pheasant,9752149,birdnet,SPECIES,species,EXACT
4423,Phedina borbonica_Mascarene Martin,taxon,Phedina borbonica,Mascarene Martin,2489195,birdnet,SPECIES,species,EXACT
4424,Phegornis mitchellii_Diademed Sandpiper-Plover,taxon,Phegornis mitchellii,Diademed Sandpiper-Plover,2480214,birdnet,SPECIES,species,EXACT
4425,Phelpsia inornata_White-bearded Flycatcher,taxon,Phelpsia inornata,White-bearded Flycatcher,2483418,birdnet,SPECIES,species,EXACT
4426,Pheucticus aureoventris_Black-backed Grosbeak,taxon,Pheucticus aureoventris,Black-backed Grosbeak,2490499,birdnet,SPECIES,species,EXACT
4427,Pheucticus chrysogaster_Golden Grosbeak,taxon,Pheucticus chrysogaster,Golden Grosbeak,2490491,birdnet,SPECIES,species,EXACT
4428,Pheucticus chrysopeplus_Yellow Grosbeak,taxon,Pheucticus chrysopeplus,Yellow Grosbeak,2490495,birdnet,SPECIES,species,EXACT
4429,Pheucticus ludovicianus_Rose-breasted Grosbeak,taxon,Pheucticus ludovicianus,Rose-breasted Grosbeak,2490494,birdnet,SPECIES,species,EXACT
4430,Pheucticus melanocephalus_Black-headed Grosbeak,taxon,Pheucticus melanocephalus,Black-headed Grosbeak,2490487,birdnet,SPECIES,species,EXACT
4431,Pheucticus tibialis_Black-thighed Grosbeak,taxon,Pheucticus tibialis,Black-thighed Grosbeak,2490490,birdnet,SPECIES,species,EXACT
4432,Pheugopedius atrogularis_Black-throated Wren,taxon,Pheugopedius atrogularis,Black-throated Wren,6089929,birdnet,SPECIES,species,EXACT
4433,Pheugopedius coraya_Coraya Wren,taxon,Pheugopedius coraya,Coraya Wren,7341156,birdnet,SPECIES,species,EXACT
4434,Pheugopedius eisenmanni_Inca Wren,taxon,Pheugopedius eisenmanni,Inca Wren,6090301,birdnet,SPECIES,species,EXACT
4435,Pheugopedius euophrys_Plain-tailed Wren,taxon,Pheugopedius euophrys,Plain-tailed Wren,7341209,birdnet,SPECIES,species,EXACT
4436,Pheugopedius fasciatoventris_Black-bellied Wren,taxon,Pheugopedius fasciatoventris,Black-bellied Wren,7341215,birdnet,SPECIES,species,EXACT
4437,Pheugopedius felix_Happy Wren,taxon,Pheugopedius felix,Happy Wren,7341114,birdnet,SPECIES,species,EXACT
4438,Pheugopedius genibarbis_Moustached Wren,taxon,Pheugopedius genibarbis,Moustached Wren,7341176,birdnet,SPECIES,species,EXACT
4439,Pheugopedius maculipectus_Spot-breasted Wren,taxon,Pheugopedius maculipectus,Spot-breasted Wren,7341132,birdnet,SPECIES,species,EXACT
4440,Pheugopedius mystacalis_Whiskered Wren,taxon,Pheugopedius mystacalis,Whiskered Wren,7341190,birdnet,SPECIES,species,EXACT
4441,Pheugopedius rutilus_Rufous-breasted Wren,taxon,Pheugopedius rutilus,Rufous-breasted Wren,7341141,birdnet,SPECIES,species,EXACT
4442,Pheugopedius sclateri_Speckle-breasted Wren,taxon,Pheugopedius sclateri,Speckle-breasted Wren,7341126,birdnet,SPECIES,species,EXACT
4443,Pheugopedius spadix_Sooty-headed Wren,taxon,Pheugopedius spadix,Sooty-headed Wren,7341222,birdnet,SPECIES,species,EXACT
4444,Philemon buceroides_Helmeted Friarbird,taxon,Philemon buceroides,Helmeted Friarbird,2487072,birdnet,SPECIES,species,EXACT
4445,Philemon citreogularis_Little Friarbird,taxon,Philemon citreogularis,Little Friarbird,2487057,birdnet,SPECIES,species,EXACT
4446,Philemon corniculatus_Noisy Friarbird,taxon,Philemon corniculatus,Noisy Friarbird,2487086,birdnet,SPECIES,species,EXACT
4447,Philentoma pyrhoptera_Rufous-winged Philentoma,taxon,Philentoma pyrhoptera,Rufous-winged Philentoma,7340865,birdnet,SPECIES,species,EXACT
4448,Philentoma velata_Maroon-breasted Philentoma,taxon,Philentoma velata,Maroon-breasted Philentoma,7340857,birdnet,SPECIES,species,EXACT
4449,Philepitta schlegeli_Schlegel's Asity,taxon,Philepitta schlegeli,Schlegel's Asity,2488941,birdnet,SPECIES,species,EXACT
4450,Philesturnus rufusater_North Island Saddleback,taxon,Philesturnus rufusater,North Island Saddleback,4846969,birdnet,SPECIES,species,EXACT
4451,Philetairus socius_Sociable Weaver,taxon,Philetairus socius,Sociable Weaver,2492357,birdnet,SPECIES,species,EXACT
4452,Philortyx fasciatus_Banded Quail,taxon,Philortyx fasciatus,Banded Quail,2474170,birdnet,SPECIES,species,EXACT
4453,Philydor atricapillus_Black-capped Foliage-gleaner,taxon,Philydor atricapillus,Black-capped Foliage-gleaner,2485707,birdnet,SPECIES,species,EXACT
4454,Philydor erythrocercum_Rufous-rumped Foliage-gleaner,taxon,Philydor erythrocercum,Rufous-rumped Foliage-gleaner,2485721,birdnet,SPECIES,species,EXACT
4455,Philydor fuscipenne_Slaty-winged Foliage-gleaner,taxon,Philydor fuscipenne,Slaty-winged Foliage-gleaner,2485697,birdnet,SPECIES,species,EXACT
4456,Philydor pyrrhodes_Cinnamon-rumped Foliage-gleaner,taxon,Philydor pyrrhodes,Cinnamon-rumped Foliage-gleaner,2485705,birdnet,SPECIES,species,EXACT
4457,Phimosus infuscatus_Bare-faced Ibis,taxon,Phimosus infuscatus,Bare-faced Ibis,2480812,birdnet,SPECIES,species,EXACT
4458,Phlegopsis erythroptera_Reddish-winged Bare-eye,taxon,Phlegopsis erythroptera,Reddish-winged Bare-eye,2490231,birdnet,SPECIES,species,EXACT
4459,Phlegopsis nigromaculata_Black-spotted Bare-eye,taxon,Phlegopsis nigromaculata,Black-spotted Bare-eye,2490230,birdnet,SPECIES,species,EXACT
4460,Phleocryptes melanops_Wren-like Rushbird,taxon,Phleocryptes melanops,Wren-like Rushbird,2485989,birdnet,SPECIES,species,EXACT
4461,Phlogophilus hemileucurus_Ecuadorian Piedtail,taxon,Phlogophilus hemileucurus,Ecuadorian Piedtail,2476245,birdnet,SPECIES,species,EXACT
4462,Phodilus assimilis_Sri Lanka Bay-Owl,taxon,Phodilus assimilis,Sri Lanka Bay-Owl,7340192,birdnet,SPECIES,species,EXACT
4463,Phodilus badius_Oriental Bay-Owl,taxon,Phodilus badius,Oriental Bay-Owl,2497972,birdnet,SPECIES,species,EXACT
4464,Phoebastria immutabilis_Laysan Albatross,taxon,Phoebastria immutabilis,Laysan Albatross,2481381,birdnet,SPECIES,species,EXACT
4465,Phoebastria nigripes_Black-footed Albatross,taxon,Phoebastria nigripes,Black-footed Albatross,2481383,birdnet,SPECIES,species,EXACT
4466,Phoenicircus carnifex_Guianan Red-Cotinga,taxon,Phoenicircus carnifex,Guianan Red-Cotinga,2486345,birdnet,SPECIES,species,EXACT
4467,Phoenicircus nigricollis_Black-necked Red-Cotinga,taxon,Phoenicircus nigricollis,Black-necked Red-Cotinga,2486344,birdnet,SPECIES,species,EXACT
4468,Phoeniconaias minor_Lesser Flamingo,taxon,Phoeniconaias minor,Lesser Flamingo,2481104,birdnet,SPECIES,species,EXACT
4469,Phoenicoparrus andinus_Andean Flamingo,taxon,Phoenicoparrus andinus,Andean Flamingo,2481106,birdnet,SPECIES,species,EXACT
4470,Phoenicoparrus jamesi_James's Flamingo,taxon,Phoenicoparrus jamesi,James's Flamingo,2481108,birdnet,SPECIES,species,EXACT
4471,Phoenicopterus chilensis_Chilean Flamingo,taxon,Phoenicopterus chilensis,Chilean Flamingo,2481110,birdnet,SPECIES,species,EXACT
4472,Phoenicopterus roseus_Greater Flamingo,taxon,Phoenicopterus roseus,Greater Flamingo,4352332,birdnet,SPECIES,species,EXACT
4473,Phoenicopterus ruber_American Flamingo,taxon,Phoenicopterus ruber,American Flamingo,9691034,birdnet,SPECIES,species,EXACT
4474,Phoeniculus bollei_White-headed Woodhoopoe,taxon,Phoeniculus bollei,White-headed Woodhoopoe,2498448,birdnet,SPECIES,species,EXACT
4475,Phoeniculus purpureus_Green Woodhoopoe,taxon,Phoeniculus purpureus,Green Woodhoopoe,2498452,birdnet,SPECIES,species,EXACT
4476,Phoenicurus auroreus_Daurian Redstart,taxon,Phoenicurus auroreus,Daurian Redstart,5231223,birdnet,SPECIES,species,EXACT
4477,Phoenicurus frontalis_Blue-fronted Redstart,taxon,Phoenicurus frontalis,Blue-fronted Redstart,5231229,birdnet,SPECIES,species,EXACT
4478,Phoenicurus fuliginosus_Plumbeous Redstart,taxon,Phoenicurus fuliginosus,Plumbeous Redstart,7340992,birdnet,SPECIES,species,EXACT
4479,Phoenicurus hodgsoni_Hodgson's Redstart,taxon,Phoenicurus hodgsoni,Hodgson's Redstart,5231225,birdnet,SPECIES,species,EXACT
4480,Phoenicurus leucocephalus_White-capped Redstart,taxon,Phoenicurus leucocephalus,White-capped Redstart,6089319,birdnet,SPECIES,species,EXACT
4481,Phoenicurus moussieri_Moussier's Redstart,taxon,Phoenicurus moussieri,Moussier's Redstart,5231221,birdnet,SPECIES,species,EXACT
4482,Phoenicurus ochruros_Black Redstart,taxon,Phoenicurus ochruros,Black Redstart,5739315,birdnet,SPECIES,species,EXACT
4483,Phoenicurus phoenicurus_Common Redstart,taxon,Phoenicurus phoenicurus,Common Redstart,5739317,birdnet,SPECIES,species,EXACT
4484,Pholia sharpii_Sharpe's Starling,taxon,Pholia sharpii,Sharpe's Starling,5845374,birdnet,SPECIES,species,EXACT
4485,Phonygammus keraudrenii_Trumpet Manucode,taxon,Phonygammus keraudrenii,Trumpet Manucode,7341526,birdnet,SPECIES,species,EXACT
4486,Phragmacia substriata_Namaqua Warbler,taxon,Phragmacia substriata,Namaqua Warbler,2492736,birdnet,SPECIES,species,EXACT
4487,Phrygilus atriceps_Black-hooded Sierra Finch,taxon,Phrygilus atriceps,Black-hooded Sierra Finch,5231075,birdnet,SPECIES,species,EXACT
4488,Phrygilus gayi_Gray-hooded Sierra Finch,taxon,Phrygilus gayi,Gray-hooded Sierra Finch,5231088,birdnet,SPECIES,species,EXACT
4489,Phrygilus patagonicus_Patagonian Sierra Finch,taxon,Phrygilus patagonicus,Patagonian Sierra Finch,5231073,birdnet,SPECIES,species,EXACT
4490,Phylidonyris niger_White-cheeked Honeyeater,taxon,Phylidonyris niger,White-cheeked Honeyeater,2487006,birdnet,SPECIES,species,EXACT
4491,Phylidonyris novaehollandiae_New Holland Honeyeater,taxon,Phylidonyris novaehollandiae,New Holland Honeyeater,2487015,birdnet,SPECIES,species,EXACT
4492,Phylidonyris pyrrhopterus_Crescent Honeyeater,taxon,Phylidonyris pyrrhopterus,Crescent Honeyeater,2487011,birdnet,SPECIES,species,EXACT
4493,Phyllastrephus cabanisi_Cabanis's Greenbul,taxon,Phyllastrephus cabanisi,Cabanis's Greenbul,2486087,birdnet,SPECIES,species,EXACT
4494,Phyllastrephus cerviniventris_Gray-olive Greenbul,taxon,Phyllastrephus cerviniventris,Gray-olive Greenbul,2486105,birdnet,SPECIES,species,EXACT
4495,Phyllastrephus fischeri_Fischer's Greenbul,taxon,Phyllastrephus fischeri,Fischer's Greenbul,2486097,birdnet,SPECIES,species,EXACT
4496,Phyllastrephus flavostriatus_Yellow-streaked Greenbul,taxon,Phyllastrephus flavostriatus,Yellow-streaked Greenbul,2486089,birdnet,SPECIES,species,EXACT
4497,Phyllastrephus strepitans_Northern Brownbul,taxon,Phyllastrephus strepitans,Northern Brownbul,2486084,birdnet,SPECIES,species,EXACT
4498,Phyllastrephus terrestris_Terrestrial Brownbul,taxon,Phyllastrephus terrestris,Terrestrial Brownbul,2486094,birdnet,SPECIES,species,EXACT
4499,Phyllergates cucullatus_Mountain Tailorbird,taxon,Phyllergates cuculatus,Mountain Tailorbird,6100901,birdnet,SPECIES,species,VARIANT
4500,Phyllergates heterolaemus_Rufous-headed Tailorbird,taxon,Phyllergates heterolaemus,Rufous-headed Tailorbird,6092518,birdnet,SPECIES,species,EXACT
4501,Phyllolais pulchella_Buff-bellied Warbler,taxon,Phyllolais pulchella,Buff-bellied Warbler,2493359,birdnet,SPECIES,species,EXACT
4502,Phyllomyias burmeisteri_Rough-legged Tyrannulet,taxon,Phyllomyias burmeisteri,Rough-legged Tyrannulet,2484049,birdnet,SPECIES,species,EXACT
4503,Phyllomyias cinereiceps_Ashy-headed Tyrannulet,taxon,Phyllomyias cinereiceps,Ashy-headed Tyrannulet,2484046,birdnet,SPECIES,species,EXACT
4504,Phyllomyias fasciatus_Planalto Tyrannulet,taxon,Phyllomyias fasciatus,Planalto Tyrannulet,2484057,birdnet,SPECIES,species,EXACT
4505,Phyllomyias griseiceps_Sooty-headed Tyrannulet,taxon,Phyllomyias griseiceps,Sooty-headed Tyrannulet,2484033,birdnet,SPECIES,species,EXACT
4506,Phyllomyias griseocapilla_Gray-capped Tyrannulet,taxon,Phyllomyias griseocapilla,Gray-capped Tyrannulet,2484061,birdnet,SPECIES,species,EXACT
4507,Phyllomyias nigrocapillus_Black-capped Tyrannulet,taxon,Phyllomyias nigrocapillus,Black-capped Tyrannulet,2484038,birdnet,SPECIES,species,EXACT
4508,Phyllomyias plumbeiceps_Plumbeous-crowned Tyrannulet,taxon,Phyllomyias plumbeiceps,Plumbeous-crowned Tyrannulet,2484047,birdnet,SPECIES,species,EXACT
4509,Phyllomyias sclateri_Sclater's Tyrannulet,taxon,Phyllomyias sclateri,Sclater's Tyrannulet,2484042,birdnet,SPECIES,species,EXACT
4510,Phyllomyias uropygialis_Tawny-rumped Tyrannulet,taxon,Phyllomyias uropygialis,Tawny-rumped Tyrannulet,2484048,birdnet,SPECIES,species,EXACT
4511,Phyllomyias virescens_Greenish Tyrannulet,taxon,Phyllomyias virescens,Greenish Tyrannulet,2484045,birdnet,SPECIES,species,EXACT
4512,Phyllopalpus pulchellus_Handsome Trig,taxon,Phyllopalpus pulchellus,Handsome Trig,1720876,birdnet,SPECIES,species,EXACT
4513,Phylloscartes ceciliae_Alagoas Tyrannulet,taxon,Phylloscartes ceciliae,Alagoas Tyrannulet,2483234,birdnet,SPECIES,species,EXACT
4514,Phylloscartes difficilis_Serra do Mar Tyrannulet,taxon,Phylloscartes difficilis,Serra do Mar Tyrannulet,2483215,birdnet,SPECIES,species,EXACT
4515,Phylloscartes eximius_Southern Bristle-Tyrant,taxon,Phylloscartes eximius,Southern Bristle-Tyrant,2483235,birdnet,SPECIES,species,EXACT
4516,Phylloscartes gualaquizae_Ecuadorian Tyrannulet,taxon,Phylloscartes gualaquizae,Ecuadorian Tyrannulet,2483236,birdnet,SPECIES,species,EXACT
4517,Phylloscartes kronei_Restinga Tyrannulet,taxon,Phylloscartes kronei,Restinga Tyrannulet,2483210,birdnet,SPECIES,species,EXACT
4518,Phylloscartes lanyoni_Antioquia Bristle-Tyrant,taxon,Phylloscartes lanyoni,Antioquia Bristle-Tyrant,2483200,birdnet,SPECIES,species,EXACT
4519,Phylloscartes ophthalmicus_Marble-faced Bristle-Tyrant,taxon,Phylloscartes ophthalmicus,Marble-faced Bristle-Tyrant,2483217,birdnet,SPECIES,species,EXACT
4520,Phylloscartes oustaleti_Oustalet's Tyrannulet,taxon,Phylloscartes oustaleti,Oustalet's Tyrannulet,2483221,birdnet,SPECIES,species,EXACT
4521,Phylloscartes parkeri_Cinnamon-faced Tyrannulet,taxon,Phylloscartes parkeri,Cinnamon-faced Tyrannulet,2483202,birdnet,SPECIES,species,EXACT
4522,Phylloscartes paulista_Sao Paulo Tyrannulet,taxon,Phylloscartes paulista,Sao Paulo Tyrannulet,2483212,birdnet,SPECIES,species,EXACT
4523,Phylloscartes poecilotis_Variegated Bristle-Tyrant,taxon,Phylloscartes poecilotis,Variegated Bristle-Tyrant,2483222,birdnet,SPECIES,species,EXACT
4524,Phylloscartes roquettei_Minas Gerais Tyrannulet,taxon,Phylloscartes roquettei,Minas Gerais Tyrannulet,2483203,birdnet,SPECIES,species,EXACT
4525,Phylloscartes superciliaris_Rufous-browed Tyrannulet,taxon,Phylloscartes superciliaris,Rufous-browed Tyrannulet,2483225,birdnet,SPECIES,species,EXACT
4526,Phylloscartes sylviolus_Bay-ringed Tyrannulet,taxon,Phylloscartes sylviolus,Bay-ringed Tyrannulet,2483204,birdnet,SPECIES,species,EXACT
4527,Phylloscartes ventralis_Mottle-cheeked Tyrannulet,taxon,Phylloscartes ventralis,Mottle-cheeked Tyrannulet,2483229,birdnet,SPECIES,species,EXACT
4528,Phylloscartes virescens_Olive-green Tyrannulet,taxon,Phylloscartes virescens,Olive-green Tyrannulet,2483205,birdnet,SPECIES,species,EXACT
4529,Phylloscopus affinis_Tickell's Leaf Warbler,taxon,Phylloscopus affinis,Tickell's Leaf Warbler,2493068,birdnet,SPECIES,species,EXACT
4530,Phylloscopus armandii_Yellow-streaked Warbler,taxon,Phylloscopus armandii,Yellow-streaked Warbler,2493086,birdnet,SPECIES,species,EXACT
4531,Phylloscopus bonelli_Western Bonelli's Warbler,taxon,Phylloscopus bonelli,Western Bonelli's Warbler,2493070,birdnet,SPECIES,species,EXACT
4532,Phylloscopus borealis_Arctic Warbler,taxon,Phylloscopus borealis,Arctic Warbler,2493071,birdnet,SPECIES,species,EXACT
4533,Phylloscopus borealoides_Sakhalin Leaf Warbler,taxon,Phylloscopus borealoides,Sakhalin Leaf Warbler,2493054,birdnet,SPECIES,species,EXACT
4534,Phylloscopus budongoensis_Uganda Woodland-Warbler,taxon,Phylloscopus budongoensis,Uganda Woodland-Warbler,2493056,birdnet,SPECIES,species,EXACT
4535,Phylloscopus burkii_Green-crowned Warbler,taxon,Phylloscopus burkii,Green-crowned Warbler,10489018,birdnet,SPECIES,species,EXACT
4536,Phylloscopus calciatilis_Limestone Leaf Warbler,taxon,Phylloscopus calciatilis,Limestone Leaf Warbler,5845767,birdnet,SPECIES,species,EXACT
4537,Phylloscopus cantator_Yellow-vented Warbler,taxon,Phylloscopus cantator,Yellow-vented Warbler,2493089,birdnet,SPECIES,species,EXACT
4538,Phylloscopus castaniceps_Chestnut-crowned Warbler,taxon,Phylloscopus castaniceps,Chestnut-crowned Warbler,10582700,birdnet,SPECIES,species,EXACT
4539,Phylloscopus chloronotus_Lemon-rumped Warbler,taxon,Phylloscopus chloronotus,Lemon-rumped Warbler,2493059,birdnet,SPECIES,species,EXACT
4540,Phylloscopus claudiae_Claudia's Leaf Warbler,taxon,Phylloscopus claudiae,Claudia's Leaf Warbler,5789205,birdnet,SPECIES,species,EXACT
4541,Phylloscopus collybita_Common Chiffchaff,taxon,Phylloscopus collybita,Common Chiffchaff,2493091,birdnet,SPECIES,species,EXACT
4542,Phylloscopus coronatus_Eastern Crowned Warbler,taxon,Phylloscopus coronatus,Eastern Crowned Warbler,2493060,birdnet,SPECIES,species,EXACT
4543,Phylloscopus emeiensis_Emei Leaf Warbler,taxon,Phylloscopus emeiensis,Emei Leaf Warbler,5789196,birdnet,SPECIES,species,EXACT
4544,Phylloscopus examinandus_Kamchatka Leaf Warbler,taxon,Phylloscopus examinandus,Kamchatka Leaf Warbler,5845801,birdnet,SPECIES,species,EXACT
4545,Phylloscopus forresti_Sichuan Leaf Warbler,taxon,Phylloscopus forresti,Sichuan Leaf Warbler,5789202,birdnet,SPECIES,species,EXACT
4546,Phylloscopus fuligiventer_Smoky Warbler,taxon,Phylloscopus fuligiventer,Smoky Warbler,2493079,birdnet,SPECIES,species,EXACT
4547,Phylloscopus fuscatus_Dusky Warbler,taxon,Phylloscopus fuscatus,Dusky Warbler,2493075,birdnet,SPECIES,species,EXACT
4548,Phylloscopus goodsoni_Hartert's Leaf Warbler,taxon,Phylloscopus goodsoni,Hartert's Leaf Warbler,7341480,birdnet,SPECIES,species,EXACT
4549,Phylloscopus grammiceps_Sunda Warbler,taxon,Phylloscopus grammiceps,Sunda Warbler,10952865,birdnet,SPECIES,species,EXACT
4550,Phylloscopus griseolus_Sulphur-bellied Warbler,taxon,Phylloscopus griseolus,Sulphur-bellied Warbler,2493062,birdnet,SPECIES,species,EXACT
4551,Phylloscopus humei_Hume's Warbler,taxon,Phylloscopus humei,Hume's Warbler,7341522,birdnet,SPECIES,species,EXACT
4552,Phylloscopus ibericus_Iberian Chiffchaff,taxon,Phylloscopus ibericus,Iberian Chiffchaff,7341585,birdnet,SPECIES,species,EXACT
4553,Phylloscopus ijimae_Ijima's Leaf Warbler,taxon,Phylloscopus ijimae,Ijima's Leaf Warbler,2493064,birdnet,SPECIES,species,EXACT
4554,Phylloscopus inornatus_Yellow-browed Warbler,taxon,Phylloscopus inornatus,Yellow-browed Warbler,2493095,birdnet,SPECIES,species,EXACT
4555,Phylloscopus intensior_Davison's Leaf Warbler,taxon,Phylloscopus intensior,Davison's Leaf Warbler,10848011,birdnet,SPECIES,species,EXACT
4556,Phylloscopus intermedius_White-spectacled Warbler,taxon,Phylloscopus intermedius,White-spectacled Warbler,10497125,birdnet,SPECIES,species,EXACT
4557,Phylloscopus kansuensis_Gansu Leaf Warbler,taxon,Phylloscopus kansuensis,Gansu Leaf Warbler,5789198,birdnet,SPECIES,species,EXACT
4558,Phylloscopus maculipennis_Ashy-throated Warbler,taxon,Phylloscopus maculipennis,Ashy-throated Warbler,2493085,birdnet,SPECIES,species,EXACT
4559,Phylloscopus magnirostris_Large-billed Leaf Warbler,taxon,Phylloscopus magnirostris,Large-billed Leaf Warbler,2493069,birdnet,SPECIES,species,EXACT
4560,Phylloscopus montis_Yellow-breasted Warbler,taxon,Phylloscopus montis,Yellow-breasted Warbler,11099650,birdnet,SPECIES,species,EXACT
4561,Phylloscopus neglectus_Plain Leaf Warbler,taxon,Phylloscopus neglectus,Plain Leaf Warbler,2493087,birdnet,SPECIES,species,EXACT
4562,Phylloscopus nitidus_Green Warbler,taxon,Phylloscopus nitidus,Green Warbler,9584952,birdnet,SPECIES,species,EXACT
4563,Phylloscopus occipitalis_Western Crowned Warbler,taxon,Phylloscopus occipitalis,Western Crowned Warbler,2493055,birdnet,SPECIES,species,EXACT
4564,Phylloscopus occisinensis_Alpine Leaf Warbler,taxon,Phylloscopus occisinensis,Alpine Leaf Warbler,5845786,birdnet,SPECIES,species,EXACT
4565,Phylloscopus ogilviegranti_Kloss's Leaf Warbler,taxon,Phylloscopus ogilviegranti,Kloss's Leaf Warbler,7341467,birdnet,SPECIES,species,EXACT
4566,Phylloscopus olivaceus_Philippine Leaf Warbler,taxon,Phylloscopus olivaceus,Philippine Leaf Warbler,2493088,birdnet,SPECIES,species,EXACT
4567,Phylloscopus omeiensis_Martens's Warbler,taxon,Phylloscopus omeiensis,Martens's Warbler,10431139,birdnet,SPECIES,species,EXACT
4568,Phylloscopus orientalis_Eastern Bonelli's Warbler,taxon,Phylloscopus orientalis,Eastern Bonelli's Warbler,4408827,birdnet,SPECIES,species,EXACT
4569,Phylloscopus plumbeitarsus_Two-barred Warbler,taxon,Phylloscopus plumbeitarsus,Two-barred Warbler,4408813,birdnet,SPECIES,species,EXACT
4570,Phylloscopus poliocephalus_Island Leaf Warbler,taxon,Phylloscopus poliocephalus,Island Leaf Warbler,11050371,birdnet,SPECIES,species,EXACT
4571,Phylloscopus poliogenys_Gray-cheeked Warbler,taxon,Phylloscopus poliogenys,Gray-cheeked Warbler,10337417,birdnet,SPECIES,species,EXACT
4572,Phylloscopus proregulus_Pallas's Leaf Warbler,taxon,Phylloscopus proregulus,Pallas's Leaf Warbler,2493090,birdnet,SPECIES,species,EXACT
4573,Phylloscopus pulcher_Buff-barred Warbler,taxon,Phylloscopus pulcher,Buff-barred Warbler,2493077,birdnet,SPECIES,species,EXACT
4574,Phylloscopus reguloides_Blyth's Leaf Warbler,taxon,Phylloscopus reguloides,Blyth's Leaf Warbler,2493092,birdnet,SPECIES,species,EXACT
4575,Phylloscopus ruficapilla_Yellow-throated Woodland-Warbler,taxon,Phylloscopus ruficapilla,Yellow-throated Woodland-Warbler,7341644,birdnet,SPECIES,species,EXACT
4576,Phylloscopus sarasinorum_Sulawesi Leaf Warbler,taxon,Phylloscopus sarasinorum,Sulawesi Leaf Warbler,2493080,birdnet,SPECIES,species,EXACT
4577,Phylloscopus schwarzi_Radde's Warbler,taxon,Phylloscopus schwarzi,Radde's Warbler,2493063,birdnet,SPECIES,species,EXACT
4578,Phylloscopus sibilatrix_Wood Warbler,taxon,Phylloscopus sibillatrix,Wood Warbler,8128385,birdnet,SPECIES,species,VARIANT
4579,Phylloscopus sindianus_Mountain Chiffchaff,taxon,Phylloscopus sindianus,Mountain Chiffchaff,7341578,birdnet,SPECIES,species,EXACT
4580,Phylloscopus soror_Alström's Warbler,taxon,Phylloscopus soror,Alström's Warbler,10093205,birdnet,SPECIES,species,EXACT
4581,Phylloscopus subaffinis_Buff-throated Warbler,taxon,Phylloscopus subaffinis,Buff-throated Warbler,2493094,birdnet,SPECIES,species,EXACT
4582,Phylloscopus subviridis_Brooks's Leaf Warbler,taxon,Phylloscopus subviridis,Brooks's Leaf Warbler,2493082,birdnet,SPECIES,species,EXACT
4583,Phylloscopus tenellipes_Pale-legged Leaf Warbler,taxon,Phylloscopus tenellipes,Pale-legged Leaf Warbler,2493065,birdnet,SPECIES,species,EXACT
4584,Phylloscopus tephrocephalus_Gray-crowned Warbler,taxon,Phylloscopus tephrocephalus,Gray-crowned Warbler,10244132,birdnet,SPECIES,species,EXACT
4585,Phylloscopus trivirgatus_Mountain Leaf Warbler,taxon,Phylloscopus trivirgatus,Mountain Leaf Warbler,9769734,birdnet,SPECIES,species,EXACT
4586,Phylloscopus trochiloides_Greenish Warbler,taxon,Phylloscopus trochiloides,Greenish Warbler,2493084,birdnet,SPECIES,species,EXACT
4587,Phylloscopus trochilus_Willow Warbler,taxon,Phylloscopus trochilus,Willow Warbler,2493052,birdnet,SPECIES,species,EXACT
4588,Phylloscopus tytleri_Tytler's Leaf Warbler,taxon,Phylloscopus tytleri,Tytler's Leaf Warbler,2493067,birdnet,SPECIES,species,EXACT
4589,Phylloscopus umbrovirens_Brown Woodland-Warbler,taxon,Phylloscopus umbrovirens,Brown Woodland-Warbler,2493049,birdnet,SPECIES,species,EXACT
4590,Phylloscopus valentini_Bianchi's Warbler,taxon,Phylloscopus valentini,Bianchi's Warbler,10403439,birdnet,SPECIES,species,EXACT
4591,Phylloscopus whistleri_Whistler's Warbler,taxon,Phylloscopus whistleri,Whistler's Warbler,10279813,birdnet,SPECIES,species,EXACT
4592,Phylloscopus xanthodryas_Japanese Leaf Warbler,taxon,Phylloscopus xanthodryas,Japanese Leaf Warbler,5845803,birdnet,SPECIES,species,EXACT
4593,Phylloscopus xanthoschistos_Gray-hooded Warbler,taxon,Phylloscopus xanthoschistos,Gray-hooded Warbler,7341390,birdnet,SPECIES,species,EXACT
4594,Phylloscopus yunnanensis_Chinese Leaf Warbler,taxon,Phylloscopus yunnanensis,Chinese Leaf Warbler,7807833,birdnet,SPECIES,species,EXACT
4595,Phytotoma raimondii_Peruvian Plantcutter,taxon,Phytotoma raimondii,Peruvian Plantcutter,2486492,birdnet,SPECIES,species,EXACT
4596,Phytotoma rara_Rufous-tailed Plantcutter,taxon,Phytotoma rara,Rufous-tailed Plantcutter,2486493,birdnet,SPECIES,species,EXACT
4597,Phytotoma rutila_White-tipped Plantcutter,taxon,Phytotoma rutila,White-tipped Plantcutter,2486489,birdnet,SPECIES,species,EXACT
4598,Piaya cayana_Squirrel Cuckoo,taxon,Piaya cayana,Squirrel Cuckoo,2496432,birdnet,SPECIES,species,EXACT
4599,Piaya melanogaster_Black-bellied Cuckoo,taxon,Piaya melanogaster,Black-bellied Cuckoo,2496431,birdnet,SPECIES,species,EXACT
4600,Pica bottanensis_Black-rumped Magpie,taxon,Pica bottanensis,Black-rumped Magpie,7735434,birdnet,SPECIES,species,EXACT
4601,Pica hudsonia_Black-billed Magpie,taxon,Pica hudsonia,Black-billed Magpie,5229487,birdnet,SPECIES,species,EXACT
4602,Pica nuttalli_Yellow-billed Magpie,taxon,Pica nuttalli,Yellow-billed Magpie,5229489,birdnet,SPECIES,species,EXACT
4603,Pica pica_Eurasian Magpie,taxon,Pica pica,Eurasian Magpie,5229490,birdnet,SPECIES,species,EXACT
4604,Pica serica_Oriental Magpie,taxon,Pica serica,Oriental Magpie,10704098,birdnet,SPECIES,species,EXACT
4605,Picoides arcticus_Black-backed Woodpecker,taxon,Picoides arcticus,Black-backed Woodpecker,2477774,birdnet,SPECIES,species,EXACT
4606,Picoides dorsalis_American Three-toed Woodpecker,taxon,Picoides dorsalis,American Three-toed Woodpecker,9543753,birdnet,SPECIES,species,EXACT
4607,Picoides tridactylus_Eurasian Three-toed Woodpecker,taxon,Picoides tridactylus,Eurasian Three-toed Woodpecker,2477804,birdnet,SPECIES,species,EXACT
4608,Piculus aurulentus_White-browed Woodpecker,taxon,Piculus aurulentus,White-browed Woodpecker,5228880,birdnet,SPECIES,species,EXACT
4609,Piculus callopterus_Stripe-cheeked Woodpecker,taxon,Piculus callopterus,Stripe-cheeked Woodpecker,5228885,birdnet,SPECIES,species,EXACT
4610,Piculus chrysochloros_Golden-green Woodpecker,taxon,Piculus chrysochloros,Golden-green Woodpecker,5228906,birdnet,SPECIES,species,EXACT
4611,Piculus flavigula_Yellow-throated Woodpecker,taxon,Piculus flavigula,Yellow-throated Woodpecker,5228869,birdnet,SPECIES,species,EXACT
4612,Piculus leucolaemus_White-throated Woodpecker,taxon,Piculus leucolaemus,White-throated Woodpecker,5228881,birdnet,SPECIES,species,EXACT
4613,Picumnus albosquamatus_White-wedged Piculet,taxon,Picumnus albosquamatus,White-wedged Piculet,5228779,birdnet,SPECIES,species,EXACT
4614,Picumnus aurifrons_Bar-breasted Piculet,taxon,Picumnus aurifrons,Bar-breasted Piculet,5228784,birdnet,SPECIES,species,EXACT
4615,Picumnus cinnamomeus_Chestnut Piculet,taxon,Picumnus cinnamomeus,Chestnut Piculet,5228762,birdnet,SPECIES,species,EXACT
4616,Picumnus cirratus_White-barred Piculet,taxon,Picumnus cirratus,White-barred Piculet,9587550,birdnet,SPECIES,species,EXACT
4617,Picumnus dorbignyanus_Ocellated Piculet,taxon,Picumnus dorbignyanus,Ocellated Piculet,5228748,birdnet,SPECIES,species,EXACT
4618,Picumnus exilis_Golden-spangled Piculet,taxon,Picumnus exilis,Golden-spangled Piculet,5228733,birdnet,SPECIES,species,EXACT
4619,Picumnus granadensis_Grayish Piculet,taxon,Picumnus granadensis,Grayish Piculet,5228793,birdnet,SPECIES,species,EXACT
4620,Picumnus innominatus_Speckled Piculet,taxon,Picumnus innominatus,Speckled Piculet,5228719,birdnet,SPECIES,species,EXACT
4621,Picumnus lafresnayi_Lafresnaye's Piculet,taxon,Picumnus lafresnayi,Lafresnaye's Piculet,5228757,birdnet,SPECIES,species,EXACT
4622,Picumnus limae_Ochraceous Piculet,taxon,Picumnus limae,Ochraceous Piculet,5228782,birdnet,SPECIES,species,EXACT
4623,Picumnus nebulosus_Mottled Piculet,taxon,Picumnus nebulosus,Mottled Piculet,5228755,birdnet,SPECIES,species,EXACT
4624,Picumnus olivaceus_Olivaceous Piculet,taxon,Picumnus olivaceus,Olivaceous Piculet,5228725,birdnet,SPECIES,species,EXACT
4625,Picumnus pygmaeus_Spotted Piculet,taxon,Picumnus pygmaeus,Spotted Piculet,5228715,birdnet,SPECIES,species,EXACT
4626,Picumnus rufiventris_Rufous-breasted Piculet,taxon,Picumnus rufiventris,Rufous-breasted Piculet,5228751,birdnet,SPECIES,species,EXACT
4627,Picumnus sclateri_Ecuadorian Piculet,taxon,Picumnus sclateri,Ecuadorian Piculet,5228767,birdnet,SPECIES,species,EXACT
4628,Picumnus spilogaster_White-bellied Piculet,taxon,Picumnus spilogaster,White-bellied Piculet,5228797,birdnet,SPECIES,species,EXACT
4629,Picumnus squamulatus_Scaled Piculet,taxon,Picumnus squamulatus,Scaled Piculet,9541146,birdnet,SPECIES,species,EXACT
4630,Picumnus temminckii_Ochre-collared Piculet,taxon,Picumnus temminckii,Ochre-collared Piculet,5228717,birdnet,SPECIES,species,EXACT
4631,Picus awokera_Japanese Woodpecker,taxon,Picus awokera,Japanese Woodpecker,2478507,birdnet,SPECIES,species,EXACT
4632,Picus canus_Gray-headed Woodpecker,taxon,Picus canus,Gray-headed Woodpecker,2478548,birdnet,SPECIES,species,EXACT
4633,Picus chlorolophus_Lesser Yellownape,taxon,Picus chlorolophus,Lesser Yellownape,9573362,birdnet,SPECIES,species,EXACT
4634,Picus erythropygius_Black-headed Woodpecker,taxon,Picus erythropygius,Black-headed Woodpecker,2478528,birdnet,SPECIES,species,EXACT
4635,Picus puniceus_Crimson-winged Woodpecker,taxon,Picus puniceus,Crimson-winged Woodpecker,2478518,birdnet,SPECIES,species,EXACT
4636,Picus sharpei_Iberian Green Woodpecker,taxon,Picus sharpei,Iberian Green Woodpecker,9029556,birdnet,SPECIES,species,EXACT
4637,Picus squamatus_Scaly-bellied Woodpecker,taxon,Picus squamatus,Scaly-bellied Woodpecker,2478544,birdnet,SPECIES,species,EXACT
4638,Picus vaillantii_Levaillant's Woodpecker,taxon,Picus vaillantii,Levaillant's Woodpecker,2478547,birdnet,SPECIES,species,EXACT
4639,Picus viridis_Eurasian Green Woodpecker,taxon,Picus viridis,Eurasian Green Woodpecker,2478523,birdnet,SPECIES,species,EXACT
4640,Picus vittatus_Laced Woodpecker,taxon,Picus vittatus,Laced Woodpecker,2478502,birdnet,SPECIES,species,EXACT
4641,Picus xanthopygaeus_Streak-throated Woodpecker,taxon,Picus xanthopygaeus,Streak-throated Woodpecker,2478522,birdnet,SPECIES,species,EXACT
4642,Pinicola enucleator_Pine Grosbeak,taxon,Pinicola enucleator,Pine Grosbeak,2494771,birdnet,SPECIES,species,EXACT
4643,Pionites leucogaster_White-bellied Parrot,taxon,Pionites leucogaster,White-bellied Parrot,2479441,birdnet,SPECIES,species,EXACT
4644,Pionites melanocephalus_Black-headed Parrot,taxon,Pionites melanocephalus,Black-headed Parrot,2479437,birdnet,SPECIES,species,EXACT
4645,Pionopsitta pileata_Pileated Parrot,taxon,Pionopsitta pileata,Pileated Parrot,2479983,birdnet,SPECIES,species,EXACT
4646,Pionus chalcopterus_Bronze-winged Parrot,taxon,Pionus chalcopterus,Bronze-winged Parrot,2479901,birdnet,SPECIES,species,EXACT
4647,Pionus fuscus_Dusky Parrot,taxon,Pionus fuscus,Dusky Parrot,2479912,birdnet,SPECIES,species,EXACT
4648,Pionus maximiliani_Scaly-headed Parrot,taxon,Pionus maximiliani,Scaly-headed Parrot,2479907,birdnet,SPECIES,species,EXACT
4649,Pionus menstruus_Blue-headed Parrot,taxon,Pionus menstruus,Blue-headed Parrot,2479902,birdnet,SPECIES,species,EXACT
4650,Pionus senilis_White-crowned Parrot,taxon,Pionus senilis,White-crowned Parrot,2479906,birdnet,SPECIES,species,EXACT
4651,Pionus sordidus_Red-billed Parrot,taxon,Pionus sordidus,Red-billed Parrot,2479917,birdnet,SPECIES,species,EXACT
4652,Pionus tumultuosus_Speckle-faced Parrot,taxon,Pionus tumultuosus,Speckle-faced Parrot,2479913,birdnet,SPECIES,species,EXACT
4653,Pipile cujubi_Red-throated Piping-Guan,taxon,Pipile cujubi,Red-throated Piping-Guan,2482294,birdnet,SPECIES,species,EXACT
4654,Pipile cumanensis_Blue-throated Piping-Guan,taxon,Pipile cumanensis,Blue-throated Piping-Guan,2482310,birdnet,SPECIES,species,EXACT
4655,Pipilo chlorurus_Green-tailed Towhee,taxon,Pipilo chlorurus,Green-tailed Towhee,2491276,birdnet,SPECIES,species,EXACT
4656,Pipilo erythrophthalmus_Eastern Towhee,taxon,Pipilo erythrophthalmus,Eastern Towhee,2491205,birdnet,SPECIES,species,EXACT
4657,Pipilo maculatus_Spotted Towhee,taxon,Pipilo maculatus,Spotted Towhee,9709230,birdnet,SPECIES,species,EXACT
4658,Pipilo ocai_Collared Towhee,taxon,Pipilo ocai,Collared Towhee,2491278,birdnet,SPECIES,species,EXACT
4659,Pipra aureola_Crimson-hooded Manakin,taxon,Pipra aureola,Crimson-hooded Manakin,2487634,birdnet,SPECIES,species,EXACT
4660,Pipra fasciicauda_Band-tailed Manakin,taxon,Pipra fasciicauda,Band-tailed Manakin,2487653,birdnet,SPECIES,species,EXACT
4661,Pipra filicauda_Wire-tailed Manakin,taxon,Pipra filicauda,Wire-tailed Manakin,2487626,birdnet,SPECIES,species,EXACT
4662,Pipraeidea melanonota_Fawn-breasted Tanager,taxon,Pipraeidea melanonota,Fawn-breasted Tanager,2488795,birdnet,SPECIES,species,EXACT
4663,Pipreola arcuata_Barred Fruiteater,taxon,Pipreola arcuata,Barred Fruiteater,2486368,birdnet,SPECIES,species,EXACT
4664,Pipreola aureopectus_Golden-breasted Fruiteater,taxon,Pipreola aureopectus,Golden-breasted Fruiteater,2486386,birdnet,SPECIES,species,EXACT
4665,Pipreola formosa_Handsome Fruiteater,taxon,Pipreola formosa,Handsome Fruiteater,2486364,birdnet,SPECIES,species,EXACT
4666,Pipreola frontalis_Scarlet-breasted Fruiteater,taxon,Pipreola frontalis,Scarlet-breasted Fruiteater,2486383,birdnet,SPECIES,species,EXACT
4667,Pipreola intermedia_Band-tailed Fruiteater,taxon,Pipreola intermedia,Band-tailed Fruiteater,2486378,birdnet,SPECIES,species,EXACT
4668,Pipreola jucunda_Orange-breasted Fruiteater,taxon,Pipreola jucunda,Orange-breasted Fruiteater,2486363,birdnet,SPECIES,species,EXACT
4669,Pipreola lubomirskii_Black-chested Fruiteater,taxon,Pipreola lubomirskii,Black-chested Fruiteater,2486362,birdnet,SPECIES,species,EXACT
4670,Pipreola riefferii_Green-and-black Fruiteater,taxon,Pipreola riefferii,Green-and-black Fruiteater,2486371,birdnet,SPECIES,species,EXACT
4671,Pipreola whitelyi_Red-banded Fruiteater,taxon,Pipreola whitelyi,Red-banded Fruiteater,2486359,birdnet,SPECIES,species,EXACT
4672,Piprites chloris_Wing-barred Piprites,taxon,Piprites chloris,Wing-barred Piprites,2486429,birdnet,SPECIES,species,EXACT
4673,Piprites griseiceps_Gray-headed Piprites,taxon,Piprites griseiceps,Gray-headed Piprites,2486426,birdnet,SPECIES,species,EXACT
4674,Piprites pileata_Black-capped Piprites,taxon,Piprites pileata,Black-capped Piprites,2486427,birdnet,SPECIES,species,EXACT
4675,Piranga bidentata_Flame-colored Tanager,taxon,Piranga bidentata,Flame-colored Tanager,2488488,birdnet,SPECIES,species,EXACT
4676,Piranga erythrocephala_Red-headed Tanager,taxon,Piranga erythrocephala,Red-headed Tanager,2488514,birdnet,SPECIES,species,EXACT
4677,Piranga flava_Hepatic Tanager,taxon,Piranga flava,Hepatic Tanager,2488498,birdnet,SPECIES,species,EXACT
4678,Piranga leucoptera_White-winged Tanager,taxon,Piranga leucoptera,White-winged Tanager,2488493,birdnet,SPECIES,species,EXACT
4679,Piranga ludoviciana_Western Tanager,taxon,Piranga ludoviciana,Western Tanager,2488484,birdnet,SPECIES,species,EXACT
4680,Piranga olivacea_Scarlet Tanager,taxon,Piranga olivacea,Scarlet Tanager,2488517,birdnet,SPECIES,species,EXACT
4681,Piranga roseogularis_Rose-throated Tanager,taxon,Piranga roseogularis,Rose-throated Tanager,2488519,birdnet,SPECIES,species,EXACT
4682,Piranga rubra_Summer Tanager,taxon,Piranga rubra,Summer Tanager,2488485,birdnet,SPECIES,species,EXACT
4683,Piranga rubriceps_Red-hooded Tanager,taxon,Piranga rubriceps,Red-hooded Tanager,2488518,birdnet,SPECIES,species,EXACT
4684,Pitangus lictor_Lesser Kiskadee,taxon,Pitangus lictor,Lesser Kiskadee,2482751,birdnet,SPECIES,species,EXACT
4685,Pitangus sulphuratus_Great Kiskadee,taxon,Pitangus sulphuratus,Great Kiskadee,2482755,birdnet,SPECIES,species,EXACT
4686,Pithecophaga jefferyi_Philippine Eagle,taxon,Pithecophaga jefferyi,Philippine Eagle,2480381,birdnet,SPECIES,species,EXACT
4687,Pithys albifrons_White-plumed Antbird,taxon,Pithys albifrons,White-plumed Antbird,5230844,birdnet,SPECIES,species,EXACT
4688,Pitohui kirhocephalus_Northern Variable Pitohui,taxon,Pitohui kirhocephalus,Northern Variable Pitohui,2482529,birdnet,SPECIES,species,EXACT
4689,Pitta brachyura_Indian Pitta,taxon,Pitta brachyura,Indian Pitta,2489507,birdnet,SPECIES,species,EXACT
4690,Pitta elegans_Elegant Pitta,taxon,Pitta elegans,Elegant Pitta,2489459,birdnet,SPECIES,species,EXACT
4691,Pitta maxima_Ivory-breasted Pitta,taxon,Pitta maxima,Ivory-breasted Pitta,2489496,birdnet,SPECIES,species,EXACT
4692,Pitta megarhyncha_Mangrove Pitta,taxon,Pitta megarhyncha,Mangrove Pitta,2489559,birdnet,SPECIES,species,EXACT
4693,Pitta moluccensis_Blue-winged Pitta,taxon,Pitta moluccensis,Blue-winged Pitta,2489520,birdnet,SPECIES,species,EXACT
4694,Pitta nympha_Fairy Pitta,taxon,Pitta nympha,Fairy Pitta,2489521,birdnet,SPECIES,species,EXACT
4695,Pitta sordida_Hooded Pitta,taxon,Pitta sordida,Hooded Pitta,2489527,birdnet,SPECIES,species,EXACT
4696,Pitta steerii_Azure-breasted Pitta,taxon,Pitta steerii,Azure-breasted Pitta,2489456,birdnet,SPECIES,species,EXACT
4697,Pitta versicolor_Noisy Pitta,taxon,Pitta versicolor,Noisy Pitta,2489546,birdnet,SPECIES,species,EXACT
4698,Pittasoma michleri_Black-crowned Antpitta,taxon,Pittasoma michleri,Black-crowned Antpitta,2490573,birdnet,SPECIES,species,EXACT
4699,Pittasoma rufopileatum_Rufous-crowned Antpitta,taxon,Pittasoma rufopileatum,Rufous-crowned Antpitta,2490572,birdnet,SPECIES,species,EXACT
4700,Pityriasis gymnocephala_Bornean Bristlehead,taxon,Pityriasis gymnocephala,Bornean Bristlehead,2482591,birdnet,SPECIES,species,EXACT
4701,Platalea ajaja_Roseate Spoonbill,taxon,Platalea ajaja,Roseate Spoonbill,2480803,birdnet,SPECIES,species,EXACT
4702,Platalea leucorodia_Eurasian Spoonbill,taxon,Platalea leucorodia,Eurasian Spoonbill,2480801,birdnet,SPECIES,species,EXACT
4703,Platycercus adscitus_Pale-headed Rosella,taxon,Platycercus adscitus,Pale-headed Rosella,2479308,birdnet,SPECIES,species,EXACT
4704,Platycercus caledonicus_Green Rosella,taxon,Platycercus caledonicus,Green Rosella,2479326,birdnet,SPECIES,species,EXACT
4705,Platycercus elegans_Crimson Rosella,taxon,Platycercus elegans,Crimson Rosella,2479311,birdnet,SPECIES,species,EXACT
4706,Platycercus eximius_Eastern Rosella,taxon,Platycercus eximius,Eastern Rosella,2479329,birdnet,SPECIES,species,EXACT
4707,Platylophus galericulatus_Crested Shrikejay,taxon,Platylophus galericulatus,Crested Shrikejay,5229486,birdnet,SPECIES,species,EXACT
4708,Platyrinchus cancrominus_Stub-tailed Spadebill,taxon,Platyrinchus cancrominus,Stub-tailed Spadebill,5229583,birdnet,SPECIES,species,EXACT
4709,Platyrinchus coronatus_Golden-crowned Spadebill,taxon,Platyrinchus coronatus,Golden-crowned Spadebill,5229602,birdnet,SPECIES,species,EXACT
4710,Platyrinchus flavigularis_Yellow-throated Spadebill,taxon,Platyrinchus flavigularis,Yellow-throated Spadebill,5229580,birdnet,SPECIES,species,EXACT
4711,Platyrinchus leucoryphus_Russet-winged Spadebill,taxon,Platyrinchus leucoryphus,Russet-winged Spadebill,5229574,birdnet,SPECIES,species,EXACT
4712,Platyrinchus mystaceus_White-throated Spadebill,taxon,Platyrinchus mystaceus,White-throated Spadebill,9701018,birdnet,SPECIES,species,EXACT
4713,Platyrinchus platyrhynchos_White-crested Spadebill,taxon,Platyrinchus platyrhynchos,White-crested Spadebill,5229575,birdnet,SPECIES,species,EXACT
4714,Platyrinchus saturatus_Cinnamon-crested Spadebill,taxon,Platyrinchus saturatus,Cinnamon-crested Spadebill,5229571,birdnet,SPECIES,species,EXACT
4715,Platysmurus leucopterus_Black Magpie,taxon,Platysmurus leucopterus,Black Magpie,2482536,birdnet,SPECIES,species,EXACT
4716,Platysteira blissetti_Red-cheeked Wattle-eye,taxon,Platysteira blissetti,Red-cheeked Wattle-eye,2492311,birdnet,SPECIES,species,EXACT
4717,Platysteira castanea_Chestnut Wattle-eye,taxon,Platysteira castanea,Chestnut Wattle-eye,2492317,birdnet,SPECIES,species,EXACT
4718,Platysteira concreta_Yellow-bellied Wattle-eye,taxon,Platysteira concreta,Yellow-bellied Wattle-eye,2492316,birdnet,SPECIES,species,EXACT
4719,Platysteira cyanea_Brown-throated Wattle-eye,taxon,Platysteira cyanea,Brown-throated Wattle-eye,2492313,birdnet,SPECIES,species,EXACT
4720,Platysteira peltata_Black-throated Wattle-eye,taxon,Platysteira peltata,Black-throated Wattle-eye,2492312,birdnet,SPECIES,species,EXACT
4721,Plectorhyncha lanceolata_Striped Honeyeater,taxon,Plectorhyncha lanceolata,Striped Honeyeater,2487236,birdnet,SPECIES,species,EXACT
4722,Plectrophenax hyperboreus_McKay's Bunting,taxon,Plectrophenax hyperboreus,McKay's Bunting,2491718,birdnet,SPECIES,species,EXACT
4723,Plectrophenax nivalis_Snow Bunting,taxon,Plectrophenax nivalis,Snow Bunting,2491719,birdnet,SPECIES,species,EXACT
4724,Plegadis chihi_White-faced Ibis,taxon,Plegadis chihi,White-faced Ibis,9375033,birdnet,SPECIES,species,EXACT
4725,Plegadis falcinellus_Glossy Ibis,taxon,Plegadis falcinellus,Glossy Ibis,2480773,birdnet,SPECIES,species,EXACT
4726,Plegadis ridgwayi_Puna Ibis,taxon,Plegadis ridgwayi,Puna Ibis,2480772,birdnet,SPECIES,species,EXACT
4727,Plocepasser mahali_White-browed Sparrow-Weaver,taxon,Plocepasser mahali,White-browed Sparrow-Weaver,2492362,birdnet,SPECIES,species,EXACT
4728,Plocepasser superciliosus_Chestnut-crowned Sparrow-Weaver,taxon,Plocepasser superciliosus,Chestnut-crowned Sparrow-Weaver,2492361,birdnet,SPECIES,species,EXACT
4729,Ploceus baglafecht_Baglafecht Weaver,taxon,Ploceus baglafecht,Baglafecht Weaver,2494061,birdnet,SPECIES,species,EXACT
4730,Ploceus bicolor_Forest Weaver,taxon,Ploceus bicolor,Forest Weaver,2494065,birdnet,SPECIES,species,EXACT
4731,Ploceus capensis_Cape Weaver,taxon,Ploceus capensis,Cape Weaver,2494035,birdnet,SPECIES,species,EXACT
4732,Ploceus cucullatus_Village Weaver,taxon,Ploceus cucullatus,Village Weaver,2494058,birdnet,SPECIES,species,EXACT
4733,Ploceus galbula_Rüppell's Weaver,taxon,Ploceus galbula,Rüppell's Weaver,2494029,birdnet,SPECIES,species,EXACT
4734,Ploceus hypoxanthus_Asian Golden Weaver,taxon,Ploceus hypoxanthus,Asian Golden Weaver,2494041,birdnet,SPECIES,species,EXACT
4735,Ploceus intermedius_Lesser Masked-Weaver,taxon,Ploceus intermedius,Lesser Masked-Weaver,2494014,birdnet,SPECIES,species,EXACT
4736,Ploceus jacksoni_Golden-backed Weaver,taxon,Ploceus jacksoni,Golden-backed Weaver,2494066,birdnet,SPECIES,species,EXACT
4737,Ploceus luteolus_Little Weaver,taxon,Ploceus luteolus,Little Weaver,2494045,birdnet,SPECIES,species,EXACT
4738,Ploceus manyar_Streaked Weaver,taxon,Ploceus manyar,Streaked Weaver,2494036,birdnet,SPECIES,species,EXACT
4739,Ploceus melanocephalus_Black-headed Weaver,taxon,Ploceus melanocephalus,Black-headed Weaver,2494070,birdnet,SPECIES,species,EXACT
4740,Ploceus nelicourvi_Nelicourvi Weaver,taxon,Ploceus nelicourvi,Nelicourvi Weaver,2494050,birdnet,SPECIES,species,EXACT
4741,Ploceus nigerrimus_Vieillot's Weaver,taxon,Ploceus nigerrimus,Vieillot's Weaver,2494063,birdnet,SPECIES,species,EXACT
4742,Ploceus nigricollis_Black-necked Weaver,taxon,Ploceus nigricollis,Black-necked Weaver,2494053,birdnet,SPECIES,species,EXACT
4743,Ploceus ocularis_Spectacled Weaver,taxon,Ploceus ocularis,Spectacled Weaver,2494033,birdnet,SPECIES,species,EXACT
4744,Ploceus philippinus_Baya Weaver,taxon,Ploceus philippinus,Baya Weaver,2494056,birdnet,SPECIES,species,EXACT
4745,Ploceus sakalava_Sakalava Weaver,taxon,Ploceus sakalava,Sakalava Weaver,2494051,birdnet,SPECIES,species,EXACT
4746,Ploceus spekei_Speke's Weaver,taxon,Ploceus spekei,Speke's Weaver,2494030,birdnet,SPECIES,species,EXACT
4747,Ploceus subaureus_African Golden-Weaver,taxon,Ploceus subaureus,African Golden-Weaver,2494012,birdnet,SPECIES,species,EXACT
4748,Ploceus velatus_Southern Masked-Weaver,taxon,Ploceus velatus,Southern Masked-Weaver,2494015,birdnet,SPECIES,species,EXACT
4749,Ploceus vitellinus_Vitelline Masked-Weaver,taxon,Ploceus vitellinus,Vitelline Masked-Weaver,2494057,birdnet,SPECIES,species,EXACT
4750,Ploceus xanthops_Holub's Golden-Weaver,taxon,Ploceus xanthops,Holub's Golden-Weaver,2494027,birdnet,SPECIES,species,EXACT
4751,Ploceus xanthopterus_Southern Brown-throated Weaver,taxon,Ploceus xanthopterus,Southern Brown-throated Weaver,2494019,birdnet,SPECIES,species,EXACT
4752,Pluvialis apricaria_European Golden-Plover,taxon,Pluvialis apricaria,European Golden-Plover,2480332,birdnet,SPECIES,species,EXACT
4753,Pluvialis dominica_American Golden-Plover,taxon,Pluvialis dominica,American Golden-Plover,2480328,birdnet,SPECIES,species,EXACT
4754,Pluvialis fulva_Pacific Golden-Plover,taxon,Pluvialis fulva,Pacific Golden-Plover,2480331,birdnet,SPECIES,species,EXACT
4755,Pluvialis squatarola_Black-bellied Plover,taxon,Pluvialis squatarola,Black-bellied Plover,2480327,birdnet,SPECIES,species,EXACT
4756,Pnoepyga albiventer_Scaly-breasted Cupwing,taxon,Pnoepyga albiventer,Scaly-breasted Cupwing,2493101,birdnet,SPECIES,species,EXACT
4757,Pnoepyga formosana_Taiwan Cupwing,taxon,Pnoepyga formosana,Taiwan Cupwing,5733790,birdnet,SPECIES,species,EXACT
4758,Pnoepyga immaculata_Immaculate Cupwing,taxon,Pnoepyga immaculata,Immaculate Cupwing,2493100,birdnet,SPECIES,species,EXACT
4759,Pnoepyga pusilla_Pygmy Cupwing,taxon,Pnoepyga pusilla,Pygmy Cupwing,2493102,birdnet,SPECIES,species,EXACT
4760,Podargus ocellatus_Marbled Frogmouth,taxon,Podargus ocellatus,Marbled Frogmouth,9347681,birdnet,SPECIES,species,EXACT
4761,Podargus strigoides_Tawny Frogmouth,taxon,Podargus strigoides,Tawny Frogmouth,2497109,birdnet,SPECIES,species,EXACT
4762,Podiceps auritus_Horned Grebe,taxon,Podiceps auritus,Horned Grebe,2482059,birdnet,SPECIES,species,EXACT
4763,Podiceps cristatus_Great Crested Grebe,taxon,Podiceps cristatus,Great Crested Grebe,2482054,birdnet,SPECIES,species,EXACT
4764,Podiceps gallardoi_Hooded Grebe,taxon,Podiceps gallardoi,Hooded Grebe,2482058,birdnet,SPECIES,species,EXACT
4765,Podiceps grisegena_Red-necked Grebe,taxon,Podiceps grisegena,Red-necked Grebe,2482051,birdnet,SPECIES,species,EXACT
4766,Podiceps major_Great Grebe,taxon,Podiceps major,Great Grebe,2482062,birdnet,SPECIES,species,EXACT
4767,Podiceps nigricollis_Eared Grebe,taxon,Podiceps nigricollis,Eared Grebe,2482065,birdnet,SPECIES,species,EXACT
4768,Podiceps occipitalis_Silvery Grebe,taxon,Podiceps occipitalis,Silvery Grebe,2482063,birdnet,SPECIES,species,EXACT
4769,Podilymbus podiceps_Pied-billed Grebe,taxon,Podilymbus podiceps,Pied-billed Grebe,2482077,birdnet,SPECIES,species,EXACT
4770,Podoces hendersoni_Mongolian Ground-Jay,taxon,Podoces hendersoni,Mongolian Ground-Jay,5229501,birdnet,SPECIES,species,EXACT
4771,Poecile atricapillus_Black-capped Chickadee,taxon,Poecile atricapillus,Black-capped Chickadee,2487805,birdnet,SPECIES,species,EXACT
4772,Poecile carolinensis_Carolina Chickadee,taxon,Poecile carolinensis,Carolina Chickadee,2487844,birdnet,SPECIES,species,EXACT
4773,Poecile cinctus_Gray-headed Chickadee,taxon,Poecile cinctus,Gray-headed Chickadee,2487862,birdnet,SPECIES,species,EXACT
4774,Poecile gambeli_Mountain Chickadee,taxon,Poecile gambeli,Mountain Chickadee,2487825,birdnet,SPECIES,species,EXACT
4775,Poecile hudsonicus_Boreal Chickadee,taxon,Poecile hudsonicus,Boreal Chickadee,2487793,birdnet,SPECIES,species,EXACT
4776,Poecile lugubris_Sombre Tit,taxon,Poecile lugubris,Sombre Tit,2487857,birdnet,SPECIES,species,EXACT
4777,Poecile montanus_Willow Tit,taxon,Poecile montanus,Willow Tit,2487866,birdnet,SPECIES,species,EXACT
4778,Poecile palustris_Marsh Tit,taxon,Poecile palustris,Marsh Tit,2487843,birdnet,SPECIES,species,EXACT
4779,Poecile rufescens_Chestnut-backed Chickadee,taxon,Poecile rufescens,Chestnut-backed Chickadee,2487783,birdnet,SPECIES,species,EXACT
4780,Poecile sclateri_Mexican Chickadee,taxon,Poecile sclateri,Mexican Chickadee,2487837,birdnet,SPECIES,species,EXACT
4781,Poecile weigoldicus_Sichuan Tit,taxon,Poecile weigoldicus,Sichuan Tit,5844789,birdnet,SPECIES,species,EXACT
4782,Poecilodryas hypoleuca_Black-sided Robin,taxon,Poecilodryas hypoleuca,Black-sided Robin,2489275,birdnet,SPECIES,species,EXACT
4783,Poecilostreptus cabanisi_Azure-rumped Tanager,taxon,Poecilostreptus cabanisi,Azure-rumped Tanager,10927959,birdnet,SPECIES,species,EXACT
4784,Poecilostreptus palmeri_Gray-and-gold Tanager,taxon,Poecilostreptus palmeri,Gray-and-gold Tanager,11090140,birdnet,SPECIES,species,EXACT
4785,Poecilotriccus albifacies_White-cheeked Tody-Flycatcher,taxon,Poecilotriccus albifacies,White-cheeked Tody-Flycatcher,2483870,birdnet,SPECIES,species,EXACT
4786,Poecilotriccus calopterus_Golden-winged Tody-Flycatcher,taxon,Poecilotriccus calopterus,Golden-winged Tody-Flycatcher,2483887,birdnet,SPECIES,species,EXACT
4787,Poecilotriccus capitalis_Black-and-white Tody-Flycatcher,taxon,Poecilotriccus capitalis,Black-and-white Tody-Flycatcher,2483898,birdnet,SPECIES,species,EXACT
4788,Poecilotriccus fumifrons_Smoky-fronted Tody-Flycatcher,taxon,Poecilotriccus fumifrons,Smoky-fronted Tody-Flycatcher,2483892,birdnet,SPECIES,species,EXACT
4789,Poecilotriccus latirostris_Rusty-fronted Tody-Flycatcher,taxon,Poecilotriccus latirostris,Rusty-fronted Tody-Flycatcher,2483871,birdnet,SPECIES,species,EXACT
4790,Poecilotriccus luluae_Johnson's Tody-Flycatcher,taxon,Poecilotriccus luluae,Johnson's Tody-Flycatcher,2483912,birdnet,SPECIES,species,EXACT
4791,Poecilotriccus plumbeiceps_Ochre-faced Tody-Flycatcher,taxon,Poecilotriccus plumbeiceps,Ochre-faced Tody-Flycatcher,2483906,birdnet,SPECIES,species,EXACT
4792,Poecilotriccus ruficeps_Rufous-crowned Tody-Flycatcher,taxon,Poecilotriccus ruficeps,Rufous-crowned Tody-Flycatcher,2483882,birdnet,SPECIES,species,EXACT
4793,Poecilotriccus russatus_Ruddy Tody-Flycatcher,taxon,Poecilotriccus russatus,Ruddy Tody-Flycatcher,2483880,birdnet,SPECIES,species,EXACT
4794,Poecilotriccus sylvia_Slate-headed Tody-Flycatcher,taxon,Poecilotriccus sylvia,Slate-headed Tody-Flycatcher,2483899,birdnet,SPECIES,species,EXACT
4795,Pogoniulus atroflavus_Red-rumped Tinkerbird,taxon,Pogoniulus atroflavus,Red-rumped Tinkerbird,2478911,birdnet,SPECIES,species,EXACT
4796,Pogoniulus bilineatus_Yellow-rumped Tinkerbird,taxon,Pogoniulus bilineatus,Yellow-rumped Tinkerbird,2478916,birdnet,SPECIES,species,EXACT
4797,Pogoniulus chrysoconus_Yellow-fronted Tinkerbird,taxon,Pogoniulus chrysoconus,Yellow-fronted Tinkerbird,2478907,birdnet,SPECIES,species,EXACT
4798,Pogoniulus leucomystax_Moustached Tinkerbird,taxon,Pogoniulus leucomystax,Moustached Tinkerbird,2478936,birdnet,SPECIES,species,EXACT
4799,Pogoniulus pusillus_Red-fronted Tinkerbird,taxon,Pogoniulus pusillus,Red-fronted Tinkerbird,2478928,birdnet,SPECIES,species,EXACT
4800,Pogoniulus scolopaceus_Speckled Tinkerbird,taxon,Pogoniulus scolopaceus,Speckled Tinkerbird,2478924,birdnet,SPECIES,species,EXACT
4801,Pogoniulus simplex_Green Tinkerbird,taxon,Pogoniulus simplex,Green Tinkerbird,2478923,birdnet,SPECIES,species,EXACT
4802,Pogoniulus subsulphureus_Yellow-throated Tinkerbird,taxon,Pogoniulus subsulphureus,Yellow-throated Tinkerbird,2478932,birdnet,SPECIES,species,EXACT
4803,Pogonocichla stellata_White-starred Robin,taxon,Pogonocichla stellata,White-starred Robin,2492637,birdnet,SPECIES,species,EXACT
4804,Poicephalus cryptoxanthus_Brown-headed Parrot,taxon,Poicephalus cryptoxanthus,Brown-headed Parrot,2479955,birdnet,SPECIES,species,EXACT
4805,Poicephalus fuscicollis_Brown-necked Parrot,taxon,Poicephalus fuscicollis,Brown-necked Parrot,2479962,birdnet,SPECIES,species,EXACT
4806,Poicephalus meyeri_Meyer's Parrot,taxon,Poicephalus meyeri,Meyer's Parrot,2479968,birdnet,SPECIES,species,EXACT
4807,Poicephalus robustus_Cape Parrot,taxon,Poicephalus robustus,Cape Parrot,2479958,birdnet,SPECIES,species,EXACT
4808,Poicephalus rufiventris_Red-bellied Parrot,taxon,Poicephalus rufiventris,Red-bellied Parrot,2479948,birdnet,SPECIES,species,EXACT
4809,Poicephalus senegalus_Senegal Parrot,taxon,Poicephalus senegalus,Senegal Parrot,2479964,birdnet,SPECIES,species,EXACT
4810,Poliocrania exsul_Chestnut-backed Antbird,taxon,Poliocrania exsul,Chestnut-backed Antbird,9599432,birdnet,SPECIES,species,EXACT
4811,Poliolimnas cinereus_White-browed Crake,taxon,Poliolimnas cinereus,White-browed Crake,5228180,birdnet,SPECIES,species,EXACT
4812,Polioptila albiloris_White-lored Gnatcatcher,taxon,Polioptila albiloris,White-lored Gnatcatcher,2487595,birdnet,SPECIES,species,EXACT
4813,Polioptila bilineata_White-browed Gnatcatcher,taxon,Polioptila bilineata,White-browed Gnatcatcher,8924322,birdnet,SPECIES,species,EXACT
4814,Polioptila caerulea_Blue-gray Gnatcatcher,taxon,Polioptila caerulea,Blue-gray Gnatcatcher,2487596,birdnet,SPECIES,species,EXACT
4815,Polioptila californica_California Gnatcatcher,taxon,Polioptila californica,California Gnatcatcher,2487600,birdnet,SPECIES,species,EXACT
4816,Polioptila dumicola_Masked Gnatcatcher,taxon,Polioptila dumicola,Masked Gnatcatcher,2487593,birdnet,SPECIES,species,EXACT
4817,Polioptila lactea_Creamy-bellied Gnatcatcher,taxon,Polioptila lactea,Creamy-bellied Gnatcatcher,2487594,birdnet,SPECIES,species,EXACT
4818,Polioptila lembeyei_Cuban Gnatcatcher,taxon,Polioptila lembeyei,Cuban Gnatcatcher,2487592,birdnet,SPECIES,species,EXACT
4819,Polioptila melanura_Black-tailed Gnatcatcher,taxon,Polioptila melanura,Black-tailed Gnatcatcher,2487586,birdnet,SPECIES,species,EXACT
4820,Polioptila nigriceps_Black-capped Gnatcatcher,taxon,Polioptila nigriceps,Black-capped Gnatcatcher,2487585,birdnet,SPECIES,species,EXACT
4821,Polioptila plumbea_Tropical Gnatcatcher,taxon,Polioptila plumbea,Tropical Gnatcatcher,2487583,birdnet,SPECIES,species,EXACT
4822,Polioptila schistaceigula_Slate-throated Gnatcatcher,taxon,Polioptila schistaceigula,Slate-throated Gnatcatcher,2487582,birdnet,SPECIES,species,EXACT
4823,Polyboroides typus_African Harrier-Hawk,taxon,Polyboroides typus,African Harrier-Hawk,2480659,birdnet,SPECIES,species,EXACT
4824,Polyerata amabilis_Blue-chested Hummingbird,taxon,Polyerata amabilis,Blue-chested Hummingbird,5788536,birdnet,SPECIES,species,EXACT
4825,Polyerata decora_Charming Hummingbird,taxon,Polyerata decora,Charming Hummingbird,9224197,birdnet,SPECIES,species,EXACT
4826,Polyplectron bicalcaratum_Gray Peacock-Pheasant,taxon,Polyplectron bicalcaratum,Gray Peacock-Pheasant,2474079,birdnet,SPECIES,species,EXACT
4827,Polyplectron chalcurum_Bronze-tailed Peacock-Pheasant,taxon,Polyplectron chalcurum,Bronze-tailed Peacock-Pheasant,2474084,birdnet,SPECIES,species,EXACT
4828,Polyplectron germaini_Germain's Peacock-Pheasant,taxon,Polyplectron germaini,Germain's Peacock-Pheasant,2474078,birdnet,SPECIES,species,EXACT
4829,Polyplectron malacense_Malayan Peacock-Pheasant,taxon,Polyplectron malacense,Malayan Peacock-Pheasant,2474087,birdnet,SPECIES,species,EXACT
4830,Polystictus pectoralis_Bearded Tachuri,taxon,Polystictus pectoralis,Bearded Tachuri,5229775,birdnet,SPECIES,species,EXACT
4831,Polystictus superciliaris_Gray-backed Tachuri,taxon,Polystictus superciliaris,Gray-backed Tachuri,5229774,birdnet,SPECIES,species,EXACT
4832,Polytelis anthopeplus_Regent Parrot,taxon,Polytelis anthopeplus,Regent Parrot,2479498,birdnet,SPECIES,species,EXACT
4833,Polytelis swainsonii_Superb Parrot,taxon,Polytelis swainsonii,Superb Parrot,2479501,birdnet,SPECIES,species,EXACT
4834,Polytmus guainumbi_White-tailed Goldenthroat,taxon,Polytmus guainumbi,White-tailed Goldenthroat,2477020,birdnet,SPECIES,species,EXACT
4835,Polytmus theresiae_Green-tailed Goldenthroat,taxon,Polytmus theresiae,Green-tailed Goldenthroat,2477024,birdnet,SPECIES,species,EXACT
4836,Pomatorhinus ferruginosus_Coral-billed Scimitar-Babbler,taxon,Pomatorhinus ferruginosus,Coral-billed Scimitar-Babbler,9610675,birdnet,SPECIES,species,EXACT
4837,Pomatorhinus horsfieldii_Indian Scimitar-Babbler,taxon,Pomatorhinus horsfieldii,Indian Scimitar-Babbler,2493332,birdnet,SPECIES,species,EXACT
4838,Pomatorhinus melanurus_Sri Lanka Scimitar-Babbler,taxon,Pomatorhinus melanurus,Sri Lanka Scimitar-Babbler,5788962,birdnet,SPECIES,species,EXACT
4839,Pomatorhinus montanus_Chestnut-backed Scimitar-Babbler,taxon,Pomatorhinus montanus,Chestnut-backed Scimitar-Babbler,2493335,birdnet,SPECIES,species,EXACT
4840,Pomatorhinus musicus_Taiwan Scimitar-Babbler,taxon,Pomatorhinus musicus,Taiwan Scimitar-Babbler,5733786,birdnet,SPECIES,species,EXACT
4841,Pomatorhinus ochraceiceps_Red-billed Scimitar-Babbler,taxon,Pomatorhinus ochraceiceps,Red-billed Scimitar-Babbler,2493331,birdnet,SPECIES,species,EXACT
4842,Pomatorhinus ruficollis_Streak-breasted Scimitar-Babbler,taxon,Pomatorhinus ruficollis,Streak-breasted Scimitar-Babbler,2493337,birdnet,SPECIES,species,EXACT
4843,Pomatorhinus schisticeps_White-browed Scimitar-Babbler,taxon,Pomatorhinus schisticeps,White-browed Scimitar-Babbler,2493334,birdnet,SPECIES,species,EXACT
4844,Pomatorhinus superciliaris_Slender-billed Scimitar-Babbler,taxon,Pomatorhinus superciliaris,Slender-billed Scimitar-Babbler,6100829,birdnet,SPECIES,species,EXACT
4845,Pomatostomus ruficeps_Chestnut-crowned Babbler,taxon,Pomatostomus ruficeps,Chestnut-crowned Babbler,2492267,birdnet,SPECIES,species,EXACT
4846,Pomatostomus superciliosus_White-browed Babbler,taxon,Pomatostomus superciliosus,White-browed Babbler,2492266,birdnet,SPECIES,species,EXACT
4847,Pomatostomus temporalis_Gray-crowned Babbler,taxon,Pomatostomus temporalis,Gray-crowned Babbler,2492269,birdnet,SPECIES,species,EXACT
4848,Poodytes gramineus_Little Grassbird,taxon,Poodytes gramineus,Little Grassbird,4846099,birdnet,SPECIES,species,EXACT
4849,Poodytes punctatus_New Zealand Fernbird,taxon,Poodytes punctatus,New Zealand Fernbird,10316353,birdnet,SPECIES,species,EXACT
4850,Pooecetes gramineus_Vesper Sparrow,taxon,Pooecetes gramineus,Vesper Sparrow,2491728,birdnet,SPECIES,species,EXACT
4851,Poospiza nigrorufa_Black-and-rufous Warbling Finch,taxon,Poospiza nigrorufa,Black-and-rufous Warbling Finch,2491143,birdnet,SPECIES,species,EXACT
4852,Porphyrio flavirostris_Azure Gallinule,taxon,Porphyrio flavirostris,Azure Gallinule,5228154,birdnet,SPECIES,species,EXACT
4853,Porphyrio madagascariensis_African Swamphen,taxon,Porphyrio madagascariensis,African Swamphen,6101147,birdnet,SPECIES,species,EXACT
4854,Porphyrio martinica_Purple Gallinule,taxon,Porphyrio martinica,Purple Gallinule,5228136,birdnet,SPECIES,species,EXACT
4855,Porphyrio melanotus_Australasian Swamphen,taxon,Porphyrio melanotus,Australasian Swamphen,5817288,birdnet,SPECIES,species,EXACT
4856,Porphyrio poliocephalus_Gray-headed Swamphen,taxon,Porphyrio poliocephalus,Gray-headed Swamphen,5739284,birdnet,SPECIES,species,EXACT
4857,Porphyrio porphyrio_Western Swamphen,taxon,Porphyrio porphyrio,Western Swamphen,2474416,birdnet,SPECIES,species,EXACT
4858,Porphyriops melanops_Spot-flanked Gallinule,taxon,Porphyriops melanops,Spot-flanked Gallinule,2474784,birdnet,SPECIES,species,EXACT
4859,Porzana carolina_Sora,taxon,Porzana carolina,Sora,2474639,birdnet,SPECIES,species,EXACT
4860,Porzana porzana_Spotted Crake,taxon,Porzana porzana,Spotted Crake,2474621,birdnet,SPECIES,species,EXACT
4861,Porzana spiloptera_Dot-winged Crake,taxon,Porzana spiloptera,Dot-winged Crake,2474620,birdnet,SPECIES,species,EXACT
4862,Power tools_Power tools,non_taxonomic,,Power tools,,birdnet,,non_taxon,
4863,Premnoplex brunnescens_Spotted Barbtail,taxon,Premnoplex brunnescens,Spotted Barbtail,2485279,birdnet,SPECIES,species,EXACT
4864,Premnornis guttuliger_Rusty-winged Barbtail,taxon,Premnornis guttuliger,Rusty-winged Barbtail,6100762,birdnet,SPECIES,species,EXACT
4865,Primolius auricollis_Yellow-collared Macaw,taxon,Primolius auricollis,Yellow-collared Macaw,2479268,birdnet,SPECIES,species,EXACT
4866,Primolius couloni_Blue-headed Macaw,taxon,Primolius couloni,Blue-headed Macaw,2479272,birdnet,SPECIES,species,EXACT
4867,Primolius maracana_Blue-winged Macaw,taxon,Primolius maracana,Blue-winged Macaw,2479270,birdnet,SPECIES,species,EXACT
4868,Prinia atrogularis_Black-throated Prinia,taxon,Prinia atrogularis,Black-throated Prinia,2492761,birdnet,SPECIES,species,EXACT
4869,Prinia bairdii_Banded Prinia,taxon,Prinia bairdii,Banded Prinia,2492753,birdnet,SPECIES,species,EXACT
4870,Prinia buchanani_Rufous-fronted Prinia,taxon,Prinia buchanani,Rufous-fronted Prinia,2492746,birdnet,SPECIES,species,EXACT
4871,Prinia crinigera_Himalayan Prinia,taxon,Prinia crinigera,Himalayan Prinia,7342269,birdnet,SPECIES,species,EXACT
4872,Prinia erythroptera_Red-winged Prinia,taxon,Prinia erythroptera,Red-winged Prinia,7342136,birdnet,SPECIES,species,EXACT
4873,Prinia familiaris_Bar-winged Prinia,taxon,Prinia familiaris,Bar-winged Prinia,2492756,birdnet,SPECIES,species,EXACT
4874,Prinia flavicans_Black-chested Prinia,taxon,Prinia flavicans,Black-chested Prinia,2492747,birdnet,SPECIES,species,EXACT
4875,Prinia flaviventris_Yellow-bellied Prinia,taxon,Prinia flaviventris,Yellow-bellied Prinia,2492765,birdnet,SPECIES,species,EXACT
4876,Prinia gracilis_Graceful Prinia,taxon,Prinia gracilis,Graceful Prinia,2492748,birdnet,SPECIES,species,EXACT
4877,Prinia hodgsonii_Gray-breasted Prinia,taxon,Prinia hodgsonii,Gray-breasted Prinia,2492766,birdnet,SPECIES,species,EXACT
4878,Prinia hypoxantha_Drakensberg Prinia,taxon,Prinia hypoxantha,Drakensberg Prinia,5788677,birdnet,SPECIES,species,EXACT
4879,Prinia inornata_Plain Prinia,taxon,Prinia inornata,Plain Prinia,2492758,birdnet,SPECIES,species,EXACT
4880,Prinia lepida_Delicate Prinia,taxon,Prinia lepida,Delicate Prinia,11211157,birdnet,SPECIES,species,EXACT
4881,Prinia maculosa_Karoo Prinia,taxon,Prinia maculosa,Karoo Prinia,2492750,birdnet,SPECIES,species,EXACT
4882,Prinia polychroa_Brown Prinia,taxon,Prinia polychroa,Brown Prinia,2492751,birdnet,SPECIES,species,EXACT
4883,Prinia rufescens_Rufescent Prinia,taxon,Prinia rufescens,Rufescent Prinia,2492760,birdnet,SPECIES,species,EXACT
4884,Prinia rufifrons_Red-fronted Prinia,taxon,Prinia rufifrons,Red-fronted Prinia,10944059,birdnet,SPECIES,species,EXACT
4885,Prinia socialis_Ashy Prinia,taxon,Prinia socialis,Ashy Prinia,2492752,birdnet,SPECIES,species,EXACT
4886,Prinia striata_Striped Prinia,taxon,Prinia striata,Striped Prinia,7345706,birdnet,SPECIES,species,EXACT
4887,Prinia subflava_Tawny-flanked Prinia,taxon,Prinia subflava,Tawny-flanked Prinia,2492762,birdnet,SPECIES,species,EXACT
4888,Prinia superciliaris_Hill Prinia,taxon,Prinia superciliaris,Hill Prinia,7342248,birdnet,SPECIES,species,EXACT
4889,Prinia sylvatica_Jungle Prinia,taxon,Prinia sylvatica,Jungle Prinia,2492754,birdnet,SPECIES,species,EXACT
4890,Prionochilus maculatus_Yellow-breasted Flowerpecker,taxon,Prionochilus maculatus,Yellow-breasted Flowerpecker,5229960,birdnet,SPECIES,species,EXACT
4891,Prionochilus thoracicus_Scarlet-breasted Flowerpecker,taxon,Prionochilus thoracicus,Scarlet-breasted Flowerpecker,5229957,birdnet,SPECIES,species,EXACT
4892,Prionochilus xanthopygius_Yellow-rumped Flowerpecker,taxon,Prionochilus xanthopygius,Yellow-rumped Flowerpecker,5229961,birdnet,SPECIES,species,EXACT
4893,Prionops plumatus_White Helmetshrike,taxon,Prionops plumatus,White Helmetshrike,2484841,birdnet,SPECIES,species,EXACT
4894,Prionops retzii_Retz's Helmetshrike,taxon,Prionops retzii,Retz's Helmetshrike,2484843,birdnet,SPECIES,species,EXACT
4895,Priotelus roseigaster_Hispaniolan Trogon,taxon,Priotelus roseigaster,Hispaniolan Trogon,5232030,birdnet,SPECIES,species,EXACT
4896,Priotelus temnurus_Cuban Trogon,taxon,Priotelus temnurus,Cuban Trogon,5232027,birdnet,SPECIES,species,EXACT
4897,Probosciger aterrimus_Palm Cockatoo,taxon,Probosciger aterrimus,Palm Cockatoo,2479187,birdnet,SPECIES,species,EXACT
4898,Procarduelis nipalensis_Dark-breasted Rosefinch,taxon,Procarduelis nipalensis,Dark-breasted Rosefinch,8302385,birdnet,SPECIES,species,EXACT
4899,Procnias albus_White Bellbird,taxon,Procnias albus,White Bellbird,2486406,birdnet,SPECIES,species,EXACT
4900,Procnias averano_Bearded Bellbird,taxon,Procnias averano,Bearded Bellbird,2486400,birdnet,SPECIES,species,EXACT
4901,Procnias nudicollis_Bare-throated Bellbird,taxon,Procnias nudicollis,Bare-throated Bellbird,2486405,birdnet,SPECIES,species,EXACT
4902,Procnias tricarunculatus_Three-wattled Bellbird,taxon,Procnias tricarunculatus,Three-wattled Bellbird,2486403,birdnet,SPECIES,species,EXACT
4903,Progne chalybea_Gray-breasted Martin,taxon,Progne chalybea,Gray-breasted Martin,2489133,birdnet,SPECIES,species,EXACT
4904,Progne elegans_Southern Martin,taxon,Progne elegans,Southern Martin,2489140,birdnet,SPECIES,species,EXACT
4905,Progne subis_Purple Martin,taxon,Progne subis,Purple Martin,2489129,birdnet,SPECIES,species,EXACT
4906,Progne tapera_Brown-chested Martin,taxon,Progne tapera,Brown-chested Martin,2489136,birdnet,SPECIES,species,EXACT
4907,Promerops cafer_Cape Sugarbird,taxon,Promerops cafer,Cape Sugarbird,5229963,birdnet,SPECIES,species,EXACT
4908,Prosopeia personata_Masked Shining-Parrot,taxon,Prosopeia personata,Masked Shining-Parrot,2479944,birdnet,SPECIES,species,EXACT
4909,Prosopeia tabuensis_Red Shining-Parrot,taxon,Prosopeia tabuensis,Red Shining-Parrot,2479941,birdnet,SPECIES,species,EXACT
4910,Prosthemadera novaeseelandiae_Tui,taxon,Prosthemadera novaeseelandiae,Tui,2487029,birdnet,SPECIES,species,EXACT
4911,Protonotaria citrea_Prothonotary Warbler,taxon,Protonotaria citrea,Prothonotary Warbler,2489871,birdnet,SPECIES,species,EXACT
4912,Prunella collaris_Alpine Accentor,taxon,Prunella collaris,Alpine Accentor,5231770,birdnet,SPECIES,species,EXACT
4913,Prunella fulvescens_Brown Accentor,taxon,Prunella fulvescens,Brown Accentor,5231771,birdnet,SPECIES,species,EXACT
4914,Prunella modularis_Dunnock,taxon,Prunella modularis,Dunnock,5231763,birdnet,SPECIES,species,EXACT
4915,Prunella montanella_Siberian Accentor,taxon,Prunella montanella,Siberian Accentor,5231759,birdnet,SPECIES,species,EXACT
4916,Prunella ocularis_Radde's Accentor,taxon,Prunella ocularis,Radde's Accentor,5231773,birdnet,SPECIES,species,EXACT
4917,Prunella rubeculoides_Robin Accentor,taxon,Prunella rubeculoides,Robin Accentor,5231764,birdnet,SPECIES,species,EXACT
4918,Prunella strophiata_Rufous-breasted Accentor,taxon,Prunella strophiata,Rufous-breasted Accentor,5231765,birdnet,SPECIES,species,EXACT
4919,Psalidoprocne pristoptera_Black Sawwing,taxon,Psalidoprocne pristoptera,Black Sawwing,2489145,birdnet,SPECIES,species,EXACT
4920,Psaltriparus minimus_Bushtit,taxon,Psaltriparus minimus,Bushtit,2494988,birdnet,SPECIES,species,EXACT
4921,Psarisomus dalhousiae_Long-tailed Broadbill,taxon,Psarisomus dalhousiae,Long-tailed Broadbill,2484526,birdnet,SPECIES,species,EXACT
4922,Psarocolius angustifrons_Russet-backed Oropendola,taxon,Psarocolius angustifrons,Russet-backed Oropendola,2484222,birdnet,SPECIES,species,EXACT
4923,Psarocolius atrovirens_Dusky-green Oropendola,taxon,Psarocolius atrovirens,Dusky-green Oropendola,2484243,birdnet,SPECIES,species,EXACT
4924,Psarocolius bifasciatus_Olive Oropendola,taxon,Psarocolius bifasciatus,Olive Oropendola,2484230,birdnet,SPECIES,species,EXACT
4925,Psarocolius decumanus_Crested Oropendola,taxon,Psarocolius decumanus,Crested Oropendola,2484217,birdnet,SPECIES,species,EXACT
4926,Psarocolius montezuma_Montezuma Oropendola,taxon,Psarocolius montezuma,Montezuma Oropendola,2484246,birdnet,SPECIES,species,EXACT
4927,Psarocolius viridis_Green Oropendola,taxon,Psarocolius viridis,Green Oropendola,2484216,birdnet,SPECIES,species,EXACT
4928,Psarocolius wagleri_Chestnut-headed Oropendola,taxon,Psarocolius wagleri,Chestnut-headed Oropendola,2484237,birdnet,SPECIES,species,EXACT
4929,Psephotus haematonotus_Red-rumped Parrot,taxon,Psephotus haematonotus,Red-rumped Parrot,2480089,birdnet,SPECIES,species,EXACT
4930,Psephotus varius_Mulga Parrot,taxon,Psephotus varius,Mulga Parrot,2480086,birdnet,SPECIES,species,EXACT
4931,Pseudacris brimleyi_Brimley's Chorus Frog,taxon,Pseudacris brimleyi,Brimley's Chorus Frog,2428175,birdnet,SPECIES,species,EXACT
4932,Pseudacris clarkii_Spotted Chorus Frog,taxon,Pseudacris clarkii,Spotted Chorus Frog,2428146,birdnet,SPECIES,species,EXACT
4933,Pseudacris crucifer_Spring Peeper,taxon,Pseudacris crucifer,Spring Peeper,2428182,birdnet,SPECIES,species,EXACT
4934,Pseudacris feriarum_Upland Chorus Frog,taxon,Pseudacris feriarum,Upland Chorus Frog,2428152,birdnet,SPECIES,species,EXACT
4935,Pseudacris nigrita_Southern Chorus Frog,taxon,Pseudacris nigrita,Southern Chorus Frog,2428176,birdnet,SPECIES,species,EXACT
4936,Pseudacris ocularis_Little Grass Frog,taxon,Pseudacris ocularis,Little Grass Frog,2428138,birdnet,SPECIES,species,EXACT
4937,Pseudacris ornata_Ornate Chorus Frog,taxon,Pseudacris ornata,Ornate Chorus Frog,2428148,birdnet,SPECIES,species,EXACT
4938,Pseudacris streckeri_Strecker's Chorus Frog,taxon,Pseudacris streckeri,Strecker's Chorus Frog,2428160,birdnet,SPECIES,species,EXACT
4939,Pseudacris triseriata_Striped Chorus Frog,taxon,Pseudacris triseriata,Striped Chorus Frog,2428141,birdnet,SPECIES,species,EXACT
4940,Pseudasthenes humicola_Dusky-tailed Canastero,taxon,Pseudasthenes humicola,Dusky-tailed Canastero,7340781,birdnet,SPECIES,species,EXACT
4941,Pseudastur albicollis_White Hawk,taxon,Pseudastur albicollis,White Hawk,8357600,birdnet,SPECIES,species,EXACT
4942,Pseudastur occidentalis_Gray-backed Hawk,taxon,Pseudastur occidentalis,Gray-backed Hawk,7645611,birdnet,SPECIES,species,EXACT
4943,Pseudelaenia leucospodia_Gray-and-white Tyrannulet,taxon,Pseudelaenia leucospodia,Gray-and-white Tyrannulet,2482702,birdnet,SPECIES,species,EXACT
4944,Pseudeos cardinalis_Cardinal Lory,taxon,Pseudeos cardinalis,Cardinal Lory,8841744,birdnet,SPECIES,species,EXACT
4945,Pseudibis papillosa_Red-naped Ibis,taxon,Pseudibis papillosa,Red-naped Ibis,2480778,birdnet,SPECIES,species,EXACT
4946,Pseudocolaptes boissonneautii_Streaked Tuftedcheek,taxon,Pseudocolaptes boissonneautii,Streaked Tuftedcheek,2485617,birdnet,SPECIES,species,EXACT
4947,Pseudocolaptes lawrencii_Buffy Tuftedcheek,taxon,Pseudocolaptes lawrencii,Buffy Tuftedcheek,2485614,birdnet,SPECIES,species,EXACT
4948,Pseudocolopteryx citreola_Ticking Doradito,taxon,Pseudocolopteryx citreola,Ticking Doradito,6087180,birdnet,SPECIES,species,EXACT
4949,Pseudocolopteryx dinelliana_Dinelli's Doradito,taxon,Pseudocolopteryx dinelliana,Dinelli's Doradito,2482647,birdnet,SPECIES,species,EXACT
4950,Pseudocolopteryx flaviventris_Warbling Doradito,taxon,Pseudocolopteryx flaviventris,Warbling Doradito,2482646,birdnet,SPECIES,species,EXACT
4951,Pseudocolopteryx sclateri_Crested Doradito,taxon,Pseudocolopteryx sclateri,Crested Doradito,2482645,birdnet,SPECIES,species,EXACT
4952,Pseudoleistes guirahuro_Yellow-rumped Marshbird,taxon,Pseudoleistes guirahuro,Yellow-rumped Marshbird,2484214,birdnet,SPECIES,species,EXACT
4953,Pseudoleistes virescens_Brown-and-yellow Marshbird,taxon,Pseudoleistes virescens,Brown-and-yellow Marshbird,2484213,birdnet,SPECIES,species,EXACT
4954,Pseudonestor xanthophrys_Maui Parrotbill,taxon,Pseudonestor xanthophrys,Maui Parrotbill,2494141,birdnet,SPECIES,species,EXACT
4955,Pseudonigrita arnaudi_Gray-headed Social-Weaver,taxon,Pseudonigrita arnaudi,Gray-headed Social-Weaver,2492353,birdnet,SPECIES,species,EXACT
4956,Pseudopipra pipra_White-crowned Manakin,taxon,Pseudopipra pipra,White-crowned Manakin,9226874,birdnet,SPECIES,species,EXACT
4957,Pseudopodoces humilis_Ground Tit,taxon,Pseudopodoces humilis,Ground Tit,2482589,birdnet,SPECIES,species,EXACT
4958,Pseudorectes ferrugineus_Rusty Pitohui,taxon,Pseudorectes ferrugineus,Rusty Pitohui,7574554,birdnet,SPECIES,species,EXACT
4959,Pseudoseisura cristata_Caatinga Cacholote,taxon,Pseudoseisura cristata,Caatinga Cacholote,2485852,birdnet,SPECIES,species,EXACT
4960,Pseudoseisura gutturalis_White-throated Cacholote,taxon,Pseudoseisura gutturalis,White-throated Cacholote,2485857,birdnet,SPECIES,species,EXACT
4961,Pseudoseisura lophotes_Brown Cacholote,taxon,Pseudoseisura lophotes,Brown Cacholote,2485853,birdnet,SPECIES,species,EXACT
4962,Pseudoseisura unirufa_Rufous Cacholote,taxon,Pseudoseisura unirufa,Rufous Cacholote,2485856,birdnet,SPECIES,species,EXACT
4963,Pseudospingus verticalis_Black-headed Hemispingus,taxon,Pseudospingus verticalis,Black-headed Hemispingus,9577208,birdnet,SPECIES,species,EXACT
4964,Pseudotriccus pelzelni_Bronze-olive Pygmy-Tyrant,taxon,Pseudotriccus pelzelni,Bronze-olive Pygmy-Tyrant,2483814,birdnet,SPECIES,species,EXACT
4965,Pseudotriccus ruficeps_Rufous-headed Pygmy-Tyrant,taxon,Pseudotriccus ruficeps,Rufous-headed Pygmy-Tyrant,2483820,birdnet,SPECIES,species,EXACT
4966,Psilopogon annamensis_Indochinese Barbet,taxon,Psilopogon annamensis,Indochinese Barbet,8220278,birdnet,SPECIES,species,EXACT
4967,Psilopogon armillaris_Flame-fronted Barbet,taxon,Psilopogon armillaris,Flame-fronted Barbet,7666111,birdnet,SPECIES,species,EXACT
4968,Psilopogon asiaticus_Blue-throated Barbet,taxon,Psilopogon asiaticus,Blue-throated Barbet,7528533,birdnet,SPECIES,species,EXACT
4969,Psilopogon auricularis_Necklaced Barbet,taxon,Psilopogon auricularis,Necklaced Barbet,9102538,birdnet,SPECIES,species,EXACT
4970,Psilopogon australis_Little Barbet,taxon,Psilopogon australis,Little Barbet,8110522,birdnet,SPECIES,species,EXACT
4971,Psilopogon chrysopogon_Gold-whiskered Barbet,taxon,Psilopogon chrysopogon,Gold-whiskered Barbet,7497537,birdnet,SPECIES,species,EXACT
4972,Psilopogon corvinus_Brown-throated Barbet,taxon,Psilopogon corvinus,Brown-throated Barbet,7471066,birdnet,SPECIES,species,EXACT
4973,Psilopogon duvaucelii_Blue-eared Barbet,taxon,Psilopogon duvaucelii,Blue-eared Barbet,7885381,birdnet,SPECIES,species,EXACT
4974,Psilopogon eximius_Bornean Barbet,taxon,Psilopogon eximius,Bornean Barbet,7385758,birdnet,SPECIES,species,EXACT
4975,Psilopogon faber_Chinese Barbet,taxon,Psilopogon faber,Chinese Barbet,7501799,birdnet,SPECIES,species,EXACT
4976,Psilopogon faiostrictus_Green-eared Barbet,taxon,Psilopogon faiostrictus,Green-eared Barbet,7360840,birdnet,SPECIES,species,EXACT
4977,Psilopogon flavifrons_Yellow-fronted Barbet,taxon,Psilopogon flavifrons,Yellow-fronted Barbet,8129458,birdnet,SPECIES,species,EXACT
4978,Psilopogon franklinii_Golden-throated Barbet,taxon,Psilopogon franklinii,Golden-throated Barbet,7381546,birdnet,SPECIES,species,EXACT
4979,Psilopogon haemacephalus_Coppersmith Barbet,taxon,Psilopogon haemacephalus,Coppersmith Barbet,7691806,birdnet,SPECIES,species,EXACT
4980,Psilopogon henricii_Yellow-crowned Barbet,taxon,Psilopogon henricii,Yellow-crowned Barbet,7687489,birdnet,SPECIES,species,EXACT
4981,Psilopogon incognitus_Moustached Barbet,taxon,Psilopogon incognitus,Moustached Barbet,7484096,birdnet,SPECIES,species,EXACT
4982,Psilopogon lagrandieri_Red-vented Barbet,taxon,Psilopogon lagrandieri,Red-vented Barbet,8205724,birdnet,SPECIES,species,EXACT
4983,Psilopogon lineatus_Lineated Barbet,taxon,Psilopogon lineatus,Lineated Barbet,7934047,birdnet,SPECIES,species,EXACT
4984,Psilopogon malabaricus_Malabar Barbet,taxon,Psilopogon malabaricus,Malabar Barbet,8157718,birdnet,SPECIES,species,EXACT
4985,Psilopogon monticola_Mountain Barbet,taxon,Psilopogon monticola,Mountain Barbet,7880953,birdnet,SPECIES,species,EXACT
4986,Psilopogon mystacophanos_Red-throated Barbet,taxon,Psilopogon mystacophanos,Red-throated Barbet,7515275,birdnet,SPECIES,species,EXACT
4987,Psilopogon nuchalis_Taiwan Barbet,taxon,Psilopogon nuchalis,Taiwan Barbet,7792756,birdnet,SPECIES,species,EXACT
4988,Psilopogon oorti_Black-browed Barbet,taxon,Psilopogon oorti,Black-browed Barbet,8006809,birdnet,SPECIES,species,EXACT
4989,Psilopogon pulcherrimus_Golden-naped Barbet,taxon,Psilopogon pulcherrimus,Golden-naped Barbet,8114638,birdnet,SPECIES,species,EXACT
4990,Psilopogon pyrolophus_Fire-tufted Barbet,taxon,Psilopogon pyrolophus,Fire-tufted Barbet,5229003,birdnet,SPECIES,species,EXACT
4991,Psilopogon rafflesii_Red-crowned Barbet,taxon,Psilopogon rafflesii,Red-crowned Barbet,7443473,birdnet,SPECIES,species,EXACT
4992,Psilopogon rubricapillus_Crimson-fronted Barbet,taxon,Psilopogon rubricapillus,Crimson-fronted Barbet,7522803,birdnet,SPECIES,species,EXACT
4993,Psilopogon virens_Great Barbet,taxon,Psilopogon virens,Great Barbet,7982358,birdnet,SPECIES,species,EXACT
4994,Psilopogon viridis_White-cheeked Barbet,taxon,Psilopogon viridis,White-cheeked Barbet,7796884,birdnet,SPECIES,species,EXACT
4995,Psilopogon zeylanicus_Brown-headed Barbet,taxon,Psilopogon zeylanicus,Brown-headed Barbet,7760921,birdnet,SPECIES,species,EXACT
4996,Psilopsiagon aurifrons_Mountain Parakeet,taxon,Psilopsiagon aurifrons,Mountain Parakeet,2480021,birdnet,SPECIES,species,EXACT
4997,Psilopsiagon aymara_Gray-hooded Parakeet,taxon,Psilopsiagon aymara,Gray-hooded Parakeet,2480027,birdnet,SPECIES,species,EXACT
4998,Psilorhamphus guttatus_Spotted Bamboowren,taxon,Psilorhamphus guttatus,Spotted Bamboowren,5231011,birdnet,SPECIES,species,EXACT
4999,Psilorhinus morio_Brown Jay,taxon,Psilorhinus morio,Brown Jay,5229495,birdnet,SPECIES,species,EXACT
5000,Psiloscops flammeolus_Flammulated Owl,taxon,Psiloscops flammeolus,Flammulated Owl,7807178,birdnet,SPECIES,species,EXACT
5001,Psittacara erythrogenys_Red-masked Parakeet,taxon,Psittacara erythrogenys,Red-masked Parakeet,7947677,birdnet,SPECIES,species,EXACT
5002,Psittacara finschi_Crimson-fronted Parakeet,taxon,Psittacara finschi,Crimson-fronted Parakeet,7437947,birdnet,SPECIES,species,EXACT
5003,Psittacara holochlorus_Green Parakeet,taxon,Psittacara holochlorus,Green Parakeet,8261642,birdnet,SPECIES,species,EXACT
5004,Psittacara leucophthalmus_White-eyed Parakeet,taxon,Psittacara leucophthalmus,White-eyed Parakeet,8317396,birdnet,SPECIES,species,EXACT
5005,Psittacara mitratus_Mitred Parakeet,taxon,Psittacara mitratus,Mitred Parakeet,7731984,birdnet,SPECIES,species,EXACT
5006,Psittacara strenuus_Pacific Parakeet,taxon,Psittacara strenuus,Pacific Parakeet,8069661,birdnet,SPECIES,species,EXACT
5007,Psittacara wagleri_Scarlet-fronted Parakeet,taxon,Psittacara wagleri,Scarlet-fronted Parakeet,7634300,birdnet,SPECIES,species,EXACT
5008,Psittacula alexandri_Red-breasted Parakeet,taxon,Psittacula alexandri,Red-breasted Parakeet,5229045,birdnet,SPECIES,species,EXACT
5009,Psittacula calthrapae_Layard's Parakeet,taxon,Psittacula calthrapae,Layard's Parakeet,8150689,birdnet,SPECIES,species,EXACT
5010,Psittacula columboides_Malabar Parakeet,taxon,Psittacula columboides,Malabar Parakeet,5229054,birdnet,SPECIES,species,EXACT
5011,Psittacula cyanocephala_Plum-headed Parakeet,taxon,Psittacula cyanocephala,Plum-headed Parakeet,5229044,birdnet,SPECIES,species,EXACT
5012,Psittacula eques_Echo Parakeet,taxon,Psittacula eques,Echo Parakeet,5788427,birdnet,SPECIES,species,EXACT
5013,Psittacula eupatria_Alexandrine Parakeet,taxon,Psittacula eupatria,Alexandrine Parakeet,5229055,birdnet,SPECIES,species,EXACT
5014,Psittacula finschii_Gray-headed Parakeet,taxon,Psittacula finschii,Gray-headed Parakeet,5229034,birdnet,SPECIES,species,EXACT
5015,Psittacula himalayana_Slaty-headed Parakeet,taxon,Psittacula himalayana,Slaty-headed Parakeet,5229036,birdnet,SPECIES,species,EXACT
5016,Psittacula krameri_Rose-ringed Parakeet,taxon,Psittacula krameri,Rose-ringed Parakeet,2479226,birdnet,SPECIES,species,EXACT
5017,Psittacula longicauda_Long-tailed Parakeet,taxon,Psittacula longicauda,Long-tailed Parakeet,5229038,birdnet,SPECIES,species,EXACT
5018,Psittacus erithacus_Gray Parrot,taxon,Psittacus erithacus,Gray Parrot,2480181,birdnet,SPECIES,species,EXACT
5019,Psittinus cyanurus_Blue-rumped Parrot,taxon,Psittinus cyanurus,Blue-rumped Parrot,2479524,birdnet,SPECIES,species,EXACT
5020,Psittiparus gularis_Gray-headed Parrotbill,taxon,Psittiparus gularis,Gray-headed Parrotbill,6100916,birdnet,SPECIES,species,EXACT
5021,Psophia crepitans_Gray-winged Trumpeter,taxon,Psophia crepitans,Gray-winged Trumpeter,2474363,birdnet,SPECIES,species,EXACT
5022,Psophia leucoptera_Pale-winged Trumpeter,taxon,Psophia leucoptera,Pale-winged Trumpeter,2474360,birdnet,SPECIES,species,EXACT
5023,Psophia viridis_Dark-winged Trumpeter,taxon,Psophia viridis,Dark-winged Trumpeter,2474356,birdnet,SPECIES,species,EXACT
5024,Psophocichla litsitsirupa_Groundscraper Thrush,taxon,Psophocichla litsitsirupa,Groundscraper Thrush,5789049,birdnet,SPECIES,species,EXACT
5025,Psophodes cristatus_Chirruping Wedgebill,taxon,Psophodes cristatus,Chirruping Wedgebill,2495058,birdnet,SPECIES,species,EXACT
5026,Psophodes nigrogularis_Western Whipbird,taxon,Psophodes nigrogularis,Western Whipbird,2495056,birdnet,SPECIES,species,EXACT
5027,Psophodes occidentalis_Chiming Wedgebill,taxon,Psophodes occidentalis,Chiming Wedgebill,2495059,birdnet,SPECIES,species,EXACT
5028,Psophodes olivaceus_Eastern Whipbird,taxon,Psophodes olivaceus,Eastern Whipbird,2495057,birdnet,SPECIES,species,EXACT
5029,Pteridophora alberti_King-of-Saxony Bird-of-Paradise,taxon,Pteridophora alberti,King-of-Saxony Bird-of-Paradise,2494888,birdnet,SPECIES,species,EXACT
5030,Pternistis adspersus_Red-billed Francolin,taxon,Pternistis adspersus,Red-billed Francolin,2473845,birdnet,SPECIES,species,EXACT
5031,Pternistis afer_Red-necked Francolin,taxon,Pternistis afer,Red-necked Francolin,2473787,birdnet,SPECIES,species,EXACT
5032,Pternistis ahantensis_Ahanta Francolin,taxon,Pternistis ahantensis,Ahanta Francolin,2473853,birdnet,SPECIES,species,EXACT
5033,Pternistis bicalcaratus_Double-spurred Francolin,taxon,Pternistis bicalcaratus,Double-spurred Francolin,2473897,birdnet,SPECIES,species,EXACT
5034,Pternistis capensis_Cape Francolin,taxon,Pternistis capensis,Cape Francolin,2473807,birdnet,SPECIES,species,EXACT
5035,Pternistis erckelii_Erckel's Francolin,taxon,Pternistis erckelii,Erckel's Francolin,2473861,birdnet,SPECIES,species,EXACT
5036,Pternistis hildebrandti_Hildebrandt's Francolin,taxon,Pternistis hildebrandti,Hildebrandt's Francolin,2473837,birdnet,SPECIES,species,EXACT
5037,Pternistis leucoscepus_Yellow-necked Francolin,taxon,Pternistis leucoscepus,Yellow-necked Francolin,2473849,birdnet,SPECIES,species,EXACT
5038,Pternistis natalensis_Natal Francolin,taxon,Pternistis natalensis,Natal Francolin,2473804,birdnet,SPECIES,species,EXACT
5039,Pternistis squamatus_Scaly Francolin,taxon,Pternistis squamatus,Scaly Francolin,2473828,birdnet,SPECIES,species,EXACT
5040,Pternistis swainsonii_Swainson's Francolin,taxon,Pternistis swainsonii,Swainson's Francolin,2473944,birdnet,SPECIES,species,EXACT
5041,Pterocles alchata_Pin-tailed Sandgrouse,taxon,Pterocles alchata,Pin-tailed Sandgrouse,2480204,birdnet,SPECIES,species,EXACT
5042,Pterocles exustus_Chestnut-bellied Sandgrouse,taxon,Pterocles exustus,Chestnut-bellied Sandgrouse,9522580,birdnet,SPECIES,species,EXACT
5043,Pterocles namaqua_Namaqua Sandgrouse,taxon,Pterocles namaqua,Namaqua Sandgrouse,2480202,birdnet,SPECIES,species,EXACT
5044,Pterocles orientalis_Black-bellied Sandgrouse,taxon,Pterocles orientalis,Black-bellied Sandgrouse,2480193,birdnet,SPECIES,species,EXACT
5045,Pterocles senegallus_Spotted Sandgrouse,taxon,Pterocles senegallus,Spotted Sandgrouse,2480194,birdnet,SPECIES,species,EXACT
5046,Pterodroma cervicalis_White-necked Petrel,taxon,Pterodroma cervicalis,White-necked Petrel,2481458,birdnet,SPECIES,species,EXACT
5047,Pterodroma cookii_Cook's Petrel,taxon,Pterodroma cookii,Cook's Petrel,2481491,birdnet,SPECIES,species,EXACT
5048,Pterodroma externa_Juan Fernandez Petrel,taxon,Pterodroma externa,Juan Fernandez Petrel,2481467,birdnet,SPECIES,species,EXACT
5049,Pterodroma hypoleuca_Bonin Petrel,taxon,Pterodroma hypoleuca,Bonin Petrel,2481470,birdnet,SPECIES,species,EXACT
5050,Pterodroma inexpectata_Mottled Petrel,taxon,Pterodroma inexpectata,Mottled Petrel,2481451,birdnet,SPECIES,species,EXACT
5051,Pterodroma madeira_Zino's Petrel,taxon,Pterodroma madeira,Zino's Petrel,2481463,birdnet,SPECIES,species,EXACT
5052,Pterodroma neglecta_Kermadec Petrel,taxon,Pterodroma neglecta,Kermadec Petrel,2481488,birdnet,SPECIES,species,EXACT
5053,Pterodroma nigripennis_Black-winged Petrel,taxon,Pterodroma nigripennis,Black-winged Petrel,2481444,birdnet,SPECIES,species,EXACT
5054,Pterodroma phaeopygia_Galapagos Petrel,taxon,Pterodroma phaeopygia,Galapagos Petrel,2481460,birdnet,SPECIES,species,EXACT
5055,Pterodroma sandwichensis_Hawaiian Petrel,taxon,Pterodroma sandwichensis,Hawaiian Petrel,2481449,birdnet,SPECIES,species,EXACT
5056,Pteroglossus aracari_Black-necked Aracari,taxon,Pteroglossus aracari,Black-necked Aracari,2478828,birdnet,SPECIES,species,EXACT
5057,Pteroglossus azara_Ivory-billed Aracari,taxon,Pteroglossus azara,Ivory-billed Aracari,2478817,birdnet,SPECIES,species,EXACT
5058,Pteroglossus bailloni_Saffron Toucanet,taxon,Pteroglossus bailloni,Saffron Toucanet,5789361,birdnet,SPECIES,species,EXACT
5059,Pteroglossus beauharnaisii_Curl-crested Aracari,taxon,Pteroglossus beauharnaisii,Curl-crested Aracari,10733411,birdnet,SPECIES,species,EXACT
5060,Pteroglossus bitorquatus_Red-necked Aracari,taxon,Pteroglossus bitorquatus,Red-necked Aracari,2478834,birdnet,SPECIES,species,EXACT
5061,Pteroglossus castanotis_Chestnut-eared Aracari,taxon,Pteroglossus castanotis,Chestnut-eared Aracari,2478822,birdnet,SPECIES,species,EXACT
5062,Pteroglossus frantzii_Fiery-billed Aracari,taxon,Pteroglossus frantzii,Fiery-billed Aracari,2478825,birdnet,SPECIES,species,EXACT
5063,Pteroglossus inscriptus_Lettered Aracari,taxon,Pteroglossus inscriptus,Lettered Aracari,2478814,birdnet,SPECIES,species,EXACT
5064,Pteroglossus pluricinctus_Many-banded Aracari,taxon,Pteroglossus pluricinctus,Many-banded Aracari,2478826,birdnet,SPECIES,species,EXACT
5065,Pteroglossus torquatus_Collared Aracari,taxon,Pteroglossus torquatus,Collared Aracari,2478838,birdnet,SPECIES,species,EXACT
5066,Pterophylla camellifolia_Common True Katydid,taxon,Pterophylla camellifolia,Common True Katydid,5097411,birdnet,SPECIES,species,EXACT
5067,Pteroptochos castaneus_Chestnut-throated Huet-huet,taxon,Pteroptochos castaneus,Chestnut-throated Huet-huet,4966671,birdnet,SPECIES,species,EXACT
5068,Pteroptochos megapodius_Moustached Turca,taxon,Pteroptochos megapodius,Moustached Turca,2491020,birdnet,SPECIES,species,EXACT
5069,Pteroptochos tarnii_Black-throated Huet-huet,taxon,Pteroptochos tarnii,Black-throated Huet-huet,2491019,birdnet,SPECIES,species,EXACT
5070,Pterorhinus albogularis_White-throated Laughingthrush,taxon,Pterorhinus albogularis,White-throated Laughingthrush,9992856,birdnet,SPECIES,species,EXACT
5071,Pterorhinus berthemyi_Buffy Laughingthrush,taxon,Pterorhinus berthemyi,Buffy Laughingthrush,11058825,birdnet,SPECIES,species,EXACT
5072,Pterorhinus chinensis_Black-throated Laughingthrush,taxon,Pterorhinus chinensis,Black-throated Laughingthrush,10387816,birdnet,SPECIES,species,EXACT
5073,Pterorhinus davidi_Pere David's Laughingthrush,taxon,Pterorhinus davidi,Pere David's Laughingthrush,10329905,birdnet,SPECIES,species,EXACT
5074,Pterorhinus delesserti_Wayanad Laughingthrush,taxon,Pterorhinus delesserti,Wayanad Laughingthrush,11062506,birdnet,SPECIES,species,EXACT
5075,Pterorhinus mitratus_Chestnut-capped Laughingthrush,taxon,Pterorhinus mitratus,Chestnut-capped Laughingthrush,11012880,birdnet,SPECIES,species,EXACT
5076,Pterorhinus pectoralis_Greater Necklaced Laughingthrush,taxon,Pterorhinus pectoralis,Greater Necklaced Laughingthrush,10540401,birdnet,SPECIES,species,EXACT
5077,Pterorhinus perspicillatus_Masked Laughingthrush,taxon,Pterorhinus perspicillatus,Masked Laughingthrush,10575132,birdnet,SPECIES,species,EXACT
5078,Pterorhinus poecilorhynchus_Rusty Laughingthrush,taxon,Pterorhinus poecilorhynchus,Rusty Laughingthrush,9842437,birdnet,SPECIES,species,EXACT
5079,Pterorhinus ruficollis_Rufous-necked Laughingthrush,taxon,Pterorhinus ruficollis,Rufous-necked Laughingthrush,10930540,birdnet,SPECIES,species,EXACT
5080,Pterorhinus sannio_White-browed Laughingthrush,taxon,Pterorhinus sannio,White-browed Laughingthrush,10598340,birdnet,SPECIES,species,EXACT
5081,Pterorhinus treacheri_Chestnut-hooded Laughingthrush,taxon,Pterorhinus treacheri,Chestnut-hooded Laughingthrush,11026671,birdnet,SPECIES,species,EXACT
5082,Pteruthius aeralatus_Blyth's Shrike-Babbler,taxon,Pteruthius aeralatus,Blyth's Shrike-Babbler,7341431,birdnet,SPECIES,species,EXACT
5083,Pteruthius intermedius_Clicking Shrike-Babbler,taxon,Pteruthius intermedius,Clicking Shrike-Babbler,7341414,birdnet,SPECIES,species,EXACT
5084,Pteruthius melanotis_Black-eared Shrike-Babbler,taxon,Pteruthius melanotis,Black-eared Shrike-Babbler,2492994,birdnet,SPECIES,species,EXACT
5085,Pteruthius ripleyi_Himalayan Shrike-Babbler,taxon,Pteruthius ripleyi,Himalayan Shrike-Babbler,6100767,birdnet,SPECIES,species,EXACT
5086,Pteruthius rufiventer_Black-headed Shrike-Babbler,taxon,Pteruthius rufiventer,Black-headed Shrike-Babbler,2492992,birdnet,SPECIES,species,EXACT
5087,Pteruthius xanthochlorus_Green Shrike-Babbler,taxon,Pteruthius xanthochlorus,Green Shrike-Babbler,2492995,birdnet,SPECIES,species,EXACT
5088,Ptilinopus iozonus_Orange-bellied Fruit-Dove,taxon,Ptilinopus iozonus,Orange-bellied Fruit-Dove,2495598,birdnet,SPECIES,species,EXACT
5089,Ptilinopus magnificus_Wompoo Fruit-Dove,taxon,Ptilinopus magnificus,Wompoo Fruit-Dove,2495643,birdnet,SPECIES,species,EXACT
5090,Ptilinopus melanospilus_Black-naped Fruit-Dove,taxon,Ptilinopus melanospilus,Black-naped Fruit-Dove,2495630,birdnet,SPECIES,species,EXACT
5091,Ptilinopus occipitalis_Yellow-breasted Fruit-Dove,taxon,Ptilinopus occipitalis,Yellow-breasted Fruit-Dove,2495576,birdnet,SPECIES,species,EXACT
5092,Ptilinopus pelewensis_Palau Fruit-Dove,taxon,Ptilinopus pelewensis,Palau Fruit-Dove,2495629,birdnet,SPECIES,species,EXACT
5093,Ptilinopus porphyraceus_Crimson-crowned Fruit-Dove,taxon,Ptilinopus porphyraceus,Crimson-crowned Fruit-Dove,2495604,birdnet,SPECIES,species,EXACT
5094,Ptilinopus regina_Rose-crowned Fruit-Dove,taxon,Ptilinopus regina,Rose-crowned Fruit-Dove,2495614,birdnet,SPECIES,species,EXACT
5095,Ptilinopus rivoli_White-breasted Fruit-Dove,taxon,Ptilinopus rivoli,White-breasted Fruit-Dove,2495568,birdnet,SPECIES,species,EXACT
5096,Ptilinopus solomonensis_Yellow-bibbed Fruit-Dove,taxon,Ptilinopus solomonensis,Yellow-bibbed Fruit-Dove,9495719,birdnet,SPECIES,species,EXACT
5097,Ptilinopus superbus_Superb Fruit-Dove,taxon,Ptilinopus superbus,Superb Fruit-Dove,2495594,birdnet,SPECIES,species,EXACT
5098,Ptilinopus viridis_Claret-breasted Fruit-Dove,taxon,Ptilinopus viridis,Claret-breasted Fruit-Dove,2495529,birdnet,SPECIES,species,EXACT
5099,Ptiliogonys caudatus_Long-tailed Silky-flycatcher,taxon,Ptiliogonys caudatus,Long-tailed Silky-flycatcher,2492895,birdnet,SPECIES,species,EXACT
5100,Ptiliogonys cinereus_Gray Silky-flycatcher,taxon,Ptiliogonys cinereus,Gray Silky-flycatcher,2492893,birdnet,SPECIES,species,EXACT
5101,Ptilocichla falcata_Falcated Wren-Babbler,taxon,Ptilocichla falcata,Falcated Wren-Babbler,2492899,birdnet,SPECIES,species,EXACT
5102,Ptilocichla leucogrammica_Bornean Wren-Babbler,taxon,Ptilocichla leucogrammica,Bornean Wren-Babbler,2492897,birdnet,SPECIES,species,EXACT
5103,Ptilocichla mindanensis_Striated Wren-Babbler,taxon,Ptilocichla mindanensis,Striated Wren-Babbler,2492898,birdnet,SPECIES,species,EXACT
5104,Ptilonorhynchus violaceus_Satin Bowerbird,taxon,Ptilonorhynchus violaceus,Satin Bowerbird,5231665,birdnet,SPECIES,species,EXACT
5105,Ptilopachus petrosus_Stone Partridge,taxon,Ptilopachus petrosus,Stone Partridge,2474089,birdnet,SPECIES,species,EXACT
5106,Ptiloprora guisei_Rufous-backed Honeyeater,taxon,Ptiloprora guisei,Rufous-backed Honeyeater,2487116,birdnet,SPECIES,species,EXACT
5107,Ptiloprora perstriata_Gray-streaked Honeyeater,taxon,Ptiloprora perstriata,Gray-streaked Honeyeater,2487112,birdnet,SPECIES,species,EXACT
5108,Ptilopsis leucotis_Northern White-faced Owl,taxon,Ptilopsis leucotis,Northern White-faced Owl,5232239,birdnet,SPECIES,species,EXACT
5109,Ptiloris magnificus_Magnificent Riflebird,taxon,Ptiloris magnificus,Magnificent Riflebird,2494897,birdnet,SPECIES,species,EXACT
5110,Ptiloris paradiseus_Paradise Riflebird,taxon,Ptiloris paradiseus,Paradise Riflebird,2494898,birdnet,SPECIES,species,EXACT
5111,Ptiloris victoriae_Victoria's Riflebird,taxon,Ptiloris victoriae,Victoria's Riflebird,2494896,birdnet,SPECIES,species,EXACT
5112,Ptilorrhoa caerulescens_Blue Jewel-babbler,taxon,Ptilorrhoa caerulescens,Blue Jewel-babbler,2495053,birdnet,SPECIES,species,EXACT
5113,Ptilorrhoa castanonota_Chestnut-backed Jewel-babbler,taxon,Ptilorrhoa castanonota,Chestnut-backed Jewel-babbler,2495052,birdnet,SPECIES,species,EXACT
5114,Ptilorrhoa leucosticta_Spotted Jewel-babbler,taxon,Ptilorrhoa leucosticta,Spotted Jewel-babbler,2495054,birdnet,SPECIES,species,EXACT
5115,Ptilostomus afer_Piapiac,taxon,Ptilostomus afer,Piapiac,2482461,birdnet,SPECIES,species,EXACT
5116,Ptilotula fusca_Fuscous Honeyeater,taxon,Ptilotula fusca,Fuscous Honeyeater,7868408,birdnet,SPECIES,species,EXACT
5117,Ptilotula ornata_Yellow-plumed Honeyeater,taxon,Ptilotula ornata,Yellow-plumed Honeyeater,7823655,birdnet,SPECIES,species,EXACT
5118,Ptilotula penicillata_White-plumed Honeyeater,taxon,Ptilotula penicillata,White-plumed Honeyeater,7878644,birdnet,SPECIES,species,EXACT
5119,Ptiloxena atroviolacea_Cuban Blackbird,taxon,Ptiloxena atroviolacea,Cuban Blackbird,9225592,birdnet,SPECIES,species,EXACT
5120,Ptyonoprogne concolor_Dusky Crag-Martin,taxon,Ptyonoprogne concolor,Dusky Crag-Martin,7340278,birdnet,SPECIES,species,EXACT
5121,Ptyonoprogne fuligula_Rock Martin,taxon,Ptyonoprogne fuligula,Rock Martin,7340285,birdnet,SPECIES,species,EXACT
5122,Ptyonoprogne rupestris_Eurasian Crag-Martin,taxon,Ptyonoprogne rupestris,Eurasian Crag-Martin,4408796,birdnet,SPECIES,species,EXACT
5123,Pucrasia macrolopha_Koklass Pheasant,taxon,Pucrasia macrolopha,Koklass Pheasant,2473562,birdnet,SPECIES,species,EXACT
5124,Puffinus bailloni_Tropical Shearwater,taxon,Puffinus bailloni,Tropical Shearwater,5843953,birdnet,SPECIES,species,EXACT
5125,Puffinus nativitatis_Christmas Shearwater,taxon,Puffinus nativitatis,Christmas Shearwater,5229340,birdnet,SPECIES,species,EXACT
5126,Puffinus newelli_Newell's Shearwater,taxon,Puffinus newelli,Newell's Shearwater,9503570,birdnet,SPECIES,species,EXACT
5127,Puffinus puffinus_Manx Shearwater,taxon,Puffinus puffinus,Manx Shearwater,5229380,birdnet,SPECIES,species,EXACT
5128,Pulsatrix koeniswaldiana_Tawny-browed Owl,taxon,Pulsatrix koeniswaldiana,Tawny-browed Owl,2497885,birdnet,SPECIES,species,EXACT
5129,Pulsatrix melanota_Band-bellied Owl,taxon,Pulsatrix melanota,Band-bellied Owl,2497886,birdnet,SPECIES,species,EXACT
5130,Pulsatrix perspicillata_Spectacled Owl,taxon,Pulsatrix perspicillata,Spectacled Owl,2497878,birdnet,SPECIES,species,EXACT
5131,Purnella albifrons_White-fronted Honeyeater,taxon,Purnella albifrons,White-fronted Honeyeater,6094315,birdnet,SPECIES,species,EXACT
5132,Purpureicephalus spurius_Red-capped Parrot,taxon,Purpureicephalus spurius,Red-capped Parrot,2479363,birdnet,SPECIES,species,EXACT
5133,Pycnonotus aurigaster_Sooty-headed Bulbul,taxon,Pycnonotus aurigaster,Sooty-headed Bulbul,2486121,birdnet,SPECIES,species,EXACT
5134,Pycnonotus barbatus_Common Bulbul,taxon,Pycnonotus barbatus,Common Bulbul,2486147,birdnet,SPECIES,species,EXACT
5135,Pycnonotus brunneus_Red-eyed Bulbul,taxon,Pycnonotus brunneus,Red-eyed Bulbul,2486149,birdnet,SPECIES,species,EXACT
5136,Pycnonotus cafer_Red-vented Bulbul,taxon,Pycnonotus cafer,Red-vented Bulbul,2486131,birdnet,SPECIES,species,EXACT
5137,Pycnonotus capensis_Cape Bulbul,taxon,Pycnonotus capensis,Cape Bulbul,2486138,birdnet,SPECIES,species,EXACT
5138,Pycnonotus conradi_Streak-eared Bulbul,taxon,Pycnonotus conradi,Streak-eared Bulbul,7677539,birdnet,SPECIES,species,EXACT
5139,Pycnonotus finlaysoni_Stripe-throated Bulbul,taxon,Pycnonotus finlaysoni,Stripe-throated Bulbul,2486127,birdnet,SPECIES,species,EXACT
5140,Pycnonotus flavescens_Flavescent Bulbul,taxon,Pycnonotus flavescens,Flavescent Bulbul,2486115,birdnet,SPECIES,species,EXACT
5141,Pycnonotus goiavier_Yellow-vented Bulbul,taxon,Pycnonotus goiavier,Yellow-vented Bulbul,2486144,birdnet,SPECIES,species,EXACT
5142,Pycnonotus jocosus_Red-whiskered Bulbul,taxon,Pycnonotus jocosus,Red-whiskered Bulbul,2486151,birdnet,SPECIES,species,EXACT
5143,Pycnonotus leucogenys_Himalayan Bulbul,taxon,Pycnonotus leucogenys,Himalayan Bulbul,2486129,birdnet,SPECIES,species,EXACT
5144,Pycnonotus leucotis_White-eared Bulbul,taxon,Pycnonotus leucotis,White-eared Bulbul,2486132,birdnet,SPECIES,species,EXACT
5145,Pycnonotus luteolus_White-browed Bulbul,taxon,Pycnonotus luteolus,White-browed Bulbul,2486119,birdnet,SPECIES,species,EXACT
5146,Pycnonotus nigricans_Black-fronted Bulbul,taxon,Pycnonotus nigricans,Black-fronted Bulbul,2486146,birdnet,SPECIES,species,EXACT
5147,Pycnonotus plumosus_Olive-winged Bulbul,taxon,Pycnonotus plumosus,Olive-winged Bulbul,2486122,birdnet,SPECIES,species,EXACT
5148,Pycnonotus simplex_Cream-vented Bulbul,taxon,Pycnonotus simplex,Cream-vented Bulbul,2486137,birdnet,SPECIES,species,EXACT
5149,Pycnonotus sinensis_Light-vented Bulbul,taxon,Pycnonotus sinensis,Light-vented Bulbul,2486150,birdnet,SPECIES,species,EXACT
5150,Pycnonotus striatus_Striated Bulbul,taxon,Pycnonotus striatus,Striated Bulbul,2486153,birdnet,SPECIES,species,EXACT
5151,Pycnonotus taivanus_Styan's Bulbul,taxon,Pycnonotus taivanus,Styan's Bulbul,2486141,birdnet,SPECIES,species,EXACT
5152,Pycnonotus xantholaemus_Yellow-throated Bulbul,taxon,Pycnonotus xantholaemus,Yellow-throated Bulbul,2486128,birdnet,SPECIES,species,EXACT
5153,Pycnonotus xanthopygos_White-spectacled Bulbul,taxon,Pycnonotus xanthopygos,White-spectacled Bulbul,2486116,birdnet,SPECIES,species,EXACT
5154,Pycnonotus xanthorrhous_Brown-breasted Bulbul,taxon,Pycnonotus xanthorrhous,Brown-breasted Bulbul,2486130,birdnet,SPECIES,species,EXACT
5155,Pycnonotus zeylanicus_Straw-headed Bulbul,taxon,Pycnonotus zeylanicus,Straw-headed Bulbul,2486118,birdnet,SPECIES,species,EXACT
5156,Pycnoptilus floccosus_Pilotbird,taxon,Pycnoptilus floccosus,Pilotbird,2486595,birdnet,SPECIES,species,EXACT
5157,Pygarrhichas albogularis_White-throated Treerunner,taxon,Pygarrhichas albogularis,White-throated Treerunner,2485838,birdnet,SPECIES,species,EXACT
5158,Pygiptila stellaris_Spot-winged Antshrike,taxon,Pygiptila stellaris,Spot-winged Antshrike,2490142,birdnet,SPECIES,species,EXACT
5159,Pygochelidon cyanoleuca_Blue-and-white Swallow,taxon,Pygochelidon cyanoleuca,Blue-and-white Swallow,2489207,birdnet,SPECIES,species,EXACT
5160,Pygoscelis adeliae_Adelie Penguin,taxon,Pygoscelis adeliae,Adelie Penguin,2481663,birdnet,SPECIES,species,EXACT
5161,Pygoscelis antarcticus_Chinstrap Penguin,taxon,Pygoscelis antarcticus,Chinstrap Penguin,2481664,birdnet,SPECIES,species,EXACT
5162,Pygoscelis papua_Gentoo Penguin,taxon,Pygoscelis papua,Gentoo Penguin,2481666,birdnet,SPECIES,species,EXACT
5163,Pyriglena atra_Fringe-backed Fire-eye,taxon,Pyriglena atra,Fringe-backed Fire-eye,2490067,birdnet,SPECIES,species,EXACT
5164,Pyriglena leuconota_East Amazonian Fire-eye,taxon,Pyriglena leuconota,East Amazonian Fire-eye,2490066,birdnet,SPECIES,species,EXACT
5165,Pyriglena leucoptera_White-shouldered Fire-eye,taxon,Pyriglena leucoptera,White-shouldered Fire-eye,2490068,birdnet,SPECIES,species,EXACT
5166,Pyriglena maura_Western Fire-eye,taxon,Pyriglena maura,Western Fire-eye,11033593,birdnet,SPECIES,species,EXACT
5167,Pyrilia barrabandi_Orange-cheeked Parrot,taxon,Pyrilia barrabandi,Orange-cheeked Parrot,7340175,birdnet,SPECIES,species,EXACT
5168,Pyrilia caica_Caica Parrot,taxon,Pyrilia caica,Caica Parrot,5788418,birdnet,SPECIES,species,EXACT
5169,Pyrilia haematotis_Brown-hooded Parrot,taxon,Pyrilia haematotis,Brown-hooded Parrot,7340177,birdnet,SPECIES,species,EXACT
5170,Pyrilia pulchra_Rose-faced Parrot,taxon,Pyrilia pulchra,Rose-faced Parrot,5788420,birdnet,SPECIES,species,EXACT
5171,Pyrilia pyrilia_Saffron-headed Parrot,taxon,Pyrilia pyrilia,Saffron-headed Parrot,5788422,birdnet,SPECIES,species,EXACT
5172,Pyrocephalus rubinus_Vermilion Flycatcher,taxon,Pyrocephalus rubinus,Vermilion Flycatcher,2483647,birdnet,SPECIES,species,EXACT
5173,Pyroderus scutatus_Red-ruffed Fruitcrow,taxon,Pyroderus scutatus,Red-ruffed Fruitcrow,2486243,birdnet,SPECIES,species,EXACT
5174,Pyrope pyrope_Fire-eyed Diucon,taxon,Pyrope pyrope,Fire-eyed Diucon,11223235,birdnet,SPECIES,species,EXACT
5175,Pyrrhocorax graculus_Yellow-billed Chough,taxon,Pyrrhocorax graculus,Yellow-billed Chough,2482553,birdnet,SPECIES,species,EXACT
5176,Pyrrhocorax pyrrhocorax_Red-billed Chough,taxon,Pyrrhocorax pyrrhocorax,Red-billed Chough,2482552,birdnet,SPECIES,species,EXACT
5177,Pyrrholaemus brunneus_Redthroat,taxon,Pyrrholaemus brunneus,Redthroat,2486589,birdnet,SPECIES,species,EXACT
5178,Pyrrholaemus sagittatus_Speckled Warbler,taxon,Pyrrholaemus sagittatus,Speckled Warbler,4846358,birdnet,SPECIES,species,EXACT
5179,Pyrrhomyias cinnamomeus_Cinnamon Flycatcher,taxon,Pyrrhomyias cinnamomeus,Cinnamon Flycatcher,2483914,birdnet,SPECIES,species,EXACT
5180,Pyrrhula erythaca_Gray-headed Bullfinch,taxon,Pyrrhula erythaca,Gray-headed Bullfinch,2494536,birdnet,SPECIES,species,EXACT
5181,Pyrrhula nipalensis_Brown Bullfinch,taxon,Pyrrhula nipalensis,Brown Bullfinch,9320930,birdnet,SPECIES,species,EXACT
5182,Pyrrhula pyrrhula_Eurasian Bullfinch,taxon,Pyrrhula pyrrhula,Eurasian Bullfinch,2494543,birdnet,SPECIES,species,EXACT
5183,Pyrrhura albipectus_White-necked Parakeet,taxon,Pyrrhura albipectus,White-necked Parakeet,2479839,birdnet,SPECIES,species,EXACT
5184,Pyrrhura amazonum_Santarem Parakeet,taxon,Pyrrhura amazonum,Santarem Parakeet,7340182,birdnet,SPECIES,species,EXACT
5185,Pyrrhura calliptera_Brown-breasted Parakeet,taxon,Pyrrhura calliptera,Brown-breasted Parakeet,2479816,birdnet,SPECIES,species,EXACT
5186,Pyrrhura cruentata_Ochre-marked Parakeet,taxon,Pyrrhura cruentata,Ochre-marked Parakeet,2479855,birdnet,SPECIES,species,EXACT
5187,Pyrrhura frontalis_Maroon-bellied Parakeet,taxon,Pyrrhura frontalis,Maroon-bellied Parakeet,2479840,birdnet,SPECIES,species,EXACT
5188,Pyrrhura hoematotis_Red-eared Parakeet,taxon,Pyrrhura hoematotis,Red-eared Parakeet,2479821,birdnet,SPECIES,species,EXACT
5189,Pyrrhura hoffmanni_Sulphur-winged Parakeet,taxon,Pyrrhura hoffmanni,Sulphur-winged Parakeet,2479818,birdnet,SPECIES,species,EXACT
5190,Pyrrhura leucotis_Maroon-faced Parakeet,taxon,Pyrrhura leucotis,Maroon-faced Parakeet,2479844,birdnet,SPECIES,species,EXACT
5191,Pyrrhura melanura_Maroon-tailed Parakeet,taxon,Pyrrhura melanura,Maroon-tailed Parakeet,2479824,birdnet,SPECIES,species,EXACT
5192,Pyrrhura molinae_Green-cheeked Parakeet,taxon,Pyrrhura molinae,Green-cheeked Parakeet,2479804,birdnet,SPECIES,species,EXACT
5193,Pyrrhura orcesi_El Oro Parakeet,taxon,Pyrrhura orcesi,El Oro Parakeet,2479843,birdnet,SPECIES,species,EXACT
5194,Pyrrhura perlata_Crimson-bellied Parakeet,taxon,Pyrrhura perlata,Crimson-bellied Parakeet,2479851,birdnet,SPECIES,species,EXACT
5195,Pyrrhura picta_Painted Parakeet,taxon,Pyrrhura picta,Painted Parakeet,2479831,birdnet,SPECIES,species,EXACT
5196,Pyrrhura rhodocephala_Rose-headed Parakeet,taxon,Pyrrhura rhodocephala,Rose-headed Parakeet,2479837,birdnet,SPECIES,species,EXACT
5197,Pyrrhura roseifrons_Rose-fronted Parakeet,taxon,Pyrrhura roseifrons,Rose-fronted Parakeet,7340180,birdnet,SPECIES,species,EXACT
5198,Pyrrhura rupicola_Black-capped Parakeet,taxon,Pyrrhura rupicola,Black-capped Parakeet,2479813,birdnet,SPECIES,species,EXACT
5199,Pyrrhura viridicata_Santa Marta Parakeet,taxon,Pyrrhura viridicata,Santa Marta Parakeet,2479854,birdnet,SPECIES,species,EXACT
5200,Pytilia melba_Green-winged Pytilia,taxon,Pytilia melba,Green-winged Pytilia,2493716,birdnet,SPECIES,species,EXACT
5201,Quelea quelea_Red-billed Quelea,taxon,Quelea quelea,Red-billed Quelea,2493987,birdnet,SPECIES,species,EXACT
5202,Querula purpurata_Purple-throated Fruitcrow,taxon,Querula purpurata,Purple-throated Fruitcrow,2486253,birdnet,SPECIES,species,EXACT
5203,Quiscalus lugubris_Carib Grackle,taxon,Quiscalus lugubris,Carib Grackle,2484159,birdnet,SPECIES,species,EXACT
5204,Quiscalus major_Boat-tailed Grackle,taxon,Quiscalus major,Boat-tailed Grackle,2484133,birdnet,SPECIES,species,EXACT
5205,Quiscalus mexicanus_Great-tailed Grackle,taxon,Quiscalus mexicanus,Great-tailed Grackle,9476062,birdnet,SPECIES,species,EXACT
5206,Quiscalus nicaraguensis_Nicaraguan Grackle,taxon,Quiscalus nicaraguensis,Nicaraguan Grackle,2484141,birdnet,SPECIES,species,EXACT
5207,Quiscalus niger_Greater Antillean Grackle,taxon,Quiscalus niger,Greater Antillean Grackle,2484168,birdnet,SPECIES,species,EXACT
5208,Quiscalus quiscula_Common Grackle,taxon,Quiscalus quiscula,Common Grackle,2484155,birdnet,SPECIES,species,EXACT
5209,Radjah radjah_Radjah Shelduck,taxon,Radjah radjah,Radjah Shelduck,9647688,birdnet,SPECIES,species,EXACT
5210,Rallina eurizonoides_Slaty-legged Crake,taxon,Rallina eurizonoides,Slaty-legged Crake,2474460,birdnet,SPECIES,species,EXACT
5211,Rallina fasciata_Red-legged Crake,taxon,Rallina fasciata,Red-legged Crake,2474481,birdnet,SPECIES,species,EXACT
5212,Rallina tricolor_Red-necked Crake,taxon,Rallina tricolor,Red-necked Crake,2474482,birdnet,SPECIES,species,EXACT
5213,Rallus antarcticus_Austral Rail,taxon,Rallus antarcticus,Austral Rail,2474796,birdnet,SPECIES,species,EXACT
5214,Rallus aquaticus_Water Rail,taxon,Rallus aquaticus,Water Rail,2474831,birdnet,SPECIES,species,EXACT
5215,Rallus caerulescens_African Rail,taxon,Rallus caerulescens,African Rail,2474830,birdnet,SPECIES,species,EXACT
5216,Rallus crepitans_Clapper Rail,taxon,Rallus crepitans,Clapper Rail,7751637,birdnet,SPECIES,species,EXACT
5217,Rallus elegans_King Rail,taxon,Rallus elegans,King Rail,9480015,birdnet,SPECIES,species,EXACT
5218,Rallus indicus_Brown-cheeked Rail,taxon,Rallus indicus,Brown-cheeked Rail,6085719,birdnet,SPECIES,species,EXACT
5219,Rallus limicola_Virginia Rail,taxon,Rallus limicola,Virginia Rail,2474825,birdnet,SPECIES,species,EXACT
5220,Rallus longirostris_Mangrove Rail,taxon,Rallus longirostris,Mangrove Rail,9395900,birdnet,SPECIES,species,EXACT
5221,Rallus obsoletus_Ridgway's Rail,taxon,Rallus obsoletus,Ridgway's Rail,7449585,birdnet,SPECIES,species,EXACT
5222,Rallus semiplumbeus_Bogota Rail,taxon,Rallus semiplumbeus,Bogota Rail,2474837,birdnet,SPECIES,species,EXACT
5223,Rallus tenuirostris_Aztec Rail,taxon,Rallus tenuirostris,Aztec Rail,7566063,birdnet,SPECIES,species,EXACT
5224,Ramphastos ambiguus_Yellow-throated Toucan,taxon,Ramphastos ambiguus,Yellow-throated Toucan,2478779,birdnet,SPECIES,species,EXACT
5225,Ramphastos brevis_Choco Toucan,taxon,Ramphastos brevis,Choco Toucan,2478769,birdnet,SPECIES,species,EXACT
5226,Ramphastos dicolorus_Red-breasted Toucan,taxon,Ramphastos dicolorus,Red-breasted Toucan,2478770,birdnet,SPECIES,species,EXACT
5227,Ramphastos sulfuratus_Keel-billed Toucan,taxon,Ramphastos sulfuratus,Keel-billed Toucan,2478771,birdnet,SPECIES,species,EXACT
5228,Ramphastos toco_Toco Toucan,taxon,Ramphastos toco,Toco Toucan,2478765,birdnet,SPECIES,species,EXACT
5229,Ramphastos tucanus_White-throated Toucan,taxon,Ramphastos tucanus,White-throated Toucan,2478774,birdnet,SPECIES,species,EXACT
5230,Ramphastos vitellinus_Channel-billed Toucan,taxon,Ramphastos vitellinus,Channel-billed Toucan,2478782,birdnet,SPECIES,species,EXACT
5231,Ramphocaenus melanurus_Long-billed Gnatwren,taxon,Ramphocaenus melanurus,Long-billed Gnatwren,9393917,birdnet,SPECIES,species,EXACT
5232,Ramphocaenus sticturus_Chattering Gnatwren,taxon,Ramphocaenus sticturus,Chattering Gnatwren,8156810,birdnet,SPECIES,species,EXACT
5233,Ramphocelus bresilius_Brazilian Tanager,taxon,Ramphocelus bresilia,Brazilian Tanager,2488430,birdnet,SPECIES,species,VARIANT
5234,Ramphocelus carbo_Silver-beaked Tanager,taxon,Ramphocelus carbo,Silver-beaked Tanager,2488442,birdnet,SPECIES,species,EXACT
5235,Ramphocelus dimidiatus_Crimson-backed Tanager,taxon,Ramphocelus dimidiatus,Crimson-backed Tanager,2488424,birdnet,SPECIES,species,EXACT
5236,Ramphocelus flammigerus_Flame-rumped Tanager,taxon,Ramphocelus flammigerus,Flame-rumped Tanager,2488439,birdnet,SPECIES,species,EXACT
5237,Ramphocelus melanogaster_Black-bellied Tanager,taxon,Ramphocelus melanogaster,Black-bellied Tanager,2488434,birdnet,SPECIES,species,EXACT
5238,Ramphocelus nigrogularis_Masked Crimson Tanager,taxon,Ramphocelus nigrogularis,Masked Crimson Tanager,2488438,birdnet,SPECIES,species,EXACT
5239,Ramphocelus passerinii_Scarlet-rumped Tanager,taxon,Ramphocelus passerinii,Scarlet-rumped Tanager,2488433,birdnet,SPECIES,species,EXACT
5240,Ramphocelus sanguinolentus_Crimson-collared Tanager,taxon,Ramphocelus sanguinolentus,Crimson-collared Tanager,2488420,birdnet,SPECIES,species,EXACT
5241,Ramphodon naevius_Saw-billed Hermit,taxon,Ramphodon naevius,Saw-billed Hermit,2476217,birdnet,SPECIES,species,EXACT
5242,Ramphomicron microrhynchum_Purple-backed Thornbill,taxon,Ramphomicron microrhynchum,Purple-backed Thornbill,2476052,birdnet,SPECIES,species,EXACT
5243,Ramphotrigon flammulatum_Flammulated Flycatcher,taxon,Ramphotrigon flammulatum,Flammulated Flycatcher,11341022,birdnet,SPECIES,species,EXACT
5244,Ramphotrigon fuscicauda_Dusky-tailed Flatbill,taxon,Ramphotrigon fuscicauda,Dusky-tailed Flatbill,2483868,birdnet,SPECIES,species,EXACT
5245,Ramphotrigon megacephalum_Large-headed Flatbill,taxon,Ramphotrigon megacephalum,Large-headed Flatbill,2483862,birdnet,SPECIES,species,EXACT
5246,Ramphotrigon ruficauda_Rufous-tailed Flatbill,taxon,Ramphotrigon ruficauda,Rufous-tailed Flatbill,2483861,birdnet,SPECIES,species,EXACT
5247,Ramsayornis modestus_Brown-backed Honeyeater,taxon,Ramsayornis modestus,Brown-backed Honeyeater,2486877,birdnet,SPECIES,species,EXACT
5248,Rauenia bonariensis_Blue-and-yellow Tanager,taxon,Rauenia bonariensis,Blue-and-yellow Tanager,11345373,birdnet,SPECIES,species,EXACT
5249,Recurvirostra americana_American Avocet,taxon,Recurvirostra americana,American Avocet,2480258,birdnet,SPECIES,species,EXACT
5250,Recurvirostra andina_Andean Avocet,taxon,Recurvirostra andina,Andean Avocet,2480256,birdnet,SPECIES,species,EXACT
5251,Recurvirostra avosetta_Pied Avocet,taxon,Recurvirostra avosetta,Pied Avocet,2480259,birdnet,SPECIES,species,EXACT
5252,Regulus goodfellowi_Flamecrest,taxon,Regulus goodfellowi,Flamecrest,2484590,birdnet,SPECIES,species,EXACT
5253,Regulus ignicapilla_Common Firecrest,taxon,Regulus ignicapilla,Common Firecrest,6093527,birdnet,SPECIES,species,EXACT
5254,Regulus madeirensis_Madeira Firecrest,taxon,Regulus madeirensis,Madeira Firecrest,4408806,birdnet,SPECIES,species,EXACT
5255,Regulus regulus_Goldcrest,taxon,Regulus regulus,Goldcrest,2484596,birdnet,SPECIES,species,EXACT
5256,Regulus satrapa_Golden-crowned Kinglet,taxon,Regulus satrapa,Golden-crowned Kinglet,2484591,birdnet,SPECIES,species,EXACT
5257,Reinwardtipicus validus_Orange-backed Woodpecker,taxon,Reinwardtipicus validus,Orange-backed Woodpecker,2478588,birdnet,SPECIES,species,EXACT
5258,Reinwardtoena reinwardti_Great Cuckoo-Dove,taxon,Reinwardtoena reinwardti,Great Cuckoo-Dove,7601266,birdnet,SPECIES,species,EXACT
5259,Remiz consobrinus_Chinese Penduline-Tit,taxon,Remiz consobrinus,Chinese Penduline-Tit,2487384,birdnet,SPECIES,species,EXACT
5260,Remiz coronatus_White-crowned Penduline-Tit,taxon,Remiz coronatus,White-crowned Penduline-Tit,2487383,birdnet,SPECIES,species,EXACT
5261,Remiz pendulinus_Eurasian Penduline-Tit,taxon,Remiz pendulinus,Eurasian Penduline-Tit,2487385,birdnet,SPECIES,species,EXACT
5262,Rhabdotorrhinus corrugatus_Wrinkled Hornbill,taxon,Rhabdotorrhinus corrugatus,Wrinkled Hornbill,8413441,birdnet,SPECIES,species,EXACT
5263,Rhabdotorrhinus exarhatus_Sulawesi Hornbill,taxon,Rhabdotorrhinus exarhatus,Sulawesi Hornbill,7609838,birdnet,SPECIES,species,EXACT
5264,Rhaphidura leucopygialis_Silver-rumped Needletail,taxon,Rhaphidura leucopygialis,Silver-rumped Needletail,5228605,birdnet,SPECIES,species,EXACT
5265,Rhea americana_Greater Rhea,taxon,Rhea americana,Greater Rhea,2495165,birdnet,SPECIES,species,EXACT
5266,Rhegmatorhina cristata_Chestnut-crested Antbird,taxon,Rhegmatorhina cristata,Chestnut-crested Antbird,2490213,birdnet,SPECIES,species,EXACT
5267,Rhegmatorhina gymnops_Bare-eyed Antbird,taxon,Rhegmatorhina gymnops,Bare-eyed Antbird,2490211,birdnet,SPECIES,species,EXACT
5268,Rhegmatorhina hoffmannsi_White-breasted Antbird,taxon,Rhegmatorhina hoffmannsi,White-breasted Antbird,2490212,birdnet,SPECIES,species,EXACT
5269,Rhegmatorhina melanosticta_Hairy-crested Antbird,taxon,Rhegmatorhina melanosticta,Hairy-crested Antbird,2490210,birdnet,SPECIES,species,EXACT
5270,Rhinocrypta lanceolata_Crested Gallito,taxon,Rhinocrypta lanceolata,Crested Gallito,2491022,birdnet,SPECIES,species,EXACT
5271,Rhinopomastus cyanomelas_Common Scimitarbill,taxon,Rhinopomastus cyanomelas,Common Scimitarbill,2498426,birdnet,SPECIES,species,EXACT
5272,Rhinortha chlorophaea_Raffles's Malkoha,taxon,Rhinortha chlorophaea,Raffles's Malkoha,5231928,birdnet,SPECIES,species,EXACT
5273,Rhipidura albicollis_White-throated Fantail,taxon,Rhipidura albicollis,White-throated Fantail,5231750,birdnet,SPECIES,species,EXACT
5274,Rhipidura albiscapa_Gray Fantail,taxon,Rhipidura albiscapa,Gray Fantail,9283578,birdnet,SPECIES,species,EXACT
5275,Rhipidura albogularis_Spot-breasted Fantail,taxon,Rhipidura albogularis,Spot-breasted Fantail,6087954,birdnet,SPECIES,species,EXACT
5276,Rhipidura albolimbata_Friendly Fantail,taxon,Rhipidura albolimbata,Friendly Fantail,5231736,birdnet,SPECIES,species,EXACT
5277,Rhipidura atra_Black Fantail,taxon,Rhipidura atra,Black Fantail,5231724,birdnet,SPECIES,species,EXACT
5278,Rhipidura aureola_White-browed Fantail,taxon,Rhipidura aureola,White-browed Fantail,5231752,birdnet,SPECIES,species,EXACT
5279,Rhipidura brachyrhyncha_Dimorphic Fantail,taxon,Rhipidura brachyrhyncha,Dimorphic Fantail,5231738,birdnet,SPECIES,species,EXACT
5280,Rhipidura cyaniceps_Blue-headed Fantail,taxon,Rhipidura cyaniceps,Blue-headed Fantail,5231740,birdnet,SPECIES,species,EXACT
5281,Rhipidura dryas_Arafura Fantail,taxon,Rhipidura dryas,Arafura Fantail,9622345,birdnet,SPECIES,species,EXACT
5282,Rhipidura fuliginosa_New Zealand Fantail,taxon,Rhipidura fuliginosa,New Zealand Fantail,5231730,birdnet,SPECIES,species,EXACT
5283,Rhipidura javanica_Malaysian Pied-Fantail,taxon,Rhipidura javanica,Malaysian Pied-Fantail,5231747,birdnet,SPECIES,species,EXACT
5284,Rhipidura leucophrys_Willie-wagtail,taxon,Rhipidura leucophrys,Willie-wagtail,5231722,birdnet,SPECIES,species,EXACT
5285,Rhipidura leucothorax_White-bellied Thicket-Fantail,taxon,Rhipidura leucothorax,White-bellied Thicket-Fantail,5231749,birdnet,SPECIES,species,EXACT
5286,Rhipidura maculipectus_Black Thicket-Fantail,taxon,Rhipidura maculipectus,Black Thicket-Fantail,5231735,birdnet,SPECIES,species,EXACT
5287,Rhipidura nigritorquis_Philippine Pied-Fantail,taxon,Rhipidura nigritorquis,Philippine Pied-Fantail,7409387,birdnet,SPECIES,species,EXACT
5288,Rhipidura perlata_Spotted Fantail,taxon,Rhipidura perlata,Spotted Fantail,5231725,birdnet,SPECIES,species,EXACT
5289,Rhipidura rufifrons_Rufous Fantail,taxon,Rhipidura rufifrons,Rufous Fantail,5231742,birdnet,SPECIES,species,EXACT
5290,Rhipidura rufiventris_Northern Fantail,taxon,Rhipidura rufiventris,Northern Fantail,5231729,birdnet,SPECIES,species,EXACT
5291,Rhipidura teysmanni_Sulawesi Fantail,taxon,Rhipidura teysmanni,Sulawesi Fantail,5231721,birdnet,SPECIES,species,EXACT
5292,Rhipidura threnothorax_Sooty Thicket-Fantail,taxon,Rhipidura threnothorax,Sooty Thicket-Fantail,5231748,birdnet,SPECIES,species,EXACT
5293,Rhipidura verreauxi_Streaked Fantail,taxon,Rhipidura verreauxi,Streaked Fantail,5788952,birdnet,SPECIES,species,EXACT
5294,Rhodinocichla rosea_Rosy Thrush-Tanager,taxon,Rhodinocichla rosea,Rosy Thrush-Tanager,2488552,birdnet,SPECIES,species,EXACT
5295,Rhodophoneus cruentus_Rosy-patched Bushshrike,taxon,Rhodophoneus cruentus,Rosy-patched Bushshrike,2484816,birdnet,SPECIES,species,EXACT
5296,Rhodospingus cruentus_Crimson-breasted Finch,taxon,Rhodospingus cruentus,Crimson-breasted Finch,2491895,birdnet,SPECIES,species,EXACT
5297,Rhodospiza obsoleta_Desert Finch,taxon,Rhodospiza obsoleta,Desert Finch,2494787,birdnet,SPECIES,species,EXACT
5298,Rhodostethia rosea_Ross's Gull,taxon,Rhodostethia rosea,Ross's Gull,2481218,birdnet,SPECIES,species,EXACT
5299,Rhodothraupis celaeno_Crimson-collared Grosbeak,taxon,Rhodothraupis celaeno,Crimson-collared Grosbeak,2490481,birdnet,SPECIES,species,EXACT
5300,Rhopias gularis_Star-throated Antwren,taxon,Rhopias gularis,Star-throated Antwren,7752191,birdnet,SPECIES,species,EXACT
5301,Rhopophilus pekinensis_Beijing Babbler,taxon,Rhopophilus pekinensis,Beijing Babbler,2492779,birdnet,SPECIES,species,EXACT
5302,Rhopornis ardesiacus_Slender Antbird,taxon,Rhopornis ardesiacus,Slender Antbird,5788616,birdnet,SPECIES,species,EXACT
5303,Rhopospina alaudina_Band-tailed Sierra Finch,taxon,Rhopospina alaudina,Band-tailed Sierra Finch,12146516,birdnet,SPECIES,species,EXACT
5304,Rhopospina caerulescens_Blue Finch,taxon,Rhopospina caerulescens,Blue Finch,12165644,birdnet,SPECIES,species,EXACT
5305,Rhopospina fruticeti_Mourning Sierra Finch,taxon,Rhopospina fruticeti,Mourning Sierra Finch,11002466,birdnet,SPECIES,species,EXACT
5306,Rhynchocyclus brevirostris_Eye-ringed Flatbill,taxon,Rhynchocyclus brevirostris,Eye-ringed Flatbill,5229708,birdnet,SPECIES,species,EXACT
5307,Rhynchocyclus olivaceus_Olivaceous Flatbill,taxon,Rhynchocyclus olivaceus,Olivaceous Flatbill,5229698,birdnet,SPECIES,species,EXACT
5308,Rhynchophanes mccownii_Thick-billed Longspur,taxon,Rhynchophanes mccownii,Thick-billed Longspur,6093927,birdnet,SPECIES,species,EXACT
5309,Rhynchopsitta pachyrhyncha_Thick-billed Parrot,taxon,Rhynchopsitta pachyrhyncha,Thick-billed Parrot,2480013,birdnet,SPECIES,species,EXACT
5310,Rhynchopsitta terrisi_Maroon-fronted Parrot,taxon,Rhynchopsitta terrisi,Maroon-fronted Parrot,2480012,birdnet,SPECIES,species,EXACT
5311,Rhynchortyx cinctus_Tawny-faced Quail,taxon,Rhynchortyx cinctus,Tawny-faced Quail,2474165,birdnet,SPECIES,species,EXACT
5312,Rhynchospiza stolzmanni_Tumbes Sparrow,taxon,Rhynchospiza stolzmanni,Tumbes Sparrow,6091665,birdnet,SPECIES,species,EXACT
5313,Rhynchospiza strigiceps_Chaco Sparrow,taxon,Rhynchospiza strigiceps,Chaco Sparrow,7341535,birdnet,SPECIES,species,EXACT
5314,Rhynchotus rufescens_Red-winged Tinamou,taxon,Rhynchotus rufescens,Red-winged Tinamou,2477464,birdnet,SPECIES,species,EXACT
5315,Rhynochetos jubatus_Kagu,taxon,Rhynochetos jubatus,Kagu,2474354,birdnet,SPECIES,species,EXACT
5316,Rhyticeros cassidix_Knobbed Hornbill,taxon,Rhyticeros cassidix,Knobbed Hornbill,8290357,birdnet,SPECIES,species,EXACT
5317,Rhyticeros plicatus_Blyth's Hornbill,taxon,Rhyticeros plicatus,Blyth's Hornbill,2475908,birdnet,SPECIES,species,EXACT
5318,Rhyticeros undulatus_Wreathed Hornbill,taxon,Rhyticeros undulatus,Wreathed Hornbill,2475916,birdnet,SPECIES,species,EXACT
5319,Rhytipterna holerythra_Rufous Mourner,taxon,Rhytipterna holerythra,Rufous Mourner,2483673,birdnet,SPECIES,species,EXACT
5320,Rhytipterna immunda_Pale-bellied Mourner,taxon,Rhytipterna immunda,Pale-bellied Mourner,2483672,birdnet,SPECIES,species,EXACT
5321,Rhytipterna simplex_Grayish Mourner,taxon,Rhytipterna simplex,Grayish Mourner,2483676,birdnet,SPECIES,species,EXACT
5322,Riparia chinensis_Gray-throated Martin,taxon,Riparia chinensis,Gray-throated Martin,7340331,birdnet,SPECIES,species,EXACT
5323,Riparia diluta_Pale Sand Martin,taxon,Riparia diluta,Pale Sand Martin,7340315,birdnet,SPECIES,species,EXACT
5324,Riparia paludicola_Plain Martin,taxon,Riparia paludicola,Plain Martin,5230750,birdnet,SPECIES,species,EXACT
5325,Riparia riparia_Bank Swallow,taxon,Riparia riparia,Bank Swallow,2489160,birdnet,SPECIES,species,EXACT
5326,Rissa tridactyla_Black-legged Kittiwake,taxon,Rissa tridactyla,Black-legged Kittiwake,2481205,birdnet,SPECIES,species,EXACT
5327,Rollulus rouloul_Crested Partridge,taxon,Rollulus rouloul,Crested Partridge,2474113,birdnet,SPECIES,species,EXACT
5328,Roraimia adusta_Roraiman Barbtail,taxon,Roraimia adusta,Roraiman Barbtail,2485111,birdnet,SPECIES,species,EXACT
5329,Rostratula benghalensis_Greater Painted-Snipe,taxon,Rostratula benghalensis,Greater Painted-Snipe,2482029,birdnet,SPECIES,species,EXACT
5330,Rostrhamus sociabilis_Snail Kite,taxon,Rostrhamus sociabilis,Snail Kite,2480415,birdnet,SPECIES,species,EXACT
5331,Rubigula erythropthalmos_Spectacled Bulbul,taxon,Rubigula erythropthalmos,Spectacled Bulbul,10896049,birdnet,SPECIES,species,EXACT
5332,Rubigula flaviventris_Black-crested Bulbul,taxon,Rubigula flaviventris,Black-crested Bulbul,10985820,birdnet,SPECIES,species,EXACT
5333,Rubigula gularis_Flame-throated Bulbul,taxon,Rubigula gularis,Flame-throated Bulbul,10960431,birdnet,SPECIES,species,EXACT
5334,Rupicola peruvianus_Andean Cock-of-the-rock,taxon,Rupicola peruvianus,Andean Cock-of-the-rock,5230374,birdnet,SPECIES,species,EXACT
5335,Rupicola rupicola_Guianan Cock-of-the-rock,taxon,Rupicola rupicola,Guianan Cock-of-the-rock,5230373,birdnet,SPECIES,species,EXACT
5336,Rupornis magnirostris_Roadside Hawk,taxon,Rupornis magnirostris,Roadside Hawk,5844398,birdnet,SPECIES,species,EXACT
5337,Rynchops niger_Black Skimmer,taxon,Rynchops niger,Black Skimmer,2481209,birdnet,SPECIES,species,EXACT
5338,Sakesphorus canadensis_Black-crested Antshrike,taxon,Sakesphorus canadensis,Black-crested Antshrike,2490049,birdnet,SPECIES,species,EXACT
5339,Sakesphorus cristatus_Silvery-cheeked Antshrike,taxon,Sakesphorus cristatus,Silvery-cheeked Antshrike,2490053,birdnet,SPECIES,species,EXACT
5340,Sakesphorus luctuosus_Glossy Antshrike,taxon,Sakesphorus luctuosus,Glossy Antshrike,2490048,birdnet,SPECIES,species,EXACT
5341,Salpinctes obsoletus_Rock Wren,taxon,Salpinctes obsoletus,Rock Wren,5231483,birdnet,SPECIES,species,EXACT
5342,Salpornis salvadori_African Spotted Creeper,taxon,Salpornis salvadori,African Spotted Creeper,7501740,birdnet,SPECIES,species,EXACT
5343,Saltator albicollis_Lesser Antillean Saltator,taxon,Saltator albicollis,Lesser Antillean Saltator,5230949,birdnet,SPECIES,species,EXACT
5344,Saltator atriceps_Black-headed Saltator,taxon,Saltator atriceps,Black-headed Saltator,5230896,birdnet,SPECIES,species,EXACT
5345,Saltator atripennis_Black-winged Saltator,taxon,Saltator atripennis,Black-winged Saltator,5230952,birdnet,SPECIES,species,EXACT
5346,Saltator aurantiirostris_Golden-billed Saltator,taxon,Saltator aurantiirostris,Golden-billed Saltator,5230903,birdnet,SPECIES,species,EXACT
5347,Saltator cinctus_Masked Saltator,taxon,Saltator cinctus,Masked Saltator,5230940,birdnet,SPECIES,species,EXACT
5348,Saltator coerulescens_Blue-gray Saltator,taxon,Saltator coerulescens,Blue-gray Saltator,9819034,birdnet,SPECIES,species,EXACT
5349,Saltator fuliginosus_Black-throated Grosbeak,taxon,Saltator fuliginosus,Black-throated Grosbeak,5230941,birdnet,SPECIES,species,EXACT
5350,Saltator grandis_Cinnamon-bellied Saltator,taxon,Saltator grandis,Cinnamon-bellied Saltator,9126320,birdnet,SPECIES,species,EXACT
5351,Saltator grossus_Slate-colored Grosbeak,taxon,Saltator grossus,Slate-colored Grosbeak,5230955,birdnet,SPECIES,species,EXACT
5352,Saltator maxillosus_Thick-billed Saltator,taxon,Saltator maxillosus,Thick-billed Saltator,5230924,birdnet,SPECIES,species,EXACT
5353,Saltator maximus_Buff-throated Saltator,taxon,Saltator maximus,Buff-throated Saltator,5230942,birdnet,SPECIES,species,EXACT
5354,Saltator nigriceps_Black-cowled Saltator,taxon,Saltator nigriceps,Black-cowled Saltator,5230958,birdnet,SPECIES,species,EXACT
5355,Saltator olivascens_Olivaceous Saltator,taxon,Saltator olivascens,Olivaceous Saltator,9105847,birdnet,SPECIES,species,EXACT
5356,Saltator orenocensis_Orinocan Saltator,taxon,Saltator orenocensis,Orinocan Saltator,5230925,birdnet,SPECIES,species,EXACT
5357,Saltator similis_Green-winged Saltator,taxon,Saltator similis,Green-winged Saltator,5230959,birdnet,SPECIES,species,EXACT
5358,Saltator striatipectus_Streaked Saltator,taxon,Saltator striatipectus,Streaked Saltator,5230928,birdnet,SPECIES,species,EXACT
5359,Saltatricula atricollis_Black-throated Saltator,taxon,Saltatricula atricollis,Black-throated Saltator,9421922,birdnet,SPECIES,species,EXACT
5360,Saltatricula multicolor_Many-colored Chaco Finch,taxon,Saltatricula multicolor,Many-colored Chaco Finch,2491687,birdnet,SPECIES,species,EXACT
5361,Sapayoa aenigma_Sapayoa,taxon,Sapayoa aenigma,Sapayoa,2492883,birdnet,SPECIES,species,EXACT
5362,Sappho sparganurus_Red-tailed Comet,taxon,Sappho sparganurus,Red-tailed Comet,7544330,birdnet,SPECIES,species,EXACT
5363,Sarcops calvus_Coleto,taxon,Sarcops calvus,Coleto,2489018,birdnet,SPECIES,species,EXACT
5364,Sarothrura elegans_Buff-spotted Flufftail,taxon,Sarothrura elegans,Buff-spotted Flufftail,5228161,birdnet,SPECIES,species,EXACT
5365,Sarothrura insularis_Madagascar Flufftail,taxon,Sarothrura insularis,Madagascar Flufftail,5228177,birdnet,SPECIES,species,EXACT
5366,Sarothrura pulchra_White-spotted Flufftail,taxon,Sarothrura pulchra,White-spotted Flufftail,5228167,birdnet,SPECIES,species,EXACT
5367,Sarothrura rufa_Red-chested Flufftail,taxon,Sarothrura rufa,Red-chested Flufftail,5228157,birdnet,SPECIES,species,EXACT
5368,Sasia abnormis_Rufous Piculet,taxon,Sasia abnormis,Rufous Piculet,2478207,birdnet,SPECIES,species,EXACT
5369,Sasia ochracea_White-browed Piculet,taxon,Sasia ochracea,White-browed Piculet,2478211,birdnet,SPECIES,species,EXACT
5370,Saucerottia beryllina_Berylline Hummingbird,taxon,Saucerottia beryllina,Berylline Hummingbird,5788537,birdnet,SPECIES,species,EXACT
5371,Saucerottia cyanocephala_Azure-crowned Hummingbird,taxon,Saucerottia cyanocephala,Azure-crowned Hummingbird,11012170,birdnet,SPECIES,species,EXACT
5372,Saucerottia tobaci_Copper-rumped Hummingbird,taxon,Saucerottia tobaci,Copper-rumped Hummingbird,8760263,birdnet,SPECIES,species,EXACT
5373,Saundersilarus saundersi_Saunders's Gull,taxon,Saundersilarus saundersi,Saunders's Gull,6095508,birdnet,SPECIES,species,EXACT
5374,Saxicola caprata_Pied Bushchat,taxon,Saxicola caprata,Pied Bushchat,2492519,birdnet,SPECIES,species,EXACT
5375,Saxicola ferreus_Gray Bushchat,taxon,Saxicola ferreus,Gray Bushchat,5788854,birdnet,SPECIES,species,EXACT
5376,Saxicola maurus_Siberian Stonechat,taxon,Saxicola maurus,Siberian Stonechat,5846290,birdnet,SPECIES,species,EXACT
5377,Saxicola rubetra_Whinchat,taxon,Saxicola rubetra,Whinchat,2492521,birdnet,SPECIES,species,EXACT
5378,Saxicola rubicola_European Stonechat,taxon,Saxicola rubicola,European Stonechat,4408759,birdnet,SPECIES,species,EXACT
5379,Saxicola stejnegeri_Amur Stonechat,taxon,Saxicola stejnegeri,Amur Stonechat,6100851,birdnet,SPECIES,species,EXACT
5380,Saxicola torquatus_African Stonechat,taxon,Saxicola torquatus,African Stonechat,2492526,birdnet,SPECIES,species,EXACT
5381,Sayornis nigricans_Black Phoebe,taxon,Sayornis nigricans,Black Phoebe,2483612,birdnet,SPECIES,species,EXACT
5382,Sayornis phoebe_Eastern Phoebe,taxon,Sayornis phoebe,Eastern Phoebe,2483606,birdnet,SPECIES,species,EXACT
5383,Sayornis saya_Say's Phoebe,taxon,Sayornis saya,Say's Phoebe,2483607,birdnet,SPECIES,species,EXACT
5384,Scaphiopus couchii_Couch's Spadefoot,taxon,Scaphiopus couchii,Couch's Spadefoot,2429795,birdnet,SPECIES,species,EXACT
5385,Scelorchilus albicollis_White-throated Tapaculo,taxon,Scelorchilus albicollis,White-throated Tapaculo,2490972,birdnet,SPECIES,species,EXACT
5386,Scelorchilus rubecula_Chucao Tapaculo,taxon,Scelorchilus rubecula,Chucao Tapaculo,2490973,birdnet,SPECIES,species,EXACT
5387,Scenopoeetes dentirostris_Tooth-billed Bowerbird,taxon,Scenopoeetes dentirostris,Tooth-billed Bowerbird,2494792,birdnet,SPECIES,species,EXACT
5388,Schetba rufa_Rufous Vanga,taxon,Schetba rufa,Rufous Vanga,2495109,birdnet,SPECIES,species,EXACT
5389,Schiffornis aenea_Foothill Schiffornis,taxon,Schiffornis aenea,Foothill Schiffornis,7850153,birdnet,SPECIES,species,EXACT
5390,Schiffornis major_Varzea Schiffornis,taxon,Schiffornis major,Varzea Schiffornis,2486462,birdnet,SPECIES,species,EXACT
5391,Schiffornis olivacea_Olivaceous Schiffornis,taxon,Schiffornis olivacea,Olivaceous Schiffornis,8422875,birdnet,SPECIES,species,EXACT
5392,Schiffornis stenorhyncha_Russet-winged Schiffornis,taxon,Schiffornis stenorhyncha,Russet-winged Schiffornis,8118237,birdnet,SPECIES,species,EXACT
5393,Schiffornis turdina_Brown-winged Schiffornis,taxon,Schiffornis turdina,Brown-winged Schiffornis,2486447,birdnet,SPECIES,species,EXACT
5394,Schiffornis veraepacis_Northern Schiffornis,taxon,Schiffornis veraepacis,Northern Schiffornis,7792707,birdnet,SPECIES,species,EXACT
5395,Schiffornis virescens_Greenish Schiffornis,taxon,Schiffornis virescens,Greenish Schiffornis,2486446,birdnet,SPECIES,species,EXACT
5396,Schistes geoffroyi_Geoffroy's Daggerbill,taxon,Schistes geoffroyi,Geoffroy's Daggerbill,2476199,birdnet,SPECIES,species,EXACT
5397,Schistochlamys melanopis_Black-faced Tanager,taxon,Schistochlamys melanopis,Black-faced Tanager,2488064,birdnet,SPECIES,species,EXACT
5398,Schistochlamys ruficapillus_Cinnamon Tanager,taxon,Schistochlamys ruficapillus,Cinnamon Tanager,2488060,birdnet,SPECIES,species,EXACT
5399,Schoenicola platyurus_Broad-tailed Grassbird,taxon,Schoenicola platyurus,Broad-tailed Grassbird,5789153,birdnet,SPECIES,species,EXACT
5400,Schoenicola striatus_Bristled Grassbird,taxon,Schoenicola striatus,Bristled Grassbird,11024523,birdnet,SPECIES,species,EXACT
5401,Schoeniophylax phryganophilus_Chotoy Spinetail,taxon,Schoeniophylax phryganophilus,Chotoy Spinetail,2485908,birdnet,SPECIES,species,EXACT
5402,Schoeniparus brunneus_Dusky Fulvetta,taxon,Schoeniparus brunneus,Dusky Fulvetta,7597544,birdnet,SPECIES,species,EXACT
5403,Schoeniparus castaneceps_Rufous-winged Fulvetta,taxon,Schoeniparus castaneceps,Rufous-winged Fulvetta,7341182,birdnet,SPECIES,species,EXACT
5404,Schoeniparus cinereus_Yellow-throated Fulvetta,taxon,Schoeniparus cinereus,Yellow-throated Fulvetta,8231245,birdnet,SPECIES,species,EXACT
5405,Schoeniparus dubius_Rusty-capped Fulvetta,taxon,Schoeniparus dubius,Rusty-capped Fulvetta,8425923,birdnet,SPECIES,species,EXACT
5406,Schoeniparus rufogularis_Rufous-throated Fulvetta,taxon,Schoeniparus rufogularis,Rufous-throated Fulvetta,7341202,birdnet,SPECIES,species,EXACT
5407,Sciaphylax castanea_Zimmer's Antbird,taxon,Sciaphylax castanea,Zimmer's Antbird,9389579,birdnet,SPECIES,species,EXACT
5408,Sciaphylax hemimelaena_Chestnut-tailed Antbird,taxon,Sciaphylax hemimelaena,Chestnut-tailed Antbird,9406707,birdnet,SPECIES,species,EXACT
5409,Sciurus carolinensis_Eastern Gray Squirrel,taxon,Sciurus carolinensis,Eastern Gray Squirrel,5219681,birdnet,SPECIES,species,EXACT
5410,Sclateria naevia_Silvered Antbird,taxon,Sclateria naevia,Silvered Antbird,2490205,birdnet,SPECIES,species,EXACT
5411,Scleroptila afra_Gray-winged Francolin,taxon,Scleroptila afra,Gray-winged Francolin,6101190,birdnet,SPECIES,species,EXACT
5412,Scleroptila gutturalis_Orange River Francolin,taxon,Scleroptila gutturalis,Orange River Francolin,8048849,birdnet,SPECIES,species,EXACT
5413,Scleroptila levaillantii_Red-winged Francolin,taxon,Scleroptila levaillantii,Red-winged Francolin,2473796,birdnet,SPECIES,species,EXACT
5414,Scleroptila shelleyi_Shelley's Francolin,taxon,Scleroptila shelleyi,Shelley's Francolin,2473870,birdnet,SPECIES,species,EXACT
5415,Sclerurus albigularis_Gray-throated Leaftosser,taxon,Sclerurus albigularis,Gray-throated Leaftosser,2485229,birdnet,SPECIES,species,EXACT
5416,Sclerurus caudacutus_Black-tailed Leaftosser,taxon,Sclerurus caudacutus,Black-tailed Leaftosser,2485214,birdnet,SPECIES,species,EXACT
5417,Sclerurus guatemalensis_Scaly-throated Leaftosser,taxon,Sclerurus guatemalensis,Scaly-throated Leaftosser,2485239,birdnet,SPECIES,species,EXACT
5418,Sclerurus mexicanus_Middle American Leaftosser,taxon,Sclerurus mexicanus,Middle American Leaftosser,2485221,birdnet,SPECIES,species,EXACT
5419,Sclerurus obscurior_South American Leaftosser,taxon,Sclerurus obscurior,South American Leaftosser,8867648,birdnet,SPECIES,species,EXACT
5420,Sclerurus rufigularis_Short-billed Leaftosser,taxon,Sclerurus rufigularis,Short-billed Leaftosser,2485209,birdnet,SPECIES,species,EXACT
5421,Sclerurus scansor_Rufous-breasted Leaftosser,taxon,Sclerurus scansor,Rufous-breasted Leaftosser,2485236,birdnet,SPECIES,species,EXACT
5422,Scolopax bukidnonensis_Bukidnon Woodcock,taxon,Scolopax bukidnonensis,Bukidnon Woodcock,5789296,birdnet,SPECIES,species,EXACT
5423,Scolopax minor_American Woodcock,taxon,Scolopax minor,American Woodcock,2481695,birdnet,SPECIES,species,EXACT
5424,Scolopax rusticola_Eurasian Woodcock,taxon,Scolopax rusticola,Eurasian Woodcock,2481700,birdnet,SPECIES,species,EXACT
5425,Scopus umbretta_Hamerkop,taxon,Scopus umbretta,Hamerkop,5229154,birdnet,SPECIES,species,EXACT
5426,Scotocerca inquieta_Scrub Warbler,taxon,Scotocerca inquieta,Scrub Warbler,2492732,birdnet,SPECIES,species,EXACT
5427,Scudderia curvicauda_Curve-tailed Bush Katydid,taxon,Scudderia curvicauda,Curve-tailed Bush Katydid,5097633,birdnet,SPECIES,species,EXACT
5428,Scudderia furcata_Fork-tailed Bush Katydid,taxon,Scudderia furcata,Fork-tailed Bush Katydid,5097643,birdnet,SPECIES,species,EXACT
5429,Scudderia texensis_Texas Bush Katydid,taxon,Scudderia texensis,Texas Bush Katydid,5097620,birdnet,SPECIES,species,EXACT
5430,Scytalopus acutirostris_Tschudi's Tapaculo,taxon,Scytalopus acutirostris,Tschudi's Tapaculo,2490977,birdnet,SPECIES,species,EXACT
5431,Scytalopus affinis_Ancash Tapaculo,taxon,Scytalopus affinis,Ancash Tapaculo,2490990,birdnet,SPECIES,species,EXACT
5432,Scytalopus altirostris_Neblina Tapaculo,taxon,Scytalopus altirostris,Neblina Tapaculo,2490979,birdnet,SPECIES,species,EXACT
5433,Scytalopus alvarezlopezi_Tatama Tapaculo,taxon,Scytalopus alvarezlopezi,Tatama Tapaculo,9472726,birdnet,SPECIES,species,EXACT
5434,Scytalopus androstictus_Loja Tapaculo,taxon,Scytalopus androstictus,Loja Tapaculo,7460355,birdnet,SPECIES,species,EXACT
5435,Scytalopus argentifrons_Silvery-fronted Tapaculo,taxon,Scytalopus argentifrons,Silvery-fronted Tapaculo,2491003,birdnet,SPECIES,species,EXACT
5436,Scytalopus atratus_White-crowned Tapaculo,taxon,Scytalopus atratus,White-crowned Tapaculo,2490992,birdnet,SPECIES,species,EXACT
5437,Scytalopus bolivianus_Bolivian Tapaculo,taxon,Scytalopus bolivianus,Bolivian Tapaculo,2490981,birdnet,SPECIES,species,EXACT
5438,Scytalopus canus_Paramillo Tapaculo,taxon,Scytalopus canus,Paramillo Tapaculo,2491005,birdnet,SPECIES,species,EXACT
5439,Scytalopus caracae_Caracas Tapaculo,taxon,Scytalopus caracae,Caracas Tapaculo,2490994,birdnet,SPECIES,species,EXACT
5440,Scytalopus chocoensis_Choco Tapaculo,taxon,Scytalopus chocoensis,Choco Tapaculo,2490983,birdnet,SPECIES,species,EXACT
5441,Scytalopus diamantinensis_Diamantina Tapaculo,taxon,Scytalopus diamantinensis,Diamantina Tapaculo,5846346,birdnet,SPECIES,species,EXACT
5442,Scytalopus femoralis_Rufous-vented Tapaculo,taxon,Scytalopus femoralis,Rufous-vented Tapaculo,2490996,birdnet,SPECIES,species,EXACT
5443,Scytalopus frankeae_Jalca Tapaculo,taxon,Scytalopus frankeae,Jalca Tapaculo,11217238,birdnet,SPECIES,species,EXACT
5444,Scytalopus fuscus_Dusky Tapaculo,taxon,Scytalopus fuscus,Dusky Tapaculo,2491007,birdnet,SPECIES,species,EXACT
5445,Scytalopus griseicollis_Pale-bellied Tapaculo,taxon,Scytalopus griseicollis,Pale-bellied Tapaculo,2490998,birdnet,SPECIES,species,EXACT
5446,Scytalopus intermedius_Utcubamba Tapaculo,taxon,Scytalopus intermedius,Utcubamba Tapaculo,8009874,birdnet,SPECIES,species,EXACT
5447,Scytalopus iraiensis_Marsh Tapaculo,taxon,Scytalopus iraiensis,Marsh Tapaculo,5789073,birdnet,SPECIES,species,EXACT
5448,Scytalopus latebricola_Brown-rumped Tapaculo,taxon,Scytalopus latebricola,Brown-rumped Tapaculo,2491000,birdnet,SPECIES,species,EXACT
5449,Scytalopus latrans_Blackish Tapaculo,taxon,Scytalopus latrans,Blackish Tapaculo,7340755,birdnet,SPECIES,species,EXACT
5450,Scytalopus macropus_Large-footed Tapaculo,taxon,Scytalopus macropus,Large-footed Tapaculo,2490988,birdnet,SPECIES,species,EXACT
5451,Scytalopus magellanicus_Magellanic Tapaculo,taxon,Scytalopus magellanicus,Magellanic Tapaculo,2491010,birdnet,SPECIES,species,EXACT
5452,Scytalopus meridanus_Merida Tapaculo,taxon,Scytalopus meridanus,Merida Tapaculo,2491001,birdnet,SPECIES,species,EXACT
5453,Scytalopus micropterus_Long-tailed Tapaculo,taxon,Scytalopus micropterus,Long-tailed Tapaculo,2490989,birdnet,SPECIES,species,EXACT
5454,Scytalopus novacapitalis_Brasilia Tapaculo,taxon,Scytalopus novacapitalis,Brasilia Tapaculo,2491011,birdnet,SPECIES,species,EXACT
5455,Scytalopus opacus_Paramo Tapaculo,taxon,Scytalopus opacus,Paramo Tapaculo,6087863,birdnet,SPECIES,species,EXACT
5456,Scytalopus pachecoi_Planalto Tapaculo,taxon,Scytalopus pachecoi,Planalto Tapaculo,5789079,birdnet,SPECIES,species,EXACT
5457,Scytalopus parkeri_Chusquea Tapaculo,taxon,Scytalopus parkeri,Chusquea Tapaculo,2491002,birdnet,SPECIES,species,EXACT
5458,Scytalopus parvirostris_Trilling Tapaculo,taxon,Scytalopus parvirostris,Trilling Tapaculo,2490991,birdnet,SPECIES,species,EXACT
5459,Scytalopus perijanus_Perija Tapaculo,taxon,Scytalopus perijanus,Perija Tapaculo,8986607,birdnet,SPECIES,species,EXACT
5460,Scytalopus petrophilus_Rock Tapaculo,taxon,Scytalopus petrophilus,Rock Tapaculo,6088155,birdnet,SPECIES,species,EXACT
5461,Scytalopus robbinsi_Ecuadorian Tapaculo,taxon,Scytalopus robbinsi,Ecuadorian Tapaculo,2491004,birdnet,SPECIES,species,EXACT
5462,Scytalopus rodriguezi_Magdalena Tapaculo,taxon,Scytalopus rodriguezi,Magdalena Tapaculo,5789077,birdnet,SPECIES,species,EXACT
5463,Scytalopus sanctaemartae_Santa Marta Tapaculo,taxon,Scytalopus sanctaemartae,Santa Marta Tapaculo,5789075,birdnet,SPECIES,species,EXACT
5464,Scytalopus schulenbergi_Diademed Tapaculo,taxon,Scytalopus schulenbergi,Diademed Tapaculo,2490982,birdnet,SPECIES,species,EXACT
5465,Scytalopus simonsi_Puna Tapaculo,taxon,Scytalopus simonsi,Puna Tapaculo,2491006,birdnet,SPECIES,species,EXACT
5466,Scytalopus speluncae_Mouse-colored Tapaculo,taxon,Scytalopus speluncae,Mouse-colored Tapaculo,2490995,birdnet,SPECIES,species,EXACT
5467,Scytalopus spillmanni_Spillmann's Tapaculo,taxon,Scytalopus spillmanni,Spillmann's Tapaculo,2490984,birdnet,SPECIES,species,EXACT
5468,Scytalopus stilesi_Stiles's Tapaculo,taxon,Scytalopus stilesi,Stiles's Tapaculo,5789072,birdnet,SPECIES,species,EXACT
5469,Scytalopus superciliaris_White-browed Tapaculo,taxon,Scytalopus superciliaris,White-browed Tapaculo,2490997,birdnet,SPECIES,species,EXACT
5470,Scytalopus unicolor_Unicolored Tapaculo,taxon,Scytalopus unicolor,Unicolored Tapaculo,2490985,birdnet,SPECIES,species,EXACT
5471,Scytalopus urubambae_Vilcabamba Tapaculo,taxon,Scytalopus urubambae,Vilcabamba Tapaculo,2491008,birdnet,SPECIES,species,EXACT
5472,Scytalopus vicinior_Nariño Tapaculo,taxon,Scytalopus vicinior,Nariño Tapaculo,2490999,birdnet,SPECIES,species,EXACT
5473,Scytalopus zimmeri_Zimmer's Tapaculo,taxon,Scytalopus zimmeri,Zimmer's Tapaculo,2490987,birdnet,SPECIES,species,EXACT
5474,Scythrops novaehollandiae_Channel-billed Cuckoo,taxon,Scythrops novaehollandiae,Channel-billed Cuckoo,2496204,birdnet,SPECIES,species,EXACT
5475,Seiurus aurocapilla_Ovenbird,taxon,Seiurus aurocapilla,Ovenbird,2489590,birdnet,SPECIES,species,EXACT
5476,Selasphorus calliope_Calliope Hummingbird,taxon,Selasphorus calliope,Calliope Hummingbird,7597244,birdnet,SPECIES,species,EXACT
5477,Selasphorus ellioti_Wine-throated Hummingbird,taxon,Selasphorus ellioti,Wine-throated Hummingbird,10938063,birdnet,SPECIES,species,EXACT
5478,Selasphorus heloisa_Bumblebee Hummingbird,taxon,Selasphorus heloisa,Bumblebee Hummingbird,10996645,birdnet,SPECIES,species,EXACT
5479,Selasphorus platycercus_Broad-tailed Hummingbird,taxon,Selasphorus platycercus,Broad-tailed Hummingbird,2476844,birdnet,SPECIES,species,EXACT
5480,Selasphorus rufus_Rufous Hummingbird,taxon,Selasphorus rufus,Rufous Hummingbird,2476855,birdnet,SPECIES,species,EXACT
5481,Selasphorus sasin_Allen's Hummingbird,taxon,Selasphorus sasin,Allen's Hummingbird,2476852,birdnet,SPECIES,species,EXACT
5482,Selenidera gouldii_Gould's Toucanet,taxon,Selenidera gouldii,Gould's Toucanet,2478756,birdnet,SPECIES,species,EXACT
5483,Selenidera maculirostris_Spot-billed Toucanet,taxon,Selenidera maculirostris,Spot-billed Toucanet,2478760,birdnet,SPECIES,species,EXACT
5484,Selenidera piperivora_Guianan Toucanet,taxon,Selenidera piperivora,Guianan Toucanet,5789359,birdnet,SPECIES,species,EXACT
5485,Selenidera reinwardtii_Golden-collared Toucanet,taxon,Selenidera reinwardtii,Golden-collared Toucanet,2478761,birdnet,SPECIES,species,EXACT
5486,Selenidera spectabilis_Yellow-eared Toucanet,taxon,Selenidera spectabilis,Yellow-eared Toucanet,2478758,birdnet,SPECIES,species,EXACT
5487,Seleucidis melanoleucus_Twelve-wired Bird-of-Paradise,taxon,Seleucidis melanoleucus,Twelve-wired Bird-of-Paradise,7341429,birdnet,SPECIES,species,EXACT
5488,Semioptera wallacii_Standardwing Bird-of-Paradise,taxon,Semioptera wallacii,Standardwing Bird-of-Paradise,2494872,birdnet,SPECIES,species,EXACT
5489,Semnornis frantzii_Prong-billed Barbet,taxon,Semnornis frantzii,Prong-billed Barbet,2478866,birdnet,SPECIES,species,EXACT
5490,Semnornis ramphastinus_Toucan Barbet,taxon,Semnornis ramphastinus,Toucan Barbet,2478863,birdnet,SPECIES,species,EXACT
5491,Sephanoides sephaniodes_Green-backed Firecrown,taxon,Sephanoides sephaniodes,Green-backed Firecrown,2476817,birdnet,SPECIES,species,EXACT
5492,Sericornis citreogularis_Yellow-throated Scrubwren,taxon,Sericornis citreogularis,Yellow-throated Scrubwren,2486597,birdnet,SPECIES,species,EXACT
5493,Sericornis frontalis_White-browed Scrubwren,taxon,Sericornis frontalis,White-browed Scrubwren,2486602,birdnet,SPECIES,species,EXACT
5494,Sericornis humilis_Tasmanian Scrubwren,taxon,Sericornis humilis,Tasmanian Scrubwren,2486606,birdnet,SPECIES,species,EXACT
5495,Sericornis magnirostra_Large-billed Scrubwren,taxon,Sericornis magnirostra,Large-billed Scrubwren,7341498,birdnet,SPECIES,species,EXACT
5496,Sericornis papuensis_Papuan Scrubwren,taxon,Sericornis papuensis,Papuan Scrubwren,2486603,birdnet,SPECIES,species,EXACT
5497,Sericossypha albocristata_White-capped Tanager,taxon,Sericossypha albocristata,White-capped Tanager,2488675,birdnet,SPECIES,species,EXACT
5498,Serilophus lunatus_Silver-breasted Broadbill,taxon,Serilophus lunatus,Silver-breasted Broadbill,2484533,birdnet,SPECIES,species,EXACT
5499,Serinus alario_Black-headed Canary,taxon,Serinus alario,Black-headed Canary,5231512,birdnet,SPECIES,species,EXACT
5500,Serinus canaria_Island Canary,taxon,Serinus canaria,Island Canary,2494303,birdnet,SPECIES,species,EXACT
5501,Serinus canicollis_Cape Canary,taxon,Serinus canicollis,Cape Canary,5231530,birdnet,SPECIES,species,EXACT
5502,Serinus flavivertex_Yellow-crowned Canary,taxon,Serinus flavivertex,Yellow-crowned Canary,7341660,birdnet,SPECIES,species,EXACT
5503,Serinus pusillus_Fire-fronted Serin,taxon,Serinus pusillus,Fire-fronted Serin,2494194,birdnet,SPECIES,species,EXACT
5504,Serinus serinus_European Serin,taxon,Serinus serinus,European Serin,2494200,birdnet,SPECIES,species,EXACT
5505,Serpophaga cinerea_Torrent Tyrannulet,taxon,Serpophaga cinerea,Torrent Tyrannulet,2483963,birdnet,SPECIES,species,EXACT
5506,Serpophaga griseicapilla_Straneck's Tyrannulet,taxon,Serpophaga griseicapilla,Straneck's Tyrannulet,6086503,birdnet,SPECIES,species,EXACT
5507,Serpophaga hypoleuca_River Tyrannulet,taxon,Serpophaga hypoleuca,River Tyrannulet,2483959,birdnet,SPECIES,species,EXACT
5508,Serpophaga munda_White-bellied Tyrannulet,taxon,Serpophaga munda,White-bellied Tyrannulet,2483969,birdnet,SPECIES,species,EXACT
5509,Serpophaga nigricans_Sooty Tyrannulet,taxon,Serpophaga nigricans,Sooty Tyrannulet,2483958,birdnet,SPECIES,species,EXACT
5510,Serpophaga subcristata_White-crested Tyrannulet,taxon,Serpophaga subcristata,White-crested Tyrannulet,2483966,birdnet,SPECIES,species,EXACT
5511,Setopagis parvula_Little Nightjar,taxon,Setopagis parvula,Little Nightjar,7822811,birdnet,SPECIES,species,EXACT
5512,Setophaga adelaidae_Adelaide's Warbler,taxon,Setophaga adelaidae,Adelaide's Warbler,6092723,birdnet,SPECIES,species,EXACT
5513,Setophaga americana_Northern Parula,taxon,Setophaga americana,Northern Parula,6093345,birdnet,SPECIES,species,EXACT
5514,Setophaga caerulescens_Black-throated Blue Warbler,taxon,Setophaga caerulescens,Black-throated Blue Warbler,7341828,birdnet,SPECIES,species,EXACT
5515,Setophaga castanea_Bay-breasted Warbler,taxon,Setophaga castanea,Bay-breasted Warbler,6093202,birdnet,SPECIES,species,EXACT
5516,Setophaga cerulea_Cerulean Warbler,taxon,Setophaga cerulea,Cerulean Warbler,6093350,birdnet,SPECIES,species,EXACT
5517,Setophaga chrysoparia_Golden-cheeked Warbler,taxon,Setophaga chrysoparia,Golden-cheeked Warbler,6092637,birdnet,SPECIES,species,EXACT
5518,Setophaga citrina_Hooded Warbler,taxon,Setophaga citrina,Hooded Warbler,6093374,birdnet,SPECIES,species,EXACT
5519,Setophaga coronata_Yellow-rumped Warbler,taxon,Setophaga coronata,Yellow-rumped Warbler,7341805,birdnet,SPECIES,species,EXACT
5520,Setophaga discolor_Prairie Warbler,taxon,Setophaga discolor,Prairie Warbler,7341789,birdnet,SPECIES,species,EXACT
5521,Setophaga dominica_Yellow-throated Warbler,taxon,Setophaga dominica,Yellow-throated Warbler,7341800,birdnet,SPECIES,species,EXACT
5522,Setophaga fusca_Blackburnian Warbler,taxon,Setophaga fusca,Blackburnian Warbler,6093199,birdnet,SPECIES,species,EXACT
5523,Setophaga graciae_Grace's Warbler,taxon,Setophaga graciae,Grace's Warbler,7341776,birdnet,SPECIES,species,EXACT
5524,Setophaga kirtlandii_Kirtland's Warbler,taxon,Setophaga kirtlandii,Kirtland's Warbler,6093362,birdnet,SPECIES,species,EXACT
5525,Setophaga magnolia_Magnolia Warbler,taxon,Setophaga magnolia,Magnolia Warbler,6093209,birdnet,SPECIES,species,EXACT
5526,Setophaga nigrescens_Black-throated Gray Warbler,taxon,Setophaga nigrescens,Black-throated Gray Warbler,7341770,birdnet,SPECIES,species,EXACT
5527,Setophaga occidentalis_Hermit Warbler,taxon,Setophaga occidentalis,Hermit Warbler,6092644,birdnet,SPECIES,species,EXACT
5528,Setophaga palmarum_Palm Warbler,taxon,Setophaga palmarum,Palm Warbler,7341822,birdnet,SPECIES,species,EXACT
5529,Setophaga pensylvanica_Chestnut-sided Warbler,taxon,Setophaga pensylvanica,Chestnut-sided Warbler,6092942,birdnet,SPECIES,species,EXACT
5530,Setophaga petechia_Yellow Warbler,taxon,Setophaga petechia,Yellow Warbler,7341834,birdnet,SPECIES,species,EXACT
5531,Setophaga pinus_Pine Warbler,taxon,Setophaga pinus,Pine Warbler,7341816,birdnet,SPECIES,species,EXACT
5532,Setophaga pitiayumi_Tropical Parula,taxon,Setophaga pitiayumi,Tropical Parula,7341895,birdnet,SPECIES,species,EXACT
5533,Setophaga pityophila_Olive-capped Warbler,taxon,Setophaga pityophila,Olive-capped Warbler,6092877,birdnet,SPECIES,species,EXACT
5534,Setophaga ruticilla_American Redstart,taxon,Setophaga ruticilla,American Redstart,2489985,birdnet,SPECIES,species,EXACT
5535,Setophaga striata_Blackpoll Warbler,taxon,Setophaga striata,Blackpoll Warbler,6092935,birdnet,SPECIES,species,EXACT
5536,Setophaga tigrina_Cape May Warbler,taxon,Setophaga tigrina,Cape May Warbler,6093357,birdnet,SPECIES,species,EXACT
5537,Setophaga townsendi_Townsend's Warbler,taxon,Setophaga townsendi,Townsend's Warbler,6092651,birdnet,SPECIES,species,EXACT
5538,Setophaga virens_Black-throated Green Warbler,taxon,Setophaga virens,Black-throated Green Warbler,6092631,birdnet,SPECIES,species,EXACT
5539,Sheppardia gunningi_East Coast Akalat,taxon,Sheppardia gunningi,East Coast Akalat,9187414,birdnet,SPECIES,species,EXACT
5540,Sheppardia sharpei_Sharpe's Akalat,taxon,Sheppardia sharpei,Sharpe's Akalat,2492449,birdnet,SPECIES,species,EXACT
5541,Sholicola albiventris_White-bellied Sholakili,taxon,Sholicola albiventris,White-bellied Sholakili,9465431,birdnet,SPECIES,species,EXACT
5542,Sholicola major_Nilgiri Sholakili,taxon,Sholicola major,Nilgiri Sholakili,9586221,birdnet,SPECIES,species,EXACT
5543,Sialia currucoides_Mountain Bluebird,taxon,Sialia currucoides,Mountain Bluebird,2490935,birdnet,SPECIES,species,EXACT
5544,Sialia mexicana_Western Bluebird,taxon,Sialia mexicana,Western Bluebird,2490936,birdnet,SPECIES,species,EXACT
5545,Sialia sialis_Eastern Bluebird,taxon,Sialia sialis,Eastern Bluebird,2490941,birdnet,SPECIES,species,EXACT
5546,Sicalis auriventris_Greater Yellow-Finch,taxon,Sicalis auriventris,Greater Yellow-Finch,2491868,birdnet,SPECIES,species,EXACT
5547,Sicalis citrina_Stripe-tailed Yellow-Finch,taxon,Sicalis citrina,Stripe-tailed Yellow-Finch,2491841,birdnet,SPECIES,species,EXACT
5548,Sicalis flaveola_Saffron Finch,taxon,Sicalis flaveola,Saffron Finch,2491862,birdnet,SPECIES,species,EXACT
5549,Sicalis lebruni_Patagonian Yellow-Finch,taxon,Sicalis lebruni,Patagonian Yellow-Finch,2491869,birdnet,SPECIES,species,EXACT
5550,Sicalis luteocephala_Citron-headed Yellow-Finch,taxon,Sicalis luteocephala,Citron-headed Yellow-Finch,2491870,birdnet,SPECIES,species,EXACT
5551,Sicalis luteola_Grassland Yellow-Finch,taxon,Sicalis luteola,Grassland Yellow-Finch,2491846,birdnet,SPECIES,species,EXACT
5552,Sicalis olivascens_Greenish Yellow-Finch,taxon,Sicalis olivascens,Greenish Yellow-Finch,2491832,birdnet,SPECIES,species,EXACT
5553,Sicalis uropygialis_Bright-rumped Yellow-Finch,taxon,Sicalis uropigyalis,Bright-rumped Yellow-Finch,8387708,birdnet,SPECIES,species,VARIANT
5554,Sinosuthora webbiana_Vinous-throated Parrotbill,taxon,Sinosuthora webbiana,Vinous-throated Parrotbill,6100921,birdnet,SPECIES,species,EXACT
5555,Siphonorhis brewsteri_Least Pauraque,taxon,Siphonorhis brewsteri,Least Pauraque,2496999,birdnet,SPECIES,species,EXACT
5556,Sipia berlepschi_Stub-tailed Antbird,taxon,Sipia berlepschi,Stub-tailed Antbird,11064386,birdnet,SPECIES,species,EXACT
5557,Sipia laemosticta_Dull-mantled Antbird,taxon,Sipia laemosticta,Dull-mantled Antbird,9456848,birdnet,SPECIES,species,EXACT
5558,Sipia nigricauda_Esmeraldas Antbird,taxon,Sipia nigricauda,Esmeraldas Antbird,5788647,birdnet,SPECIES,species,EXACT
5559,Sipia palliata_Magdalena Antbird,taxon,Sipia palliata,Magdalena Antbird,9478448,birdnet,SPECIES,species,EXACT
5560,Siren_Siren,non_taxonomic,,Siren,,birdnet,,non_taxon,
5561,Sirystes albocinereus_White-rumped Sirystes,taxon,Sirystes albocinereus,White-rumped Sirystes,8356516,birdnet,SPECIES,species,EXACT
5562,Sirystes albogriseus_Choco Sirystes,taxon,Sirystes albogriseus,Choco Sirystes,6101055,birdnet,SPECIES,species,EXACT
5563,Sirystes sibilator_Sibilant Sirystes,taxon,Sirystes sibilator,Sibilant Sirystes,2483973,birdnet,SPECIES,species,EXACT
5564,Sitta canadensis_Red-breasted Nuthatch,taxon,Sitta canadensis,Red-breasted Nuthatch,2484879,birdnet,SPECIES,species,EXACT
5565,Sitta carolinensis_White-breasted Nuthatch,taxon,Sitta carolinensis,White-breasted Nuthatch,2484892,birdnet,SPECIES,species,EXACT
5566,Sitta cinnamoventris_Chestnut-bellied Nuthatch,taxon,Sitta cinnamoventris,Chestnut-bellied Nuthatch,6100822,birdnet,SPECIES,species,EXACT
5567,Sitta europaea_Eurasian Nuthatch,taxon,Sitta europaea,Eurasian Nuthatch,2484916,birdnet,SPECIES,species,EXACT
5568,Sitta frontalis_Velvet-fronted Nuthatch,taxon,Sitta frontalis,Velvet-fronted Nuthatch,9610931,birdnet,SPECIES,species,EXACT
5569,Sitta himalayensis_White-tailed Nuthatch,taxon,Sitta himalayensis,White-tailed Nuthatch,2484888,birdnet,SPECIES,species,EXACT
5570,Sitta krueperi_Krüper's Nuthatch,taxon,Sitta krueperi,Krüper's Nuthatch,2484880,birdnet,SPECIES,species,EXACT
5571,Sitta magna_Giant Nuthatch,taxon,Sitta magna,Giant Nuthatch,2484882,birdnet,SPECIES,species,EXACT
5572,Sitta nagaensis_Chestnut-vented Nuthatch,taxon,Sitta nagaensis,Chestnut-vented Nuthatch,2484912,birdnet,SPECIES,species,EXACT
5573,Sitta neumayer_Western Rock Nuthatch,taxon,Sitta neumayer,Western Rock Nuthatch,2484890,birdnet,SPECIES,species,EXACT
5574,Sitta pusilla_Brown-headed Nuthatch,taxon,Sitta pusilla,Brown-headed Nuthatch,2484904,birdnet,SPECIES,species,EXACT
5575,Sitta pygmaea_Pygmy Nuthatch,taxon,Sitta pygmaea,Pygmy Nuthatch,2484907,birdnet,SPECIES,species,EXACT
5576,Sitta tephronota_Eastern Rock Nuthatch,taxon,Sitta tephronota,Eastern Rock Nuthatch,2484885,birdnet,SPECIES,species,EXACT
5577,Sitta villosa_Snowy-browed Nuthatch,taxon,Sitta villosa,Snowy-browed Nuthatch,2484901,birdnet,SPECIES,species,EXACT
5578,Sitta whiteheadi_Corsican Nuthatch,taxon,Sitta whiteheadi,Corsican Nuthatch,2484886,birdnet,SPECIES,species,EXACT
5579,Sitta yunnanensis_Yunnan Nuthatch,taxon,Sitta yunnanensis,Yunnan Nuthatch,2484914,birdnet,SPECIES,species,EXACT
5580,Sittasomus griseicapillus_Olivaceous Woodcreeper,taxon,Sittasomus griseicapillus,Olivaceous Woodcreeper,2485628,birdnet,SPECIES,species,EXACT
5581,Sittiparus castaneoventris_Chestnut-bellied Tit,taxon,Sittiparus castaneoventris,Chestnut-bellied Tit,9088838,birdnet,SPECIES,species,EXACT
5582,Sittiparus owstoni_Owston's Tit,taxon,Sittiparus owstoni,Owston's Tit,8959573,birdnet,SPECIES,species,EXACT
5583,Sittiparus varius_Varied Tit,taxon,Sittiparus varius,Varied Tit,7341813,birdnet,SPECIES,species,EXACT
5584,Smicrornis brevirostris_Weebill,taxon,Smicrornis brevirostris,Weebill,2486541,birdnet,SPECIES,species,EXACT
5585,Smithornis capensis_African Broadbill,taxon,Smithornis capensis,African Broadbill,2484506,birdnet,SPECIES,species,EXACT
5586,Smithornis rufolateralis_Rufous-sided Broadbill,taxon,Smithornis rufolateralis,Rufous-sided Broadbill,2484516,birdnet,SPECIES,species,EXACT
5587,Snowornis subalaris_Gray-tailed Piha,taxon,Snowornis subalaris,Gray-tailed Piha,2486236,birdnet,SPECIES,species,EXACT
5588,Somateria mollissima_Common Eider,taxon,Somateria mollissima,Common Eider,2498352,birdnet,SPECIES,species,EXACT
5589,Somateria spectabilis_King Eider,taxon,Somateria spectabilis,King Eider,2498350,birdnet,SPECIES,species,EXACT
5590,Spartonoica maluroides_Bay-capped Wren-Spinetail,taxon,Spartonoica maluroides,Bay-capped Wren-Spinetail,2485840,birdnet,SPECIES,species,EXACT
5591,Spatula clypeata_Northern Shoveler,taxon,Spatula clypeata,Northern Shoveler,8332393,birdnet,SPECIES,species,EXACT
5592,Spatula cyanoptera_Cinnamon Teal,taxon,Spatula cyanoptera,Cinnamon Teal,9345027,birdnet,SPECIES,species,EXACT
5593,Spatula discors_Blue-winged Teal,taxon,Spatula discors,Blue-winged Teal,9422220,birdnet,SPECIES,species,EXACT
5594,Spatula platalea_Red Shoveler,taxon,Spatula platalea,Red Shoveler,9290528,birdnet,SPECIES,species,EXACT
5595,Spatula puna_Puna Teal,taxon,Spatula puna,Puna Teal,9583342,birdnet,SPECIES,species,EXACT
5596,Spatula querquedula_Garganey,taxon,Spatula querquedula,Garganey,9274012,birdnet,SPECIES,species,EXACT
5597,Spea bombifrons_Plains Spadefoot,taxon,Spea bombifrons,Plains Spadefoot,2429789,birdnet,SPECIES,species,EXACT
5598,Spelaeornis caudatus_Rufous-throated Wren-Babbler,taxon,Spelaeornis caudatus,Rufous-throated Wren-Babbler,2492928,birdnet,SPECIES,species,EXACT
5599,Spelaeornis oatesi_Chin Hills Wren-Babbler,taxon,Spelaeornis oatesi,Chin Hills Wren-Babbler,5789021,birdnet,SPECIES,species,EXACT
5600,Spelaeornis troglodytoides_Bar-winged Wren-Babbler,taxon,Spelaeornis troglodytoides,Bar-winged Wren-Babbler,2492924,birdnet,SPECIES,species,EXACT
5601,Spermestes cucullata_Bronze Mannikin,taxon,Spermestes cucullata,Bronze Mannikin,7780850,birdnet,SPECIES,species,EXACT
5602,Spermophaga haematina_Western Bluebill,taxon,Spermophaga haematina,Western Bluebill,2493640,birdnet,SPECIES,species,EXACT
5603,Sphecotheres vieilloti_Australasian Figbird,taxon,Sphecotheres vieilloti,Australasian Figbird,7340924,birdnet,SPECIES,species,EXACT
5604,Spheniscus demersus_African Penguin,taxon,Spheniscus demersus,African Penguin,5229384,birdnet,SPECIES,species,EXACT
5605,Spheniscus magellanicus_Magellanic Penguin,taxon,Spheniscus magellanicus,Magellanic Penguin,5229385,birdnet,SPECIES,species,EXACT
5606,Sphenoeacus afer_Cape Grassbird,taxon,Sphenoeacus afer,Cape Grassbird,2493014,birdnet,SPECIES,species,EXACT
5607,Sphenopsis frontalis_Oleaginous Hemispingus,taxon,Sphenopsis frontalis,Oleaginous Hemispingus,9370602,birdnet,SPECIES,species,EXACT
5608,Sphenopsis melanotis_Black-eared Hemispingus,taxon,Sphenopsis melanotis,Black-eared Hemispingus,9398243,birdnet,SPECIES,species,EXACT
5609,Sphyrapicus nuchalis_Red-naped Sapsucker,taxon,Sphyrapicus nuchalis,Red-naped Sapsucker,9406038,birdnet,SPECIES,species,EXACT
5610,Sphyrapicus ruber_Red-breasted Sapsucker,taxon,Sphyrapicus ruber,Red-breasted Sapsucker,2478597,birdnet,SPECIES,species,EXACT
5611,Sphyrapicus thyroideus_Williamson's Sapsucker,taxon,Sphyrapicus thyroideus,Williamson's Sapsucker,2478602,birdnet,SPECIES,species,EXACT
5612,Sphyrapicus varius_Yellow-bellied Sapsucker,taxon,Sphyrapicus varius,Yellow-bellied Sapsucker,2478605,birdnet,SPECIES,species,EXACT
5613,Spiloptila clamans_Cricket Longtail,taxon,Spiloptila clamans,Cricket Longtail,9780994,birdnet,SPECIES,species,EXACT
5614,Spilornis cheela_Crested Serpent-Eagle,taxon,Spilornis cheela,Crested Serpent-Eagle,2480433,birdnet,SPECIES,species,EXACT
5615,Spilornis holospilus_Philippine Serpent-Eagle,taxon,Spilornis holospilus,Philippine Serpent-Eagle,2480429,birdnet,SPECIES,species,EXACT
5616,Spindalis zena_Western Spindalis,taxon,Spindalis zena,Western Spindalis,2488379,birdnet,SPECIES,species,EXACT
5617,Spinus atratus_Black Siskin,taxon,Spinus atratus,Black Siskin,6092503,birdnet,SPECIES,species,EXACT
5618,Spinus barbatus_Black-chinned Siskin,taxon,Spinus barbatus,Black-chinned Siskin,6092488,birdnet,SPECIES,species,EXACT
5619,Spinus crassirostris_Thick-billed Siskin,taxon,Spinus crassirostris,Thick-billed Siskin,7341760,birdnet,SPECIES,species,EXACT
5620,Spinus cucullatus_Red Siskin,taxon,Spinus cucullatus,Red Siskin,5845578,birdnet,SPECIES,species,EXACT
5621,Spinus lawrencei_Lawrence's Goldfinch,taxon,Spinus lawrencei,Lawrence's Goldfinch,5231643,birdnet,SPECIES,species,EXACT
5622,Spinus magellanicus_Hooded Siskin,taxon,Spinus magellanicus,Hooded Siskin,7341745,birdnet,SPECIES,species,EXACT
5623,Spinus notatus_Black-headed Siskin,taxon,Spinus notatus,Black-headed Siskin,7341794,birdnet,SPECIES,species,EXACT
5624,Spinus olivaceus_Olivaceous Siskin,taxon,Spinus olivaceus,Olivaceous Siskin,6092509,birdnet,SPECIES,species,EXACT
5625,Spinus pinus_Pine Siskin,taxon,Spinus pinus,Pine Siskin,5231635,birdnet,SPECIES,species,EXACT
5626,Spinus psaltria_Lesser Goldfinch,taxon,Spinus psaltria,Lesser Goldfinch,5231647,birdnet,SPECIES,species,EXACT
5627,Spinus spinescens_Andean Siskin,taxon,Spinus spinescens,Andean Siskin,7341772,birdnet,SPECIES,species,EXACT
5628,Spinus spinus_Eurasian Siskin,taxon,Spinus spinus,Eurasian Siskin,6092830,birdnet,SPECIES,species,EXACT
5629,Spinus tristis_American Goldfinch,taxon,Spinus tristis,American Goldfinch,5231640,birdnet,SPECIES,species,EXACT
5630,Spinus xanthogastrus_Yellow-bellied Siskin,taxon,Spinus xanthogastrus,Yellow-bellied Siskin,7341765,birdnet,SPECIES,species,EXACT
5631,Spiza americana_Dickcissel,taxon,Spiza americana,Dickcissel,2490363,birdnet,SPECIES,species,EXACT
5632,Spizaetus isidori_Black-and-chestnut Eagle,taxon,Spizaetus isidori,Black-and-chestnut Eagle,5788512,birdnet,SPECIES,species,EXACT
5633,Spizaetus melanoleucus_Black-and-white Hawk-Eagle,taxon,Spizaetus melanoleucus,Black-and-white Hawk-Eagle,5788513,birdnet,SPECIES,species,EXACT
5634,Spizaetus ornatus_Ornate Hawk-Eagle,taxon,Spizaetus ornatus,Ornate Hawk-Eagle,2480679,birdnet,SPECIES,species,EXACT
5635,Spizaetus tyrannus_Black Hawk-Eagle,taxon,Spizaetus tyrannus,Black Hawk-Eagle,2480672,birdnet,SPECIES,species,EXACT
5636,Spizella atrogularis_Black-chinned Sparrow,taxon,Spizella atrogularis,Black-chinned Sparrow,2492104,birdnet,SPECIES,species,EXACT
5637,Spizella breweri_Brewer's Sparrow,taxon,Spizella breweri,Brewer's Sparrow,2492099,birdnet,SPECIES,species,EXACT
5638,Spizella pallida_Clay-colored Sparrow,taxon,Spizella pallida,Clay-colored Sparrow,2492101,birdnet,SPECIES,species,EXACT
5639,Spizella passerina_Chipping Sparrow,taxon,Spizella passerina,Chipping Sparrow,2492109,birdnet,SPECIES,species,EXACT
5640,Spizella pusilla_Field Sparrow,taxon,Spizella pusilla,Field Sparrow,2492096,birdnet,SPECIES,species,EXACT
5641,Spizella wortheni_Worthen's Sparrow,taxon,Spizella wortheni,Worthen's Sparrow,2492094,birdnet,SPECIES,species,EXACT
5642,Spizelloides arborea_American Tree Sparrow,taxon,Spizelloides arborea,American Tree Sparrow,7357320,birdnet,SPECIES,species,EXACT
5643,Spiziapteryx circumcincta_Spot-winged Falconet,taxon,Spiziapteryx circumcincta,Spot-winged Falconet,2481068,birdnet,SPECIES,species,EXACT
5644,Spizixos canifrons_Crested Finchbill,taxon,Spizixos canifrons,Crested Finchbill,2486221,birdnet,SPECIES,species,EXACT
5645,Spizixos semitorques_Collared Finchbill,taxon,Spizixos semitorques,Collared Finchbill,2486222,birdnet,SPECIES,species,EXACT
5646,Spodiopsar cineraceus_White-cheeked Starling,taxon,Spodiopsar cineraceus,White-cheeked Starling,6100944,birdnet,SPECIES,species,EXACT
5647,Spodiopsar sericeus_Red-billed Starling,taxon,Spodiopsar sericeus,Red-billed Starling,6100945,birdnet,SPECIES,species,EXACT
5648,Spodiornis rusticus_Slaty Finch,taxon,Spodiornis rusticus,Slaty Finch,9372820,birdnet,SPECIES,species,EXACT
5649,Sporathraupis cyanocephala_Blue-capped Tanager,taxon,Sporathraupis cyanocephala,Blue-capped Tanager,8965072,birdnet,SPECIES,species,EXACT
5650,Sporophila albogularis_White-throated Seedeater,taxon,Sporophila albogularis,White-throated Seedeater,2491366,birdnet,SPECIES,species,EXACT
5651,Sporophila angolensis_Chestnut-bellied Seed-Finch,taxon,Sporophila angolensis,Chestnut-bellied Seed-Finch,8239823,birdnet,SPECIES,species,EXACT
5652,Sporophila atrirostris_Black-billed Seed-Finch,taxon,Sporophila atrirostris,Black-billed Seed-Finch,7969087,birdnet,SPECIES,species,EXACT
5653,Sporophila bouvreuil_Copper Seedeater,taxon,Sporophila bouvreuil,Copper Seedeater,2491371,birdnet,SPECIES,species,EXACT
5654,Sporophila bouvronides_Lesson's Seedeater,taxon,Sporophila bouvronides,Lesson's Seedeater,2491339,birdnet,SPECIES,species,EXACT
5655,Sporophila caerulescens_Double-collared Seedeater,taxon,Sporophila caerulescens,Double-collared Seedeater,2491376,birdnet,SPECIES,species,EXACT
5656,Sporophila castaneiventris_Chestnut-bellied Seedeater,taxon,Sporophila castaneiventris,Chestnut-bellied Seedeater,2491348,birdnet,SPECIES,species,EXACT
5657,Sporophila cinnamomea_Chestnut Seedeater,taxon,Sporophila cinnamomea,Chestnut Seedeater,2491320,birdnet,SPECIES,species,EXACT
5658,Sporophila collaris_Rusty-collared Seedeater,taxon,Sporophila collaris,Rusty-collared Seedeater,2491350,birdnet,SPECIES,species,EXACT
5659,Sporophila corvina_Variable Seedeater,taxon,Sporophila corvina,Variable Seedeater,2491356,birdnet,SPECIES,species,EXACT
5660,Sporophila crassirostris_Large-billed Seed-Finch,taxon,Sporophila crassirostris,Large-billed Seed-Finch,8362699,birdnet,SPECIES,species,EXACT
5661,Sporophila falcirostris_Temminck's Seedeater,taxon,Sporophila falcirostris,Temminck's Seedeater,2491326,birdnet,SPECIES,species,EXACT
5662,Sporophila fringilloides_White-naped Seedeater,taxon,Sporophila fringilloides,White-naped Seedeater,7383562,birdnet,SPECIES,species,EXACT
5663,Sporophila frontalis_Buffy-fronted Seedeater,taxon,Sporophila frontalis,Buffy-fronted Seedeater,2491385,birdnet,SPECIES,species,EXACT
5664,Sporophila funerea_Thick-billed Seed-Finch,taxon,Sporophila funerea,Thick-billed Seed-Finch,7465752,birdnet,SPECIES,species,EXACT
5665,Sporophila hypochroma_Rufous-rumped Seedeater,taxon,Sporophila hypochroma,Rufous-rumped Seedeater,2491355,birdnet,SPECIES,species,EXACT
5666,Sporophila hypoxantha_Tawny-bellied Seedeater,taxon,Sporophila hypoxantha,Tawny-bellied Seedeater,2491328,birdnet,SPECIES,species,EXACT
5667,Sporophila intermedia_Gray Seedeater,taxon,Sporophila intermedia,Gray Seedeater,2491310,birdnet,SPECIES,species,EXACT
5668,Sporophila leucoptera_White-bellied Seedeater,taxon,Sporophila leucoptera,White-bellied Seedeater,2491361,birdnet,SPECIES,species,EXACT
5669,Sporophila lineola_Lined Seedeater,taxon,Sporophila lineola,Lined Seedeater,2491330,birdnet,SPECIES,species,EXACT
5670,Sporophila luctuosa_Black-and-white Seedeater,taxon,Sporophila luctuosa,Black-and-white Seedeater,2491313,birdnet,SPECIES,species,EXACT
5671,Sporophila minuta_Ruddy-breasted Seedeater,taxon,Sporophila minuta,Ruddy-breasted Seedeater,2491367,birdnet,SPECIES,species,EXACT
5672,Sporophila morelleti_Morelet's Seedeater,taxon,Sporophila morelleti,Morelet's Seedeater,8986244,birdnet,SPECIES,species,EXACT
5673,Sporophila murallae_Caqueta Seedeater,taxon,Sporophila murallae,Caqueta Seedeater,2491329,birdnet,SPECIES,species,EXACT
5674,Sporophila nigricollis_Yellow-bellied Seedeater,taxon,Sporophila nigricollis,Yellow-bellied Seedeater,2491335,birdnet,SPECIES,species,EXACT
5675,Sporophila nuttingi_Nicaraguan Seed-Finch,taxon,Sporophila nuttingi,Nicaraguan Seed-Finch,7773854,birdnet,SPECIES,species,EXACT
5676,Sporophila palustris_Marsh Seedeater,taxon,Sporophila palustris,Marsh Seedeater,2491342,birdnet,SPECIES,species,EXACT
5677,Sporophila peruviana_Parrot-billed Seedeater,taxon,Sporophila peruviana,Parrot-billed Seedeater,2491317,birdnet,SPECIES,species,EXACT
5678,Sporophila pileata_Pearly-bellied Seedeater,taxon,Sporophila pileata,Pearly-bellied Seedeater,7735140,birdnet,SPECIES,species,EXACT
5679,Sporophila plumbea_Plumbeous Seedeater,taxon,Sporophila plumbea,Plumbeous Seedeater,2491380,birdnet,SPECIES,species,EXACT
5680,Sporophila ruficollis_Dark-throated Seedeater,taxon,Sporophila ruficollis,Dark-throated Seedeater,2491349,birdnet,SPECIES,species,EXACT
5681,Sporophila schistacea_Slate-colored Seedeater,taxon,Sporophila schistacea,Slate-colored Seedeater,2491321,birdnet,SPECIES,species,EXACT
5682,Sporophila simplex_Drab Seedeater,taxon,Sporophila simplex,Drab Seedeater,2491384,birdnet,SPECIES,species,EXACT
5683,Sporophila telasco_Chestnut-throated Seedeater,taxon,Sporophila telasco,Chestnut-throated Seedeater,2491354,birdnet,SPECIES,species,EXACT
5684,Sporophila torqueola_Cinnamon-rumped Seedeater,taxon,Sporophila torqueola,Cinnamon-rumped Seedeater,2491343,birdnet,SPECIES,species,EXACT
5685,Sporopipes frontalis_Speckle-fronted Weaver,taxon,Sporopipes frontalis,Speckle-fronted Weaver,2494084,birdnet,SPECIES,species,EXACT
5686,Sporopipes squamifrons_Scaly Weaver,taxon,Sporopipes squamifrons,Scaly Weaver,2494083,birdnet,SPECIES,species,EXACT
5687,Stachyris maculata_Chestnut-rumped Babbler,taxon,Stachyris maculata,Chestnut-rumped Babbler,2493415,birdnet,SPECIES,species,EXACT
5688,Stachyris nigriceps_Gray-throated Babbler,taxon,Stachyris nigriceps,Gray-throated Babbler,2493424,birdnet,SPECIES,species,EXACT
5689,Stachyris nigricollis_Black-throated Babbler,taxon,Stachyris nigricollis,Black-throated Babbler,2493416,birdnet,SPECIES,species,EXACT
5690,Stachyris poliocephala_Gray-headed Babbler,taxon,Stachyris poliocephala,Gray-headed Babbler,2493417,birdnet,SPECIES,species,EXACT
5691,Stachyris strialata_Spot-necked Babbler,taxon,Stachyris strialata,Spot-necked Babbler,5844578,birdnet,SPECIES,species,EXACT
5692,Stachyris thoracica_White-bibbed Babbler,taxon,Stachyris thoracica,White-bibbed Babbler,2493413,birdnet,SPECIES,species,EXACT
5693,Stactolaema leucotis_White-eared Barbet,taxon,Stactolaema leucotis,White-eared Barbet,2478798,birdnet,SPECIES,species,EXACT
5694,Stactolaema olivacea_Green Barbet,taxon,Stactolaema olivacea,Green Barbet,2478792,birdnet,SPECIES,species,EXACT
5695,Stagonopleura bella_Beautiful Firetail,taxon,Stagonopleura bella,Beautiful Firetail,2493731,birdnet,SPECIES,species,EXACT
5696,Staphida torqueola_Indochinese Yuhina,taxon,Staphida torqueola,Indochinese Yuhina,11104389,birdnet,SPECIES,species,EXACT
5697,Steatornis caripensis_Oilbird,taxon,Steatornis caripensis,Oilbird,2497150,birdnet,SPECIES,species,EXACT
5698,Stelgidillas gracilirostris_Slender-billed Greenbul,taxon,Stelgidillas gracilirostris,Slender-billed Greenbul,7340464,birdnet,SPECIES,species,EXACT
5699,Stelgidopteryx ruficollis_Southern Rough-winged Swallow,taxon,Stelgidopteryx ruficollis,Southern Rough-winged Swallow,2489203,birdnet,SPECIES,species,EXACT
5700,Stelgidopteryx serripennis_Northern Rough-winged Swallow,taxon,Stelgidopteryx serripennis,Northern Rough-winged Swallow,2489202,birdnet,SPECIES,species,EXACT
5701,Stenostira scita_Fairy Flycatcher,taxon,Stenostira scita,Fairy Flycatcher,2493235,birdnet,SPECIES,species,EXACT
5702,Stephanoaetus coronatus_Crowned Eagle,taxon,Stephanoaetus coronatus,Crowned Eagle,2480391,birdnet,SPECIES,species,EXACT
5703,Stephanophorus diadematus_Diademed Tanager,taxon,Stephanophorus diadematus,Diademed Tanager,5230725,birdnet,SPECIES,species,EXACT
5704,Stephanoxis lalandi_Green-crowned Plovercrest,taxon,Stephanoxis lalandi,Green-crowned Plovercrest,2476048,birdnet,SPECIES,species,EXACT
5705,Stephanoxis loddigesii_Purple-crowned Plovercrest,taxon,Stephanoxis loddigesii,Purple-crowned Plovercrest,8414477,birdnet,SPECIES,species,EXACT
5706,Stercorarius antarcticus_Brown Skua,taxon,Stercorarius antarcticus,Brown Skua,2481622,birdnet,SPECIES,species,EXACT
5707,Stercorarius longicaudus_Long-tailed Jaeger,taxon,Stercorarius longicaudus,Long-tailed Jaeger,2481613,birdnet,SPECIES,species,EXACT
5708,Stercorarius maccormicki_South Polar Skua,taxon,Stercorarius maccormicki,South Polar Skua,2481616,birdnet,SPECIES,species,EXACT
5709,Stercorarius parasiticus_Parasitic Jaeger,taxon,Stercorarius parasiticus,Parasitic Jaeger,2481621,birdnet,SPECIES,species,EXACT
5710,Stercorarius pomarinus_Pomarine Jaeger,taxon,Stercorarius pomarinus,Pomarine Jaeger,2481609,birdnet,SPECIES,species,EXACT
5711,Stercorarius skua_Great Skua,taxon,Stercorarius skua,Great Skua,2481618,birdnet,SPECIES,species,EXACT
5712,Sterna aurantia_River Tern,taxon,Sterna aurantia,River Tern,5229239,birdnet,SPECIES,species,EXACT
5713,Sterna dougallii_Roseate Tern,taxon,Sterna dougallii,Roseate Tern,5229249,birdnet,SPECIES,species,EXACT
5714,Sterna forsteri_Forster's Tern,taxon,Sterna forsteri,Forster's Tern,5229247,birdnet,SPECIES,species,EXACT
5715,Sterna hirundinacea_South American Tern,taxon,Sterna hirundinacea,South American Tern,5229231,birdnet,SPECIES,species,EXACT
5716,Sterna hirundo_Common Tern,taxon,Sterna hirundo,Common Tern,9367409,birdnet,SPECIES,species,EXACT
5717,Sterna paradisaea_Arctic Tern,taxon,Sterna paradisaea,Arctic Tern,5229230,birdnet,SPECIES,species,EXACT
5718,Sterna repressa_White-cheeked Tern,taxon,Sterna repressa,White-cheeked Tern,5229267,birdnet,SPECIES,species,EXACT
5719,Sterna striata_White-fronted Tern,taxon,Sterna striata,White-fronted Tern,5229233,birdnet,SPECIES,species,EXACT
5720,Sterna sumatrana_Black-naped Tern,taxon,Sterna sumatrana,Black-naped Tern,5229214,birdnet,SPECIES,species,EXACT
5721,Sterna trudeaui_Snowy-crowned Tern,taxon,Sterna trudeaui,Snowy-crowned Tern,5229263,birdnet,SPECIES,species,EXACT
5722,Sterna vittata_Antarctic Tern,taxon,Sterna vittata,Antarctic Tern,9606968,birdnet,SPECIES,species,EXACT
5723,Sternula albifrons_Little Tern,taxon,Sternula albifrons,Little Tern,5789279,birdnet,SPECIES,species,EXACT
5724,Sternula antillarum_Least Tern,taxon,Sternula antillarum,Least Tern,5789285,birdnet,SPECIES,species,EXACT
5725,Sternula saundersi_Saunders's Tern,taxon,Sternula saundersi,Saunders's Tern,6065768,birdnet,SPECIES,species,EXACT
5726,Sternula superciliaris_Yellow-billed Tern,taxon,Sternula superciliaris,Yellow-billed Tern,5789280,birdnet,SPECIES,species,EXACT
5727,Stigmatura budytoides_Greater Wagtail-Tyrant,taxon,Stigmatura budytoides,Greater Wagtail-Tyrant,2483252,birdnet,SPECIES,species,EXACT
5728,Stigmatura napensis_Lesser Wagtail-Tyrant,taxon,Stigmatura napensis,Lesser Wagtail-Tyrant,2483249,birdnet,SPECIES,species,EXACT
5729,Stilpnia cayana_Burnished-buff Tanager,taxon,Stilpnia cayana,Burnished-buff Tanager,10895981,birdnet,SPECIES,species,EXACT
5730,Stilpnia cyanicollis_Blue-necked Tanager,taxon,Stilpnia cyanicollis,Blue-necked Tanager,10992187,birdnet,SPECIES,species,EXACT
5731,Stilpnia cyanoptera_Black-headed Tanager,taxon,Stilpnia cyanoptera,Black-headed Tanager,10969159,birdnet,SPECIES,species,EXACT
5732,Stilpnia heinei_Black-capped Tanager,taxon,Stilpnia heinei,Black-capped Tanager,10913109,birdnet,SPECIES,species,EXACT
5733,Stilpnia larvata_Golden-hooded Tanager,taxon,Stilpnia larvata,Golden-hooded Tanager,10955666,birdnet,SPECIES,species,EXACT
5734,Stilpnia nigrocincta_Masked Tanager,taxon,Stilpnia nigrocincta,Masked Tanager,10921174,birdnet,SPECIES,species,EXACT
5735,Stilpnia peruviana_Black-backed Tanager,taxon,Stilpnia peruviana,Black-backed Tanager,11029392,birdnet,SPECIES,species,EXACT
5736,Stilpnia preciosa_Chestnut-backed Tanager,taxon,Stilpnia preciosa,Chestnut-backed Tanager,10977812,birdnet,SPECIES,species,EXACT
5737,Stilpnia vitriolina_Scrub Tanager,taxon,Stilpnia vitriolina,Scrub Tanager,11081628,birdnet,SPECIES,species,EXACT
5738,Stiphrornis erythrothorax_Forest Robin,taxon,Stiphrornis erythrothorax,Forest Robin,2492393,birdnet,SPECIES,species,EXACT
5739,Stipiturus malachurus_Southern Emuwren,taxon,Stipiturus malachurus,Southern Emuwren,2487565,birdnet,SPECIES,species,EXACT
5740,Stizoptera bichenovii_Double-barred Finch,taxon,Stizoptera bichenovii,Double-barred Finch,10968431,birdnet,SPECIES,species,EXACT
5741,Stomiopera unicolor_White-gaped Honeyeater,taxon,Stomiopera unicolor,White-gaped Honeyeater,7465536,birdnet,SPECIES,species,EXACT
5742,Strepera fuliginosa_Black Currawong,taxon,Strepera fuliginosa,Black Currawong,2489447,birdnet,SPECIES,species,EXACT
5743,Strepera graculina_Pied Currawong,taxon,Strepera graculina,Pied Currawong,2489448,birdnet,SPECIES,species,EXACT
5744,Strepera versicolor_Gray Currawong,taxon,Strepera versicolor,Gray Currawong,2489446,birdnet,SPECIES,species,EXACT
5745,Streptopelia capicola_Ring-necked Dove,taxon,Streptopelia capicola,Ring-necked Dove,2495667,birdnet,SPECIES,species,EXACT
5746,Streptopelia chinensis_Spotted Dove,taxon,Streptopelia chinensis,Spotted Dove,2495715,birdnet,SPECIES,species,EXACT
5747,Streptopelia decaocto_Eurasian Collared-Dove,taxon,Streptopelia decaocto,Eurasian Collared-Dove,2495696,birdnet,SPECIES,species,EXACT
5748,Streptopelia decipiens_Mourning Collared-Dove,taxon,Streptopelia decipiens,Mourning Collared-Dove,2495674,birdnet,SPECIES,species,EXACT
5749,Streptopelia lugens_Dusky Turtle-Dove,taxon,Streptopelia lugens,Dusky Turtle-Dove,2495699,birdnet,SPECIES,species,EXACT
5750,Streptopelia orientalis_Oriental Turtle-Dove,taxon,Streptopelia orientalis,Oriental Turtle-Dove,2495681,birdnet,SPECIES,species,EXACT
5751,Streptopelia roseogrisea_African Collared-Dove,taxon,Streptopelia roseogrisea,African Collared-Dove,2495688,birdnet,SPECIES,species,EXACT
5752,Streptopelia semitorquata_Red-eyed Dove,taxon,Streptopelia semitorquata,Red-eyed Dove,2495707,birdnet,SPECIES,species,EXACT
5753,Streptopelia senegalensis_Laughing Dove,taxon,Streptopelia senegalensis,Laughing Dove,2495659,birdnet,SPECIES,species,EXACT
5754,Streptopelia tranquebarica_Red Collared-Dove,taxon,Streptopelia tranquebarica,Red Collared-Dove,2495691,birdnet,SPECIES,species,EXACT
5755,Streptopelia turtur_European Turtle-Dove,taxon,Streptopelia turtur,European Turtle-Dove,2495708,birdnet,SPECIES,species,EXACT
5756,Streptopelia vinacea_Vinaceous Dove,taxon,Streptopelia vinacea,Vinaceous Dove,2495694,birdnet,SPECIES,species,EXACT
5757,Streptoprocne biscutata_Biscutate Swift,taxon,Streptoprocne biscutata,Biscutate Swift,2477079,birdnet,SPECIES,species,EXACT
5758,Streptoprocne rutila_Chestnut-collared Swift,taxon,Streptoprocne rutila,Chestnut-collared Swift,2477071,birdnet,SPECIES,species,EXACT
5759,Streptoprocne zonaris_White-collared Swift,taxon,Streptoprocne zonaris,White-collared Swift,2477082,birdnet,SPECIES,species,EXACT
5760,Strix aluco_Tawny Owl,taxon,Strix aluco,Tawny Owl,9282206,birdnet,SPECIES,species,EXACT
5761,Strix chacoensis_Chaco Owl,taxon,Strix chacoensis,Chaco Owl,2497565,birdnet,SPECIES,species,EXACT
5762,Strix fulvescens_Fulvous Owl,taxon,Strix fulvescens,Fulvous Owl,2497508,birdnet,SPECIES,species,EXACT
5763,Strix hadorami_Desert Owl,taxon,Strix hadorami,Desert Owl,8343156,birdnet,SPECIES,species,EXACT
5764,Strix hylophila_Rusty-barred Owl,taxon,Strix hylophila,Rusty-barred Owl,2497529,birdnet,SPECIES,species,EXACT
5765,Strix leptogrammica_Brown Wood-Owl,taxon,Strix leptogrammica,Brown Wood-Owl,2497546,birdnet,SPECIES,species,EXACT
5766,Strix nebulosa_Great Gray Owl,taxon,Strix nebulosa,Great Gray Owl,2497522,birdnet,SPECIES,species,EXACT
5767,Strix nivicolum_Himalayan Owl,taxon,Strix nivicolum,Himalayan Owl,6101152,birdnet,SPECIES,species,EXACT
5768,Strix occidentalis_Spotted Owl,taxon,Strix occidentalis,Spotted Owl,2497487,birdnet,SPECIES,species,EXACT
5769,Strix ocellata_Mottled Wood-Owl,taxon,Strix ocellata,Mottled Wood-Owl,2497525,birdnet,SPECIES,species,EXACT
5770,Strix rufipes_Rufous-legged Owl,taxon,Strix rufipes,Rufous-legged Owl,2497562,birdnet,SPECIES,species,EXACT
5771,Strix seloputo_Spotted Wood-Owl,taxon,Strix seloputo,Spotted Wood-Owl,2497492,birdnet,SPECIES,species,EXACT
5772,Strix uralensis_Ural Owl,taxon,Strix uralensis,Ural Owl,2497509,birdnet,SPECIES,species,EXACT
5773,Strix varia_Barred Owl,taxon,Strix varia,Barred Owl,2497541,birdnet,SPECIES,species,EXACT
5774,Strix woodfordii_African Wood-Owl,taxon,Strix woodfordii,African Wood-Owl,2497530,birdnet,SPECIES,species,EXACT
5775,Struthidea cinerea_Apostlebird,taxon,Struthidea cinerea,Apostlebird,2494854,birdnet,SPECIES,species,EXACT
5776,Sturnella magna_Eastern Meadowlark,taxon,Sturnella magna,Eastern Meadowlark,2484254,birdnet,SPECIES,species,EXACT
5777,Sturnella neglecta_Western Meadowlark,taxon,Sturnella neglecta,Western Meadowlark,9596413,birdnet,SPECIES,species,EXACT
5778,Sturnia blythii_Malabar Starling,taxon,Sturnia blythii,Malabar Starling,6091832,birdnet,SPECIES,species,EXACT
5779,Sturnia malabarica_Chestnut-tailed Starling,taxon,Sturnia malabarica,Chestnut-tailed Starling,7341580,birdnet,SPECIES,species,EXACT
5780,Sturnia pagodarum_Brahminy Starling,taxon,Sturnia pagodarum,Brahminy Starling,6100941,birdnet,SPECIES,species,EXACT
5781,Sturnia sinensis_White-shouldered Starling,taxon,Sturnia sinensis,White-shouldered Starling,6091856,birdnet,SPECIES,species,EXACT
5782,Sturnus unicolor_Spotless Starling,taxon,Sturnus unicolor,Spotless Starling,2489104,birdnet,SPECIES,species,EXACT
5783,Sturnus vulgaris_European Starling,taxon,Sturnus vulgaris,European Starling,9809229,birdnet,SPECIES,species,EXACT
5784,Sublegatus arenarum_Northern Scrub-Flycatcher,taxon,Sublegatus arenarum,Northern Scrub-Flycatcher,2483420,birdnet,SPECIES,species,EXACT
5785,Sublegatus modestus_Southern Scrub-Flycatcher,taxon,Sublegatus modestus,Southern Scrub-Flycatcher,2483428,birdnet,SPECIES,species,EXACT
5786,Sublegatus obscurior_Amazonian Scrub-Flycatcher,taxon,Sublegatus obscurior,Amazonian Scrub-Flycatcher,2483427,birdnet,SPECIES,species,EXACT
5787,Sugomel nigrum_Black Honeyeater,taxon,Sugomel nigrum,Black Honeyeater,6101038,birdnet,SPECIES,species,EXACT
5788,Suiriri suiriri_Suiriri Flycatcher,taxon,Suiriri suiriri,Suiriri Flycatcher,2482852,birdnet,SPECIES,species,EXACT
5789,Sula dactylatra_Masked Booby,taxon,Sula dactylatra,Masked Booby,2480967,birdnet,SPECIES,species,EXACT
5790,Sula leucogaster_Brown Booby,taxon,Sula leucogaster,Brown Booby,2480975,birdnet,SPECIES,species,EXACT
5791,Sula nebouxii_Blue-footed Booby,taxon,Sula nebouxii,Blue-footed Booby,2480978,birdnet,SPECIES,species,EXACT
5792,Sula sula_Red-footed Booby,taxon,Sula sula,Red-footed Booby,2480972,birdnet,SPECIES,species,EXACT
5793,Surnia ulula_Northern Hawk Owl,taxon,Surnia ulula,Northern Hawk Owl,2497894,birdnet,SPECIES,species,EXACT
5794,Surniculus dicruroides_Fork-tailed Drongo-Cuckoo,taxon,Surniculus dicruroides,Fork-tailed Drongo-Cuckoo,6100748,birdnet,SPECIES,species,EXACT
5795,Surniculus lugubris_Square-tailed Drongo-Cuckoo,taxon,Surniculus lugubris,Square-tailed Drongo-Cuckoo,2496506,birdnet,SPECIES,species,EXACT
5796,Surniculus velutinus_Philippine Drongo-Cuckoo,taxon,Surniculus velutinus,Philippine Drongo-Cuckoo,2496510,birdnet,SPECIES,species,EXACT
5797,Suthora nipalensis_Black-throated Parrotbill,taxon,Suthora nipalensis,Black-throated Parrotbill,6100931,birdnet,SPECIES,species,EXACT
5798,Suthora verreauxi_Golden Parrotbill,taxon,Suthora verreauxi,Golden Parrotbill,6100930,birdnet,SPECIES,species,EXACT
5799,Swynnertonia swynnertoni_Swynnerton's Robin,taxon,Swynnertonia swynnertoni,Swynnerton's Robin,5231232,birdnet,SPECIES,species,EXACT
5800,Sylvia abyssinica_African Hill Babbler,taxon,Sylvia abyssinica,African Hill Babbler,7817343,birdnet,SPECIES,species,EXACT
5801,Sylvia atricapilla_Eurasian Blackcap,taxon,Sylvia atricapilla,Eurasian Blackcap,2492956,birdnet,SPECIES,species,EXACT
5802,Sylvia atriceps_Rwenzori Hill Babbler,taxon,Sylvia atriceps,Rwenzori Hill Babbler,10950898,birdnet,SPECIES,species,EXACT
5803,Sylvia borin_Garden Warbler,taxon,Sylvia borin,Garden Warbler,2492942,birdnet,SPECIES,species,EXACT
5804,Sylvia nigricapillus_Bush Blackcap,taxon,Sylvia nigricapilla,Bush Blackcap,7612180,birdnet,SPECIES,species,VARIANT
5805,Sylvietta brachyura_Northern Crombec,taxon,Sylvietta brachyura,Northern Crombec,2493538,birdnet,SPECIES,species,EXACT
5806,Sylvietta rufescens_Cape Crombec,taxon,Sylvietta rufescens,Cape Crombec,2493540,birdnet,SPECIES,species,EXACT
5807,Sylvietta ruficapilla_Red-capped Crombec,taxon,Sylvietta ruficapilla,Red-capped Crombec,2493535,birdnet,SPECIES,species,EXACT
5808,Sylvietta virens_Green Crombec,taxon,Sylvietta virens,Green Crombec,2493541,birdnet,SPECIES,species,EXACT
5809,Sylvietta whytii_Red-faced Crombec,taxon,Sylvietta whytii,Red-faced Crombec,2493539,birdnet,SPECIES,species,EXACT
5810,Sylviorthorhynchus desmursii_Des Murs's Wiretail,taxon,Sylviorthorhynchus desmursii,Des Murs's Wiretail,2485861,birdnet,SPECIES,species,EXACT
5811,Sylviorthorhynchus yanacensis_Tawny Tit-Spinetail,taxon,Sylviorthorhynchus yanacensis,Tawny Tit-Spinetail,10764390,birdnet,SPECIES,species,EXACT
5812,Sylviparus modestus_Yellow-browed Tit,taxon,Sylviparus modestus,Yellow-browed Tit,2487885,birdnet,SPECIES,species,EXACT
5813,Syma torotoro_Yellow-billed Kingfisher,taxon,Syma torotoro,Yellow-billed Kingfisher,9541141,birdnet,SPECIES,species,EXACT
5814,Symposiachrus trivirgatus_Spectacled Monarch,taxon,Symposiachrus trivirgatus,Spectacled Monarch,7342258,birdnet,SPECIES,species,EXACT
5815,Synallaxis albescens_Pale-breasted Spinetail,taxon,Synallaxis albescens,Pale-breasted Spinetail,2484936,birdnet,SPECIES,species,EXACT
5816,Synallaxis albigularis_Dark-breasted Spinetail,taxon,Synallaxis albigularis,Dark-breasted Spinetail,2485019,birdnet,SPECIES,species,EXACT
5817,Synallaxis albilora_White-lored Spinetail,taxon,Synallaxis albilora,White-lored Spinetail,2484982,birdnet,SPECIES,species,EXACT
5818,Synallaxis azarae_Azara's Spinetail,taxon,Synallaxis azarae,Azara's Spinetail,9492770,birdnet,SPECIES,species,EXACT
5819,Synallaxis brachyura_Slaty Spinetail,taxon,Synallaxis brachyura,Slaty Spinetail,2485023,birdnet,SPECIES,species,EXACT
5820,Synallaxis cabanisi_Cabanis's Spinetail,taxon,Synallaxis cabanisi,Cabanis's Spinetail,2484986,birdnet,SPECIES,species,EXACT
5821,Synallaxis candei_White-whiskered Spinetail,taxon,Synallaxis candei,White-whiskered Spinetail,2484971,birdnet,SPECIES,species,EXACT
5822,Synallaxis castanea_Black-throated Spinetail,taxon,Synallaxis castanea,Black-throated Spinetail,2485032,birdnet,SPECIES,species,EXACT
5823,Synallaxis cherriei_Chestnut-throated Spinetail,taxon,Synallaxis cherriei,Chestnut-throated Spinetail,2484990,birdnet,SPECIES,species,EXACT
5824,Synallaxis cinerascens_Gray-bellied Spinetail,taxon,Synallaxis cinerascens,Gray-bellied Spinetail,2484926,birdnet,SPECIES,species,EXACT
5825,Synallaxis cinerea_Bahia Spinetail,taxon,Synallaxis cinerea,Bahia Spinetail,2485014,birdnet,SPECIES,species,EXACT
5826,Synallaxis cinnamomea_Stripe-breasted Spinetail,taxon,Synallaxis cinnamomea,Stripe-breasted Spinetail,2484995,birdnet,SPECIES,species,EXACT
5827,Synallaxis courseni_Apurimac Spinetail,taxon,Synallaxis courseni,Apurimac Spinetail,2484976,birdnet,SPECIES,species,EXACT
5828,Synallaxis erythrothorax_Rufous-breasted Spinetail,taxon,Synallaxis erythrothorax,Rufous-breasted Spinetail,2485003,birdnet,SPECIES,species,EXACT
5829,Synallaxis frontalis_Sooty-fronted Spinetail,taxon,Synallaxis frontalis,Sooty-fronted Spinetail,2484977,birdnet,SPECIES,species,EXACT
5830,Synallaxis fuscorufa_Rusty-headed Spinetail,taxon,Synallaxis fuscorufa,Rusty-headed Spinetail,2484933,birdnet,SPECIES,species,EXACT
5831,Synallaxis gujanensis_Plain-crowned Spinetail,taxon,Synallaxis gujanensis,Plain-crowned Spinetail,2485007,birdnet,SPECIES,species,EXACT
5832,Synallaxis hellmayri_Red-shouldered Spinetail,taxon,Synallaxis hellmayri,Red-shouldered Spinetail,2485651,birdnet,SPECIES,species,EXACT
5833,Synallaxis hypochondriaca_Great Spinetail,taxon,Synallaxis hypochondriaca,Great Spinetail,7362067,birdnet,SPECIES,species,EXACT
5834,Synallaxis hypospodia_Cinereous-breasted Spinetail,taxon,Synallaxis hypospodia,Cinereous-breasted Spinetail,2484934,birdnet,SPECIES,species,EXACT
5835,Synallaxis infuscata_Pinto's Spinetail,taxon,Synallaxis infuscata,Pinto's Spinetail,2484980,birdnet,SPECIES,species,EXACT
5836,Synallaxis kollari_Hoary-throated Spinetail,taxon,Synallaxis kollari,Hoary-throated Spinetail,2484935,birdnet,SPECIES,species,EXACT
5837,Synallaxis macconnelli_McConnell's Spinetail,taxon,Synallaxis macconnelli,McConnell's Spinetail,2485016,birdnet,SPECIES,species,EXACT
5838,Synallaxis maranonica_Marañon Spinetail,taxon,Synallaxis maranonica,Marañon Spinetail,2484981,birdnet,SPECIES,species,EXACT
5839,Synallaxis moesta_Dusky Spinetail,taxon,Synallaxis moesta,Dusky Spinetail,2484950,birdnet,SPECIES,species,EXACT
5840,Synallaxis ruficapilla_Rufous-capped Spinetail,taxon,Synallaxis ruficapilla,Rufous-capped Spinetail,2484985,birdnet,SPECIES,species,EXACT
5841,Synallaxis rutilans_Ruddy Spinetail,taxon,Synallaxis rutilans,Ruddy Spinetail,2484963,birdnet,SPECIES,species,EXACT
5842,Synallaxis scutata_Ochre-cheeked Spinetail,taxon,Synallaxis scutata,Ochre-cheeked Spinetail,2485028,birdnet,SPECIES,species,EXACT
5843,Synallaxis spixi_Spix's Spinetail,taxon,Synallaxis spixi,Spix's Spinetail,2484989,birdnet,SPECIES,species,EXACT
5844,Synallaxis stictothorax_Necklaced Spinetail,taxon,Synallaxis stictothorax,Necklaced Spinetail,2485033,birdnet,SPECIES,species,EXACT
5845,Synallaxis subpudica_Silvery-throated Spinetail,taxon,Synallaxis subpudica,Silvery-throated Spinetail,2484994,birdnet,SPECIES,species,EXACT
5846,Synallaxis tithys_Blackish-headed Spinetail,taxon,Synallaxis tithys,Blackish-headed Spinetail,2484975,birdnet,SPECIES,species,EXACT
5847,Synallaxis unirufa_Rufous Spinetail,taxon,Synallaxis unirufa,Rufous Spinetail,2484927,birdnet,SPECIES,species,EXACT
5848,Syndactyla dimidiata_Russet-mantled Foliage-gleaner,taxon,Syndactyla dimidiata,Russet-mantled Foliage-gleaner,2485357,birdnet,SPECIES,species,EXACT
5849,Syndactyla guttulata_Guttulate Foliage-gleaner,taxon,Syndactyla guttulata,Guttulate Foliage-gleaner,2485374,birdnet,SPECIES,species,EXACT
5850,Syndactyla ruficollis_Rufous-necked Foliage-gleaner,taxon,Syndactyla ruficollis,Rufous-necked Foliage-gleaner,2485371,birdnet,SPECIES,species,EXACT
5851,Syndactyla rufosuperciliata_Buff-browed Foliage-gleaner,taxon,Syndactyla rufosuperciliata,Buff-browed Foliage-gleaner,2485377,birdnet,SPECIES,species,EXACT
5852,Syndactyla striata_Bolivian Recurvebill,taxon,Syndactyla striata,Bolivian Recurvebill,2485383,birdnet,SPECIES,species,EXACT
5853,Syndactyla subalaris_Lineated Foliage-gleaner,taxon,Syndactyla subalaris,Lineated Foliage-gleaner,2485362,birdnet,SPECIES,species,EXACT
5854,Syndactyla ucayalae_Peruvian Recurvebill,taxon,Syndactyla ucayalae,Peruvian Recurvebill,2485372,birdnet,SPECIES,species,EXACT
5855,Synoicus chinensis_Blue-breasted Quail,taxon,Synoicus chinensis,Blue-breasted Quail,8082581,birdnet,SPECIES,species,EXACT
5856,Synoicus ypsilophorus_Brown Quail,taxon,Synoicus ypsilophorus,Brown Quail,2474153,birdnet,SPECIES,species,EXACT
5857,Syrigma sibilatrix_Whistling Heron,taxon,Syrigma sibilatrix,Whistling Heron,2480921,birdnet,SPECIES,species,EXACT
5858,Syrrhaptes paradoxus_Pallas's Sandgrouse,taxon,Syrrhaptes paradoxus,Pallas's Sandgrouse,2480208,birdnet,SPECIES,species,EXACT
5859,Systellura decussata_Tschudi's Nightjar,taxon,Systellura decussata,Tschudi's Nightjar,9038593,birdnet,SPECIES,species,EXACT
5860,Systellura longirostris_Band-winged Nightjar,taxon,Systellura longirostris,Band-winged Nightjar,7784172,birdnet,SPECIES,species,EXACT
5861,Taccocua leschenaultii_Sirkeer Malkoha,taxon,Taccocua leschenaultii,Sirkeer Malkoha,2496474,birdnet,SPECIES,species,EXACT
5862,Tachornis phoenicobia_Antillean Palm-Swift,taxon,Tachornis phoenicobia,Antillean Palm-Swift,2477433,birdnet,SPECIES,species,EXACT
5863,Tachornis squamata_Fork-tailed Palm-Swift,taxon,Tachornis squamata,Fork-tailed Palm-Swift,2477436,birdnet,SPECIES,species,EXACT
5864,Tachuris rubrigastra_Many-colored Rush Tyrant,taxon,Tachuris rubrigastra,Many-colored Rush Tyrant,2482651,birdnet,SPECIES,species,EXACT
5865,Tachybaptus dominicus_Least Grebe,taxon,Tachybaptus dominicus,Least Grebe,2482044,birdnet,SPECIES,species,EXACT
5866,Tachybaptus novaehollandiae_Australasian Grebe,taxon,Tachybaptus novaehollandiae,Australasian Grebe,2482043,birdnet,SPECIES,species,EXACT
5867,Tachybaptus ruficollis_Little Grebe,taxon,Tachybaptus ruficollis,Little Grebe,2482048,birdnet,SPECIES,species,EXACT
5868,Tachycineta albilinea_Mangrove Swallow,taxon,Tachycineta albilinea,Mangrove Swallow,5230762,birdnet,SPECIES,species,EXACT
5869,Tachycineta albiventer_White-winged Swallow,taxon,Tachycineta albiventer,White-winged Swallow,5230759,birdnet,SPECIES,species,EXACT
5870,Tachycineta bicolor_Tree Swallow,taxon,Tachycineta bicolor,Tree Swallow,2489181,birdnet,SPECIES,species,EXACT
5871,Tachycineta euchrysea_Golden Swallow,taxon,Tachycineta euchrysea,Golden Swallow,5230753,birdnet,SPECIES,species,EXACT
5872,Tachycineta leucopyga_Chilean Swallow,taxon,Tachycineta leucopyga,Chilean Swallow,5789239,birdnet,SPECIES,species,EXACT
5873,Tachycineta leucorrhoa_White-rumped Swallow,taxon,Tachycineta leucorrhoa,White-rumped Swallow,5230761,birdnet,SPECIES,species,EXACT
5874,Tachycineta thalassina_Violet-green Swallow,taxon,Tachycineta thalassina,Violet-green Swallow,5230754,birdnet,SPECIES,species,EXACT
5875,Tachyeres patachonicus_Flying Steamer-Duck,taxon,Tachyeres patachonicus,Flying Steamer-Duck,2498236,birdnet,SPECIES,species,EXACT
5876,Tachyphonus coronatus_Ruby-crowned Tanager,taxon,Tachyphonus coronatus,Ruby-crowned Tanager,2488590,birdnet,SPECIES,species,EXACT
5877,Tachyphonus delatrii_Tawny-crested Tanager,taxon,Tachyphonus delatrii,Tawny-crested Tanager,2488592,birdnet,SPECIES,species,EXACT
5878,Tachyphonus phoenicius_Red-shouldered Tanager,taxon,Tachyphonus phoenicius,Red-shouldered Tanager,2488571,birdnet,SPECIES,species,EXACT
5879,Tachyphonus rufus_White-lined Tanager,taxon,Tachyphonus rufus,White-lined Tanager,2488583,birdnet,SPECIES,species,EXACT
5880,Tachyphonus surinamus_Fulvous-crested Tanager,taxon,Tachyphonus surinamus,Fulvous-crested Tanager,2488566,birdnet,SPECIES,species,EXACT
5881,Tadorna cana_South African Shelduck,taxon,Tadorna cana,South African Shelduck,2498010,birdnet,SPECIES,species,EXACT
5882,Tadorna ferruginea_Ruddy Shelduck,taxon,Tadorna ferruginea,Ruddy Shelduck,2498015,birdnet,SPECIES,species,EXACT
5883,Tadorna tadorna_Common Shelduck,taxon,Tadorna tadorna,Common Shelduck,2498009,birdnet,SPECIES,species,EXACT
5884,Tadorna tadornoides_Australian Shelduck,taxon,Tadorna tadornoides,Australian Shelduck,2498007,birdnet,SPECIES,species,EXACT
5885,Tadorna variegata_Paradise Shelduck,taxon,Tadorna variegata,Paradise Shelduck,2498011,birdnet,SPECIES,species,EXACT
5886,Taenioptynx brodiei_Collared Owlet,taxon,Taenioptynx brodiei,Collared Owlet,11230951,birdnet,SPECIES,species,EXACT
5887,Taeniopygia guttata_Zebra Finch,taxon,Taeniopygia guttata,Zebra Finch,2493633,birdnet,SPECIES,species,EXACT
5888,Taeniotriccus andrei_Black-chested Tyrant,taxon,Taeniotriccus andrei,Black-chested Tyrant,2482706,birdnet,SPECIES,species,EXACT
5889,Talaphorus chlorocercus_Olive-spotted Hummingbird,taxon,Talaphorus chlorocercus,Olive-spotted Hummingbird,10918272,birdnet,SPECIES,species,EXACT
5890,Talegalla fuscirostris_Yellow-legged Brushturkey,taxon,Talegalla fuscirostris,Yellow-legged Brushturkey,2482162,birdnet,SPECIES,species,EXACT
5891,Talegalla jobiensis_Red-legged Brushturkey,taxon,Talegalla jobiensis,Red-legged Brushturkey,2482156,birdnet,SPECIES,species,EXACT
5892,Tamias striatus_Eastern Chipmunk,taxon,Tamias striatus,Eastern Chipmunk,2437438,birdnet,SPECIES,species,EXACT
5893,Tamiasciurus hudsonicus_Red Squirrel,taxon,Tamiasciurus hudsonicus,Red Squirrel,2437282,birdnet,SPECIES,species,EXACT
5894,Tangara arthus_Golden Tanager,taxon,Tangara arthus,Golden Tanager,2488179,birdnet,SPECIES,species,EXACT
5895,Tangara chilensis_Paradise Tanager,taxon,Tangara chilensis,Paradise Tanager,2488217,birdnet,SPECIES,species,EXACT
5896,Tangara cyanocephala_Red-necked Tanager,taxon,Tangara cyanocephala,Red-necked Tanager,2488097,birdnet,SPECIES,species,EXACT
5897,Tangara cyanoventris_Gilt-edged Tanager,taxon,Tangara cyanoventris,Gilt-edged Tanager,2488155,birdnet,SPECIES,species,EXACT
5898,Tangara desmaresti_Brassy-breasted Tanager,taxon,Tangara desmaresti,Brassy-breasted Tanager,2488136,birdnet,SPECIES,species,EXACT
5899,Tangara dowii_Spangle-cheeked Tanager,taxon,Tangara dowii,Spangle-cheeked Tanager,2488105,birdnet,SPECIES,species,EXACT
5900,Tangara florida_Emerald Tanager,taxon,Tangara florida,Emerald Tanager,2488189,birdnet,SPECIES,species,EXACT
5901,Tangara gyrola_Bay-headed Tanager,taxon,Tangara gyrola,Bay-headed Tanager,2488114,birdnet,SPECIES,species,EXACT
5902,Tangara icterocephala_Silver-throated Tanager,taxon,Tangara icterocephala,Silver-throated Tanager,2488222,birdnet,SPECIES,species,EXACT
5903,Tangara inornata_Plain-colored Tanager,taxon,Tangara inornata,Plain-colored Tanager,2488164,birdnet,SPECIES,species,EXACT
5904,Tangara labradorides_Metallic-green Tanager,taxon,Tangara labradorides,Metallic-green Tanager,2488101,birdnet,SPECIES,species,EXACT
5905,Tangara lavinia_Rufous-winged Tanager,taxon,Tangara lavinia,Rufous-winged Tanager,2488206,birdnet,SPECIES,species,EXACT
5906,Tangara mexicana_Turquoise Tanager,taxon,Tangara mexicana,Turquoise Tanager,2488169,birdnet,SPECIES,species,EXACT
5907,Tangara nigroviridis_Beryl-spangled Tanager,taxon,Tangara nigroviridis,Beryl-spangled Tanager,2488106,birdnet,SPECIES,species,EXACT
5908,Tangara parzudakii_Flame-faced Tanager,taxon,Tangara parzudakii,Flame-faced Tanager,2488192,birdnet,SPECIES,species,EXACT
5909,Tangara schrankii_Green-and-gold Tanager,taxon,Tangara schrankii,Green-and-gold Tanager,2488133,birdnet,SPECIES,species,EXACT
5910,Tangara seledon_Green-headed Tanager,taxon,Tangara seledon,Green-headed Tanager,2488104,birdnet,SPECIES,species,EXACT
5911,Tangara vassorii_Blue-and-black Tanager,taxon,Tangara vassorii,Blue-and-black Tanager,2488175,birdnet,SPECIES,species,EXACT
5912,Tangara velia_Opal-rumped Tanager,taxon,Tangara velia,Opal-rumped Tanager,2488157,birdnet,SPECIES,species,EXACT
5913,Tangara xanthocephala_Saffron-crowned Tanager,taxon,Tangara xanthocephala,Saffron-crowned Tanager,2488242,birdnet,SPECIES,species,EXACT
5914,Tanygnathus sumatranus_Azure-rumped Parrot,taxon,Tanygnathus sumatranus,Azure-rumped Parrot,5229086,birdnet,SPECIES,species,EXACT
5915,Tanysiptera galatea_Common Paradise-Kingfisher,taxon,Tanysiptera galatea,Common Paradise-Kingfisher,2475620,birdnet,SPECIES,species,EXACT
5916,Tanysiptera sylvia_Buff-breasted Paradise-Kingfisher,taxon,Tanysiptera sylvia,Buff-breasted Paradise-Kingfisher,2475639,birdnet,SPECIES,species,EXACT
5917,Tapera naevia_Striped Cuckoo,taxon,Tapera naevia,Striped Cuckoo,5231932,birdnet,SPECIES,species,EXACT
5918,Taraba major_Great Antshrike,taxon,Taraba major,Great Antshrike,2490224,birdnet,SPECIES,species,EXACT
5919,Tarphonomus certhioides_Chaco Earthcreeper,taxon,Tarphonomus certhioides,Chaco Earthcreeper,7340653,birdnet,SPECIES,species,EXACT
5920,Tarphonomus harterti_Bolivian Earthcreeper,taxon,Tarphonomus harterti,Bolivian Earthcreeper,5788799,birdnet,SPECIES,species,EXACT
5921,Tarsiger chrysaeus_Golden Bush-Robin,taxon,Tarsiger chrysaeus,Golden Bush-Robin,2492510,birdnet,SPECIES,species,EXACT
5922,Tarsiger cyanurus_Red-flanked Bluetail,taxon,Tarsiger cyanurus,Red-flanked Bluetail,2492509,birdnet,SPECIES,species,EXACT
5923,Tarsiger indicus_White-browed Bush-Robin,taxon,Tarsiger indicus,White-browed Bush-Robin,2492512,birdnet,SPECIES,species,EXACT
5924,Tarsiger johnstoniae_Collared Bush-Robin,taxon,Tarsiger johnstoniae,Collared Bush-Robin,2492511,birdnet,SPECIES,species,EXACT
5925,Tarsiger rufilatus_Himalayan Bluetail,taxon,Tarsiger rufilatus,Himalayan Bluetail,6089951,birdnet,SPECIES,species,EXACT
5926,Tauraco corythaix_Knysna Turaco,taxon,Tauraco corythaix,Knysna Turaco,2475250,birdnet,SPECIES,species,EXACT
5927,Tauraco fischeri_Fischer's Turaco,taxon,Tauraco fischeri,Fischer's Turaco,2475247,birdnet,SPECIES,species,EXACT
5928,Tauraco hartlaubi_Hartlaub's Turaco,taxon,Tauraco hartlaubi,Hartlaub's Turaco,2475233,birdnet,SPECIES,species,EXACT
5929,Tauraco leucotis_White-cheeked Turaco,taxon,Tauraco leucotis,White-cheeked Turaco,2475235,birdnet,SPECIES,species,EXACT
5930,Tauraco livingstonii_Livingstone's Turaco,taxon,Tauraco livingstonii,Livingstone's Turaco,2475225,birdnet,SPECIES,species,EXACT
5931,Tauraco macrorhynchus_Yellow-billed Turaco,taxon,Tauraco macrorhynchus,Yellow-billed Turaco,2475230,birdnet,SPECIES,species,EXACT
5932,Tauraco persa_Guinea Turaco,taxon,Tauraco persa,Guinea Turaco,2475243,birdnet,SPECIES,species,EXACT
5933,Tauraco porphyreolophus_Purple-crested Turaco,taxon,Tauraco porphyreolophus,Purple-crested Turaco,2475239,birdnet,SPECIES,species,EXACT
5934,Tauraco schalowi_Schalow's Turaco,taxon,Tauraco schalowi,Schalow's Turaco,2475234,birdnet,SPECIES,species,EXACT
5935,Tchagra australis_Brown-crowned Tchagra,taxon,Tchagra australis,Brown-crowned Tchagra,2484826,birdnet,SPECIES,species,EXACT
5936,Tchagra senegalus_Black-crowned Tchagra,taxon,Tchagra senegalus,Black-crowned Tchagra,7340799,birdnet,SPECIES,species,EXACT
5937,Tchagra tchagra_Southern Tchagra,taxon,Tchagra tchagra,Southern Tchagra,2484823,birdnet,SPECIES,species,EXACT
5938,Teledromas fuscus_Sandy Gallito,taxon,Teledromas fuscus,Sandy Gallito,2490965,birdnet,SPECIES,species,EXACT
5939,Telespiza ultima_Nihoa Finch,taxon,Telespiza ultima,Nihoa Finch,2494419,birdnet,SPECIES,species,EXACT
5940,Telophorus bocagei_Gray-green Bushshrike,taxon,Telophorus bocagei,Gray-green Bushshrike,2484852,birdnet,SPECIES,species,EXACT
5941,Telophorus dohertyi_Doherty's Bushshrike,taxon,Telophorus dohertyi,Doherty's Bushshrike,2484851,birdnet,SPECIES,species,EXACT
5942,Telophorus nigrifrons_Black-fronted Bushshrike,taxon,Telophorus nigrifrons,Black-fronted Bushshrike,2484850,birdnet,SPECIES,species,EXACT
5943,Telophorus olivaceus_Olive Bushshrike,taxon,Telophorus olivaceus,Olive Bushshrike,2484847,birdnet,SPECIES,species,EXACT
5944,Telophorus sulfureopectus_Sulphur-breasted Bushshrike,taxon,Telophorus sulfureopectus,Sulphur-breasted Bushshrike,2484849,birdnet,SPECIES,species,EXACT
5945,Telophorus viridis_Four-colored Bushshrike,taxon,Telophorus viridis,Four-colored Bushshrike,2484846,birdnet,SPECIES,species,EXACT
5946,Telophorus zeylonus_Bokmakierie,taxon,Telophorus zeylonus,Bokmakierie,2484853,birdnet,SPECIES,species,EXACT
5947,Temnurus temnurus_Ratchet-tailed Treepie,taxon,Temnurus temnurus,Ratchet-tailed Treepie,5229499,birdnet,SPECIES,species,EXACT
5948,Tephrodornis pondicerianus_Common Woodshrike,taxon,Tephrodornis pondicerianus,Common Woodshrike,2484857,birdnet,SPECIES,species,EXACT
5949,Tephrodornis sylvicola_Malabar Woodshrike,taxon,Tephrodornis sylvicola,Malabar Woodshrike,6088887,birdnet,SPECIES,species,EXACT
5950,Tephrodornis virgatus_Large Woodshrike,taxon,Tephrodornis virgatus,Large Woodshrike,5845038,birdnet,SPECIES,species,EXACT
5951,Terenotriccus erythrurus_Ruddy-tailed Flycatcher,taxon,Terenotriccus erythrurus,Ruddy-tailed Flycatcher,2484022,birdnet,SPECIES,species,EXACT
5952,Terenura maculata_Streak-capped Antwren,taxon,Terenura maculata,Streak-capped Antwren,2490012,birdnet,SPECIES,species,EXACT
5953,Terenura sicki_Orange-bellied Antwren,taxon,Terenura sicki,Orange-bellied Antwren,2490013,birdnet,SPECIES,species,EXACT
5954,Teretistris fernandinae_Yellow-headed Warbler,taxon,Teretistris fernandinae,Yellow-headed Warbler,2489628,birdnet,SPECIES,species,EXACT
5955,Teretistris fornsi_Oriente Warbler,taxon,Teretistris fornsi,Oriente Warbler,2489629,birdnet,SPECIES,species,EXACT
5956,Terpsiphone affinis_Blyth's Paradise-Flycatcher,taxon,Terpsiphone affinis,Blyth's Paradise-Flycatcher,7790821,birdnet,SPECIES,species,EXACT
5957,Terpsiphone atrocaudata_Japanese Paradise-Flycatcher,taxon,Terpsiphone atrocaudata,Japanese Paradise-Flycatcher,2486680,birdnet,SPECIES,species,EXACT
5958,Terpsiphone bourbonnensis_Mascarene Paradise-Flycatcher,taxon,Terpsiphone bourbonnensis,Mascarene Paradise-Flycatcher,2486681,birdnet,SPECIES,species,EXACT
5959,Terpsiphone cinnamomea_Rufous Paradise-Flycatcher,taxon,Terpsiphone cinnamomea,Rufous Paradise-Flycatcher,2486685,birdnet,SPECIES,species,EXACT
5960,Terpsiphone incei_Amur Paradise-Flycatcher,taxon,Terpsiphone incei,Amur Paradise-Flycatcher,7696863,birdnet,SPECIES,species,EXACT
5961,Terpsiphone mutata_Malagasy Paradise-Flycatcher,taxon,Terpsiphone mutata,Malagasy Paradise-Flycatcher,2486686,birdnet,SPECIES,species,EXACT
5962,Terpsiphone paradisi_Indian Paradise-Flycatcher,taxon,Terpsiphone paradisi,Indian Paradise-Flycatcher,2486687,birdnet,SPECIES,species,EXACT
5963,Terpsiphone rufiventer_Black-headed Paradise-Flycatcher,taxon,Terpsiphone rufiventer,Black-headed Paradise-Flycatcher,2486679,birdnet,SPECIES,species,EXACT
5964,Terpsiphone viridis_African Paradise-Flycatcher,taxon,Terpsiphone viridis,African Paradise-Flycatcher,2486688,birdnet,SPECIES,species,EXACT
5965,Tersina viridis_Swallow Tanager,taxon,Tersina viridis,Swallow Tanager,2488545,birdnet,SPECIES,species,EXACT
5966,Tesia cyaniventer_Gray-bellied Tesia,taxon,Tesia cyaniventer,Gray-bellied Tesia,9521320,birdnet,SPECIES,species,EXACT
5967,Tesia everetti_Russet-capped Tesia,taxon,Tesia everetti,Russet-capped Tesia,2493278,birdnet,SPECIES,species,EXACT
5968,Tesia olivea_Slaty-bellied Tesia,taxon,Tesia olivea,Slaty-bellied Tesia,2493276,birdnet,SPECIES,species,EXACT
5969,Tesia superciliaris_Javan Tesia,taxon,Tesia superciliaris,Javan Tesia,2493279,birdnet,SPECIES,species,EXACT
5970,Tetrao urogallus_Western Capercaillie,taxon,Tetrao urogallus,Western Capercaillie,2473577,birdnet,SPECIES,species,EXACT
5971,Tetraogallus caucasicus_Caucasian Snowcock,taxon,Tetraogallus caucasicus,Caucasian Snowcock,2473446,birdnet,SPECIES,species,EXACT
5972,Tetraogallus tibetanus_Tibetan Snowcock,taxon,Tetraogallus tibetanus,Tibetan Snowcock,2473447,birdnet,SPECIES,species,EXACT
5973,Tetrastes bonasia_Hazel Grouse,taxon,Tetrastes bonasia,Hazel Grouse,2473663,birdnet,SPECIES,species,EXACT
5974,Tetrax tetrax_Little Bustard,taxon,Tetrax tetrax,Little Bustard,5228228,birdnet,SPECIES,species,EXACT
5975,Thalassarche melanophris_Black-browed Albatross,taxon,Thalassarche melanophris,Black-browed Albatross,2481410,birdnet,SPECIES,species,EXACT
5976,Thalasseus bengalensis_Lesser Crested Tern,taxon,Thalasseus bengalensis,Lesser Crested Tern,6065833,birdnet,SPECIES,species,EXACT
5977,Thalasseus bergii_Great Crested Tern,taxon,Thalasseus bergii,Great Crested Tern,5789283,birdnet,SPECIES,species,EXACT
5978,Thalasseus elegans_Elegant Tern,taxon,Thalasseus elegans,Elegant Tern,2481285,birdnet,SPECIES,species,EXACT
5979,Thalasseus maximus_Royal Tern,taxon,Thalasseus maximus,Royal Tern,5789281,birdnet,SPECIES,species,EXACT
5980,Thalasseus sandvicensis_Sandwich Tern,taxon,Thalasseus sandvicensis,Sandwich Tern,2481240,birdnet,SPECIES,species,EXACT
5981,Thalurania colombica_Crowned Woodnymph,taxon,Thalurania colombica,Crowned Woodnymph,2476528,birdnet,SPECIES,species,EXACT
5982,Thalurania furcata_Fork-tailed Woodnymph,taxon,Thalurania furcata,Fork-tailed Woodnymph,2476533,birdnet,SPECIES,species,EXACT
5983,Thalurania glaucopis_Violet-capped Woodnymph,taxon,Thalurania glaucopis,Violet-capped Woodnymph,2476548,birdnet,SPECIES,species,EXACT
5984,Thamnistes anabatinus_Russet Antshrike,taxon,Thamnistes anabatinus,Russet Antshrike,9485798,birdnet,SPECIES,species,EXACT
5985,Thamnolaea cinnamomeiventris_Mocking Cliff-Chat,taxon,Thamnolaea cinnamomeiventris,Mocking Cliff-Chat,2492397,birdnet,SPECIES,species,EXACT
5986,Thamnomanes ardesiacus_Dusky-throated Antshrike,taxon,Thamnomanes ardesiacus,Dusky-throated Antshrike,2490218,birdnet,SPECIES,species,EXACT
5987,Thamnomanes caesius_Cinereous Antshrike,taxon,Thamnomanes caesius,Cinereous Antshrike,2490217,birdnet,SPECIES,species,EXACT
5988,Thamnomanes saturninus_Saturnine Antshrike,taxon,Thamnomanes saturninus,Saturnine Antshrike,7341781,birdnet,SPECIES,species,EXACT
5989,Thamnomanes schistogynus_Bluish-slate Antshrike,taxon,Thamnomanes schistogynus,Bluish-slate Antshrike,2490216,birdnet,SPECIES,species,EXACT
5990,Thamnophilus aethiops_White-shouldered Antshrike,taxon,Thamnophilus aethiops,White-shouldered Antshrike,5959213,birdnet,SPECIES,species,EXACT
5991,Thamnophilus amazonicus_Amazonian Antshrike,taxon,Thamnophilus amazonicus,Amazonian Antshrike,5959206,birdnet,SPECIES,species,EXACT
5992,Thamnophilus ambiguus_Sooretama Slaty-Antshrike,taxon,Thamnophilus ambiguus,Sooretama Slaty-Antshrike,6093310,birdnet,SPECIES,species,EXACT
5993,Thamnophilus aroyae_Upland Antshrike,taxon,Thamnophilus aroyae,Upland Antshrike,5959214,birdnet,SPECIES,species,EXACT
5994,Thamnophilus atrinucha_Black-crowned Antshrike,taxon,Thamnophilus atrinucha,Black-crowned Antshrike,5959200,birdnet,SPECIES,species,EXACT
5995,Thamnophilus bernardi_Collared Antshrike,taxon,Thamnophilus bernardi,Collared Antshrike,7341951,birdnet,SPECIES,species,EXACT
5996,Thamnophilus bridgesi_Black-hooded Antshrike,taxon,Thamnophilus bridgesi,Black-hooded Antshrike,5959207,birdnet,SPECIES,species,EXACT
5997,Thamnophilus caerulescens_Variable Antshrike,taxon,Thamnophilus caerulescens,Variable Antshrike,5959215,birdnet,SPECIES,species,EXACT
5998,Thamnophilus cryptoleucus_Castelnau's Antshrike,taxon,Thamnophilus cryptoleucus,Castelnau's Antshrike,5959201,birdnet,SPECIES,species,EXACT
5999,Thamnophilus doliatus_Barred Antshrike,taxon,Thamnophilus doliatus,Barred Antshrike,5959208,birdnet,SPECIES,species,EXACT
6000,Thamnophilus melanonotus_Black-backed Antshrike,taxon,Thamnophilus melanonotus,Black-backed Antshrike,6093113,birdnet,SPECIES,species,EXACT
6001,Thamnophilus multistriatus_Bar-crested Antshrike,taxon,Thamnophilus multistriatus,Bar-crested Antshrike,5959202,birdnet,SPECIES,species,EXACT
6002,Thamnophilus murinus_Mouse-colored Antshrike,taxon,Thamnophilus murinus,Mouse-colored Antshrike,5959209,birdnet,SPECIES,species,EXACT
6003,Thamnophilus nigriceps_Black Antshrike,taxon,Thamnophilus nigriceps,Black Antshrike,5959217,birdnet,SPECIES,species,EXACT
6004,Thamnophilus nigrocinereus_Blackish-gray Antshrike,taxon,Thamnophilus nigrocinereus,Blackish-gray Antshrike,5959203,birdnet,SPECIES,species,EXACT
6005,Thamnophilus palliatus_Chestnut-backed Antshrike,taxon,Thamnophilus palliatus,Chestnut-backed Antshrike,5959210,birdnet,SPECIES,species,EXACT
6006,Thamnophilus pelzelni_Planalto Slaty-Antshrike,taxon,Thamnophilus pelzelni,Planalto Slaty-Antshrike,6093318,birdnet,SPECIES,species,EXACT
6007,Thamnophilus praecox_Cocha Antshrike,taxon,Thamnophilus praecox,Cocha Antshrike,5959218,birdnet,SPECIES,species,EXACT
6008,Thamnophilus punctatus_Northern Slaty-Antshrike,taxon,Thamnophilus punctatus,Northern Slaty-Antshrike,5959204,birdnet,SPECIES,species,EXACT
6009,Thamnophilus ruficapillus_Rufous-capped Antshrike,taxon,Thamnophilus ruficapillus,Rufous-capped Antshrike,5959211,birdnet,SPECIES,species,EXACT
6010,Thamnophilus schistaceus_Plain-winged Antshrike,taxon,Thamnophilus schistaceus,Plain-winged Antshrike,5959219,birdnet,SPECIES,species,EXACT
6011,Thamnophilus stictocephalus_Natterer's Slaty-Antshrike,taxon,Thamnophilus stictocephalus,Natterer's Slaty-Antshrike,7341912,birdnet,SPECIES,species,EXACT
6012,Thamnophilus sticturus_Bolivian Slaty-Antshrike,taxon,Thamnophilus sticturus,Bolivian Slaty-Antshrike,6093323,birdnet,SPECIES,species,EXACT
6013,Thamnophilus tenuepunctatus_Lined Antshrike,taxon,Thamnophilus tenuepunctatus,Lined Antshrike,7341969,birdnet,SPECIES,species,EXACT
6014,Thamnophilus torquatus_Rufous-winged Antshrike,taxon,Thamnophilus torquatus,Rufous-winged Antshrike,5959205,birdnet,SPECIES,species,EXACT
6015,Thamnophilus unicolor_Uniform Antshrike,taxon,Thamnophilus unicolor,Uniform Antshrike,5959212,birdnet,SPECIES,species,EXACT
6016,Thamnophilus zarumae_Chapman's Antshrike,taxon,Thamnophilus zarumae,Chapman's Antshrike,7341986,birdnet,SPECIES,species,EXACT
6017,Thectocercus acuticaudatus_Blue-crowned Parakeet,taxon,Thectocercus acuticaudatus,Blue-crowned Parakeet,7826906,birdnet,SPECIES,species,EXACT
6018,Theristicus caerulescens_Plumbeous Ibis,taxon,Theristicus caerulescens,Plumbeous Ibis,2480787,birdnet,SPECIES,species,EXACT
6019,Theristicus caudatus_Buff-necked Ibis,taxon,Theristicus caudatus,Buff-necked Ibis,2480790,birdnet,SPECIES,species,EXACT
6020,Theristicus melanopis_Black-faced Ibis,taxon,Theristicus melanopis,Black-faced Ibis,2480786,birdnet,SPECIES,species,EXACT
6021,Thescelocichla leucopleura_Swamp Greenbul,taxon,Thescelocichla leucopleura,Swamp Greenbul,2486190,birdnet,SPECIES,species,EXACT
6022,Thinocorus orbignyianus_Gray-breasted Seedsnipe,taxon,Thinocorus orbignyianus,Gray-breasted Seedsnipe,2480960,birdnet,SPECIES,species,EXACT
6023,Thinocorus rumicivorus_Least Seedsnipe,taxon,Thinocorus rumicivorus,Least Seedsnipe,2480961,birdnet,SPECIES,species,EXACT
6024,Thlypopsis ornata_Rufous-chested Tanager,taxon,Thlypopsis ornata,Rufous-chested Tanager,2488696,birdnet,SPECIES,species,EXACT
6025,Thlypopsis pyrrhocoma_Chestnut-headed Tanager,taxon,Thlypopsis pyrrhocoma,Chestnut-headed Tanager,7859152,birdnet,SPECIES,species,EXACT
6026,Thlypopsis sordida_Orange-headed Tanager,taxon,Thlypopsis sordida,Orange-headed Tanager,2488692,birdnet,SPECIES,species,EXACT
6027,Thlypopsis superciliaris_Superciliaried Hemispingus,taxon,Thlypopsis superciliaris,Superciliaried Hemispingus,9637395,birdnet,SPECIES,species,EXACT
6028,Thraupis abbas_Yellow-winged Tanager,taxon,Thraupis abbas,Yellow-winged Tanager,2488627,birdnet,SPECIES,species,EXACT
6029,Thraupis cyanoptera_Azure-shouldered Tanager,taxon,Thraupis cyanoptera,Azure-shouldered Tanager,2488626,birdnet,SPECIES,species,EXACT
6030,Thraupis episcopus_Blue-gray Tanager,taxon,Thraupis episcopus,Blue-gray Tanager,2488602,birdnet,SPECIES,species,EXACT
6031,Thraupis ornata_Golden-chevroned Tanager,taxon,Thraupis ornata,Golden-chevroned Tanager,2488601,birdnet,SPECIES,species,EXACT
6032,Thraupis palmarum_Palm Tanager,taxon,Thraupis palmarum,Palm Tanager,9436876,birdnet,SPECIES,species,EXACT
6033,Thraupis sayaca_Sayaca Tanager,taxon,Thraupis sayaca,Sayaca Tanager,2488622,birdnet,SPECIES,species,EXACT
6034,Threnetes leucurus_Pale-tailed Barbthroat,taxon,Threnetes leucurus,Pale-tailed Barbthroat,5228472,birdnet,SPECIES,species,EXACT
6035,Threnetes ruckeri_Band-tailed Barbthroat,taxon,Threnetes ruckeri,Band-tailed Barbthroat,5228462,birdnet,SPECIES,species,EXACT
6036,Threskiornis melanocephalus_Black-headed Ibis,taxon,Threskiornis melanocephalus,Black-headed Ibis,2480767,birdnet,SPECIES,species,EXACT
6037,Threskiornis molucca_Australian Ibis,taxon,Threskiornis molucca,Australian Ibis,2480765,birdnet,SPECIES,species,EXACT
6038,Thripadectes flammulatus_Flammulated Treehunter,taxon,Thripadectes flammulatus,Flammulated Treehunter,2485272,birdnet,SPECIES,species,EXACT
6039,Thripadectes holostictus_Striped Treehunter,taxon,Thripadectes holostictus,Striped Treehunter,2485265,birdnet,SPECIES,species,EXACT
6040,Thripadectes ignobilis_Uniform Treehunter,taxon,Thripadectes ignobilis,Uniform Treehunter,2485256,birdnet,SPECIES,species,EXACT
6041,Thripadectes melanorhynchus_Black-billed Treehunter,taxon,Thripadectes melanorhynchus,Black-billed Treehunter,2485269,birdnet,SPECIES,species,EXACT
6042,Thripadectes rufobrunneus_Streak-breasted Treehunter,taxon,Thripadectes rufobrunneus,Streak-breasted Treehunter,2485264,birdnet,SPECIES,species,EXACT
6043,Thripadectes scrutator_Rufous-backed Treehunter,taxon,Thripadectes scrutator,Rufous-backed Treehunter,2485255,birdnet,SPECIES,species,EXACT
6044,Thripadectes virgaticeps_Streak-capped Treehunter,taxon,Thripadectes virgaticeps,Streak-capped Treehunter,2485257,birdnet,SPECIES,species,EXACT
6045,Thripophaga cherriei_Orinoco Softtail,taxon,Thripophaga cherriei,Orinoco Softtail,2486008,birdnet,SPECIES,species,EXACT
6046,Thripophaga fusciceps_Plain Softtail,taxon,Thripophaga fusciceps,Plain Softtail,2486003,birdnet,SPECIES,species,EXACT
6047,Thripophaga macroura_Striated Softtail,taxon,Thripophaga macroura,Striated Softtail,2486007,birdnet,SPECIES,species,EXACT
6048,Thryomanes bewickii_Bewick's Wren,taxon,Thryomanes bewickii,Bewick's Wren,2493843,birdnet,SPECIES,species,EXACT
6049,Thryophilus nicefori_Niceforo's Wren,taxon,Thryophilus nicefori,Niceforo's Wren,6089798,birdnet,SPECIES,species,EXACT
6050,Thryophilus pleurostictus_Banded Wren,taxon,Thryophilus pleurostictus,Banded Wren,7341094,birdnet,SPECIES,species,EXACT
6051,Thryophilus rufalbus_Rufous-and-white Wren,taxon,Thryophilus rufalbus,Rufous-and-white Wren,7341088,birdnet,SPECIES,species,EXACT
6052,Thryophilus sernai_Antioquia Wren,taxon,Thryophilus sernai,Antioquia Wren,7652738,birdnet,SPECIES,species,EXACT
6053,Thryophilus sinaloa_Sinaloa Wren,taxon,Thryophilus sinaloa,Sinaloa Wren,7341103,birdnet,SPECIES,species,EXACT
6054,Thryothorus ludovicianus_Carolina Wren,taxon,Thryothorus ludovicianus,Carolina Wren,2493801,birdnet,SPECIES,species,EXACT
6055,Tiaris olivaceus_Yellow-faced Grassquit,taxon,Tiaris olivaceus,Yellow-faced Grassquit,5231037,birdnet,SPECIES,species,EXACT
6056,Tichodroma muraria_Wallcreeper,taxon,Tichodroma muraria,Wallcreeper,2484918,birdnet,SPECIES,species,EXACT
6057,Tickellia hodgsoni_Broad-billed Warbler,taxon,Tickellia hodgsoni,Broad-billed Warbler,2493378,birdnet,SPECIES,species,EXACT
6058,Tigrisoma lineatum_Rufescent Tiger-Heron,taxon,Tigrisoma lineatum,Rufescent Tiger-Heron,2480869,birdnet,SPECIES,species,EXACT
6059,Tigrisoma mexicanum_Bare-throated Tiger-Heron,taxon,Tigrisoma mexicanum,Bare-throated Tiger-Heron,2480867,birdnet,SPECIES,species,EXACT
6060,Timalia pileata_Chestnut-capped Babbler,taxon,Timalia pileata,Chestnut-capped Babbler,2493293,birdnet,SPECIES,species,EXACT
6061,Tinamotis pentlandii_Puna Tinamou,taxon,Tinamotis pentlandii,Puna Tinamou,2477459,birdnet,SPECIES,species,EXACT
6062,Tinamus guttatus_White-throated Tinamou,taxon,Tinamus guttatus,White-throated Tinamou,2477621,birdnet,SPECIES,species,EXACT
6063,Tinamus major_Great Tinamou,taxon,Tinamus major,Great Tinamou,2477630,birdnet,SPECIES,species,EXACT
6064,Tinamus solitarius_Solitary Tinamou,taxon,Tinamus solitarius,Solitary Tinamou,2477627,birdnet,SPECIES,species,EXACT
6065,Tinamus tao_Gray Tinamou,taxon,Tinamus tao,Gray Tinamou,2477622,birdnet,SPECIES,species,EXACT
6066,Tityra cayana_Black-tailed Tityra,taxon,Tityra cayana,Black-tailed Tityra,2486483,birdnet,SPECIES,species,EXACT
6067,Tityra inquisitor_Black-crowned Tityra,taxon,Tityra inquisitor,Black-crowned Tityra,2486476,birdnet,SPECIES,species,EXACT
6068,Tityra semifasciata_Masked Tityra,taxon,Tityra semifasciata,Masked Tityra,2486467,birdnet,SPECIES,species,EXACT
6069,Tockus deckeni_Von der Decken's Hornbill,taxon,Tockus deckeni,Von der Decken's Hornbill,2475971,birdnet,SPECIES,species,EXACT
6070,Tockus erythrorhynchus_Northern Red-billed Hornbill,taxon,Tockus erythrorhynchus,Northern Red-billed Hornbill,2475965,birdnet,SPECIES,species,EXACT
6071,Tockus kempi_Western Red-billed Hornbill,taxon,Tockus kempi,Western Red-billed Hornbill,6095275,birdnet,SPECIES,species,EXACT
6072,Tockus leucomelas_Southern Yellow-billed Hornbill,taxon,Tockus leucomelas,Southern Yellow-billed Hornbill,2475955,birdnet,SPECIES,species,EXACT
6073,Tockus rufirostris_Southern Red-billed Hornbill,taxon,Tockus rufirostris,Southern Red-billed Hornbill,6095271,birdnet,SPECIES,species,EXACT
6074,Todiramphus australasia_Cinnamon-banded Kingfisher,taxon,Todiramphus australasia,Cinnamon-banded Kingfisher,2475701,birdnet,SPECIES,species,EXACT
6075,Todiramphus chloris_Collared Kingfisher,taxon,Todiramphus chloris,Collared Kingfisher,2475742,birdnet,SPECIES,species,EXACT
6076,Todiramphus funebris_Sombre Kingfisher,taxon,Todiramphus funebris,Sombre Kingfisher,2475696,birdnet,SPECIES,species,EXACT
6077,Todiramphus macleayii_Forest Kingfisher,taxon,Todiramphus macleayii,Forest Kingfisher,2475735,birdnet,SPECIES,species,EXACT
6078,Todiramphus sacer_Pacific Kingfisher,taxon,Todiramphus sacer,Pacific Kingfisher,9370361,birdnet,SPECIES,species,EXACT
6079,Todiramphus sanctus_Sacred Kingfisher,taxon,Todiramphus sanctus,Sacred Kingfisher,2475802,birdnet,SPECIES,species,EXACT
6080,Todiramphus sordidus_Torresian Kingfisher,taxon,Todiramphus sordidus,Torresian Kingfisher,8010240,birdnet,SPECIES,species,EXACT
6081,Todiramphus tristrami_Melanesian Kingfisher,taxon,Todiramphus tristrami,Melanesian Kingfisher,8114887,birdnet,SPECIES,species,EXACT
6082,Todiramphus winchelli_Rufous-lored Kingfisher,taxon,Todiramphus winchelli,Rufous-lored Kingfisher,2475710,birdnet,SPECIES,species,EXACT
6083,Todirostrum chrysocrotaphum_Yellow-browed Tody-Flycatcher,taxon,Todirostrum chrysocrotaphum,Yellow-browed Tody-Flycatcher,2483262,birdnet,SPECIES,species,EXACT
6084,Todirostrum cinereum_Common Tody-Flycatcher,taxon,Todirostrum cinereum,Common Tody-Flycatcher,2483274,birdnet,SPECIES,species,EXACT
6085,Todirostrum maculatum_Spotted Tody-Flycatcher,taxon,Todirostrum maculatum,Spotted Tody-Flycatcher,2483268,birdnet,SPECIES,species,EXACT
6086,Todirostrum nigriceps_Black-headed Tody-Flycatcher,taxon,Todirostrum nigriceps,Black-headed Tody-Flycatcher,2483261,birdnet,SPECIES,species,EXACT
6087,Todirostrum pictum_Painted Tody-Flycatcher,taxon,Todirostrum pictum,Painted Tody-Flycatcher,2483260,birdnet,SPECIES,species,EXACT
6088,Todirostrum poliocephalum_Gray-headed Tody-Flycatcher,taxon,Todirostrum poliocephalum,Gray-headed Tody-Flycatcher,2483259,birdnet,SPECIES,species,EXACT
6089,Todus angustirostris_Narrow-billed Tody,taxon,Todus angustirostris,Narrow-billed Tody,2475388,birdnet,SPECIES,species,EXACT
6090,Todus mexicanus_Puerto Rican Tody,taxon,Todus mexicanus,Puerto Rican Tody,2475386,birdnet,SPECIES,species,EXACT
6091,Todus multicolor_Cuban Tody,taxon,Todus multicolor,Cuban Tody,2475385,birdnet,SPECIES,species,EXACT
6092,Todus subulatus_Broad-billed Tody,taxon,Todus subulatus,Broad-billed Tody,9598502,birdnet,SPECIES,species,EXACT
6093,Todus todus_Jamaican Tody,taxon,Todus todus,Jamaican Tody,2475387,birdnet,SPECIES,species,EXACT
6094,Tolmomyias assimilis_Yellow-margined Flycatcher,taxon,Tolmomyias assimilis,Yellow-margined Flycatcher,2482899,birdnet,SPECIES,species,EXACT
6095,Tolmomyias flaviventris_Yellow-breasted Flycatcher,taxon,Tolmomyias flaviventris,Yellow-breasted Flycatcher,2482874,birdnet,SPECIES,species,EXACT
6096,Tolmomyias poliocephalus_Gray-crowned Flycatcher,taxon,Tolmomyias poliocephalus,Gray-crowned Flycatcher,2482908,birdnet,SPECIES,species,EXACT
6097,Tolmomyias sulphurescens_Yellow-olive Flycatcher,taxon,Tolmomyias sulphurescens,Yellow-olive Flycatcher,2482882,birdnet,SPECIES,species,EXACT
6098,Tolmomyias traylori_Orange-eyed Flycatcher,taxon,Tolmomyias traylori,Orange-eyed Flycatcher,2482873,birdnet,SPECIES,species,EXACT
6099,Topaza pella_Crimson Topaz,taxon,Topaza pella,Crimson Topaz,5228596,birdnet,SPECIES,species,EXACT
6100,Topaza pyra_Fiery Topaz,taxon,Topaza pyra,Fiery Topaz,5228593,birdnet,SPECIES,species,EXACT
6101,Torreornis inexpectata_Zapata Sparrow,taxon,Torreornis inexpectata,Zapata Sparrow,2491912,birdnet,SPECIES,species,EXACT
6102,Touit batavicus_Lilac-tailed Parrotlet,taxon,Touit batavicus,Lilac-tailed Parrotlet,2480122,birdnet,SPECIES,species,EXACT
6103,Touit dilectissimus_Blue-fronted Parrotlet,taxon,Touit dilectissimus,Blue-fronted Parrotlet,2480138,birdnet,SPECIES,species,EXACT
6104,Touit huetii_Scarlet-shouldered Parrotlet,taxon,Touit huetii,Scarlet-shouldered Parrotlet,2480135,birdnet,SPECIES,species,EXACT
6105,Touit melanonotus_Brown-backed Parrotlet,taxon,Touit melanonotus,Brown-backed Parrotlet,2480136,birdnet,SPECIES,species,EXACT
6106,Touit purpuratus_Sapphire-rumped Parrotlet,taxon,Touit purpuratus,Sapphire-rumped Parrotlet,2480131,birdnet,SPECIES,species,EXACT
6107,Touit stictopterus_Spot-winged Parrotlet,taxon,Touit stictopterus,Spot-winged Parrotlet,2480129,birdnet,SPECIES,species,EXACT
6108,Touit surdus_Golden-tailed Parrotlet,taxon,Touit surdus,Golden-tailed Parrotlet,2480124,birdnet,SPECIES,species,EXACT
6109,Toxorhamphus novaeguineae_Yellow-bellied Longbill,taxon,Toxorhamphus novaeguineae,Yellow-bellied Longbill,2484576,birdnet,SPECIES,species,EXACT
6110,Toxostoma bendirei_Bendire's Thrasher,taxon,Toxostoma bendirei,Bendire's Thrasher,5231697,birdnet,SPECIES,species,EXACT
6111,Toxostoma cinereum_Gray Thrasher,taxon,Toxostoma cinereum,Gray Thrasher,5231706,birdnet,SPECIES,species,EXACT
6112,Toxostoma crissale_Crissal Thrasher,taxon,Toxostoma crissale,Crissal Thrasher,5231693,birdnet,SPECIES,species,EXACT
6113,Toxostoma curvirostre_Curve-billed Thrasher,taxon,Toxostoma curvirostre,Curve-billed Thrasher,5231688,birdnet,SPECIES,species,EXACT
6114,Toxostoma lecontei_LeConte's Thrasher,taxon,Toxostoma lecontei,LeConte's Thrasher,5231703,birdnet,SPECIES,species,EXACT
6115,Toxostoma longirostre_Long-billed Thrasher,taxon,Toxostoma longirostre,Long-billed Thrasher,5231710,birdnet,SPECIES,species,EXACT
6116,Toxostoma ocellatum_Ocellated Thrasher,taxon,Toxostoma ocellatum,Ocellated Thrasher,5231698,birdnet,SPECIES,species,EXACT
6117,Toxostoma redivivum_California Thrasher,taxon,Toxostoma redivivum,California Thrasher,5231713,birdnet,SPECIES,species,EXACT
6118,Toxostoma rufum_Brown Thrasher,taxon,Toxostoma rufum,Brown Thrasher,9479809,birdnet,SPECIES,species,EXACT
6119,Trachyphonus darnaudii_D'Arnaud's Barbet,taxon,Trachyphonus darnaudii,D'Arnaud's Barbet,2478893,birdnet,SPECIES,species,EXACT
6120,Trachyphonus erythrocephalus_Red-and-yellow Barbet,taxon,Trachyphonus erythrocephalus,Red-and-yellow Barbet,2478902,birdnet,SPECIES,species,EXACT
6121,Trachyphonus purpuratus_Yellow-billed Barbet,taxon,Trachyphonus purpuratus,Yellow-billed Barbet,2478850,birdnet,SPECIES,species,EXACT
6122,Trachyphonus vaillantii_Crested Barbet,taxon,Trachyphonus vaillantii,Crested Barbet,2478899,birdnet,SPECIES,species,EXACT
6123,Tregellasia capito_Pale-yellow Robin,taxon,Tregellasia capito,Pale-yellow Robin,2489283,birdnet,SPECIES,species,EXACT
6124,Treron affinis_Gray-fronted Green-Pigeon,taxon,Treron affinis,Gray-fronted Green-Pigeon,6101234,birdnet,SPECIES,species,EXACT
6125,Treron bicinctus_Orange-breasted Green-Pigeon,taxon,Treron bicinctus,Orange-breasted Green-Pigeon,2495776,birdnet,SPECIES,species,EXACT
6126,Treron calvus_African Green-Pigeon,taxon,Treron calvus,African Green-Pigeon,2495783,birdnet,SPECIES,species,EXACT
6127,Treron curvirostra_Thick-billed Green-Pigeon,taxon,Treron curvirostra,Thick-billed Green-Pigeon,2495730,birdnet,SPECIES,species,EXACT
6128,Treron formosae_Whistling Green-Pigeon,taxon,Treron formosae,Whistling Green-Pigeon,2495806,birdnet,SPECIES,species,EXACT
6129,Treron fulvicollis_Cinnamon-headed Green-Pigeon,taxon,Treron fulvicollis,Cinnamon-headed Green-Pigeon,2495740,birdnet,SPECIES,species,EXACT
6130,Treron olax_Little Green-Pigeon,taxon,Treron olax,Little Green-Pigeon,2495811,birdnet,SPECIES,species,EXACT
6131,Treron phayrei_Ashy-headed Green-Pigeon,taxon,Treron phayrei,Ashy-headed Green-Pigeon,6101232,birdnet,SPECIES,species,EXACT
6132,Treron phoenicopterus_Yellow-footed Green-Pigeon,taxon,Treron phoenicopterus,Yellow-footed Green-Pigeon,2495757,birdnet,SPECIES,species,EXACT
6133,Treron sieboldii_White-bellied Green-Pigeon,taxon,Treron sieboldii,White-bellied Green-Pigeon,2495812,birdnet,SPECIES,species,EXACT
6134,Treron sphenurus_Wedge-tailed Green-Pigeon,taxon,Treron sphenurus,Wedge-tailed Green-Pigeon,2495820,birdnet,SPECIES,species,EXACT
6135,Treron vernans_Pink-necked Green-Pigeon,taxon,Treron vernans,Pink-necked Green-Pigeon,2495817,birdnet,SPECIES,species,EXACT
6136,Tribonyx mortierii_Tasmanian Nativehen,taxon,Tribonyx mortierii,Tasmanian Nativehen,2474776,birdnet,SPECIES,species,EXACT
6137,Tribonyx ventralis_Black-tailed Nativehen,taxon,Tribonyx ventralis,Black-tailed Nativehen,2474778,birdnet,SPECIES,species,EXACT
6138,Trichoglossus chlorolepidotus_Scaly-breasted Lorikeet,taxon,Trichoglossus chlorolepidotus,Scaly-breasted Lorikeet,2479704,birdnet,SPECIES,species,EXACT
6139,Trichoglossus haematodus_Coconut Lorikeet,taxon,Trichoglossus haematodus,Coconut Lorikeet,2479686,birdnet,SPECIES,species,EXACT
6140,Trichoglossus moluccanus_Rainbow Lorikeet,taxon,Trichoglossus moluccanus,Rainbow Lorikeet,2479694,birdnet,SPECIES,species,EXACT
6141,Trichoglossus rubritorquis_Red-collared Lorikeet,taxon,Trichoglossus rubritorquis,Red-collared Lorikeet,2479674,birdnet,SPECIES,species,EXACT
6142,Tricholaema diademata_Red-fronted Barbet,taxon,Tricholaema diademata,Red-fronted Barbet,2478871,birdnet,SPECIES,species,EXACT
6143,Tricholaema hirsuta_Hairy-breasted Barbet,taxon,Tricholaema hirsuta,Hairy-breasted Barbet,2478878,birdnet,SPECIES,species,EXACT
6144,Tricholaema lacrymosa_Spot-flanked Barbet,taxon,Tricholaema lacrymosa,Spot-flanked Barbet,2478868,birdnet,SPECIES,species,EXACT
6145,Tricholaema leucomelas_Pied Barbet,taxon,Tricholaema leucomelas,Pied Barbet,2478874,birdnet,SPECIES,species,EXACT
6146,Tricholaema melanocephala_Black-throated Barbet,taxon,Tricholaema melanocephala,Black-throated Barbet,2478883,birdnet,SPECIES,species,EXACT
6147,Tricholestes criniger_Hairy-backed Bulbul,taxon,Tricholestes criniger,Hairy-backed Bulbul,5230303,birdnet,SPECIES,species,EXACT
6148,Trichothraupis melanops_Black-goggled Tanager,taxon,Trichothraupis melanops,Black-goggled Tanager,2488778,birdnet,SPECIES,species,EXACT
6149,Triclaria malachitacea_Blue-bellied Parrot,taxon,Triclaria malachitacea,Blue-bellied Parrot,5229093,birdnet,SPECIES,species,EXACT
6150,Tringa brevipes_Gray-tailed Tattler,taxon,Tringa brevipes,Gray-tailed Tattler,2481722,birdnet,SPECIES,species,EXACT
6151,Tringa erythropus_Spotted Redshank,taxon,Tringa erythropus,Spotted Redshank,2481725,birdnet,SPECIES,species,EXACT
6152,Tringa flavipes_Lesser Yellowlegs,taxon,Tringa flavipes,Lesser Yellowlegs,2481721,birdnet,SPECIES,species,EXACT
6153,Tringa glareola_Wood Sandpiper,taxon,Tringa glareola,Wood Sandpiper,2481713,birdnet,SPECIES,species,EXACT
6154,Tringa guttifer_Nordmann's Greenshank,taxon,Tringa guttifer,Nordmann's Greenshank,2481723,birdnet,SPECIES,species,EXACT
6155,Tringa incana_Wandering Tattler,taxon,Tringa incana,Wandering Tattler,9733156,birdnet,SPECIES,species,EXACT
6156,Tringa melanoleuca_Greater Yellowlegs,taxon,Tringa melanoleuca,Greater Yellowlegs,2481720,birdnet,SPECIES,species,EXACT
6157,Tringa nebularia_Common Greenshank,taxon,Tringa nebularia,Common Greenshank,2481726,birdnet,SPECIES,species,EXACT
6158,Tringa ochropus_Green Sandpiper,taxon,Tringa ochropus,Green Sandpiper,2481728,birdnet,SPECIES,species,EXACT
6159,Tringa semipalmata_Willet,taxon,Tringa semipalmata,Willet,5789298,birdnet,SPECIES,species,EXACT
6160,Tringa solitaria_Solitary Sandpiper,taxon,Tringa solitaria,Solitary Sandpiper,2481710,birdnet,SPECIES,species,EXACT
6161,Tringa stagnatilis_Marsh Sandpiper,taxon,Tringa stagnatilis,Marsh Sandpiper,2481719,birdnet,SPECIES,species,EXACT
6162,Tringa totanus_Common Redshank,taxon,Tringa totanus,Common Redshank,2481714,birdnet,SPECIES,species,EXACT
6163,Trochalopteron affine_Black-faced Laughingthrush,taxon,Trochalopteron affine,Black-faced Laughingthrush,6101119,birdnet,SPECIES,species,EXACT
6164,Trochalopteron chrysopterum_Assam Laughingthrush,taxon,Trochalopteron chrysopterum,Assam Laughingthrush,6101128,birdnet,SPECIES,species,EXACT
6165,Trochalopteron elliotii_Elliot's Laughingthrush,taxon,Trochalopteron elliotii,Elliot's Laughingthrush,6101126,birdnet,SPECIES,species,EXACT
6166,Trochalopteron erythrocephalum_Chestnut-crowned Laughingthrush,taxon,Trochalopteron erythrocephalum,Chestnut-crowned Laughingthrush,6101120,birdnet,SPECIES,species,EXACT
6167,Trochalopteron henrici_Prince Henry's Laughingthrush,taxon,Trochalopteron henrici,Prince Henry's Laughingthrush,6101134,birdnet,SPECIES,species,EXACT
6168,Trochalopteron imbricatum_Bhutan Laughingthrush,taxon,Trochalopteron imbricatum,Bhutan Laughingthrush,6101124,birdnet,SPECIES,species,EXACT
6169,Trochalopteron lineatum_Streaked Laughingthrush,taxon,Trochalopteron lineatum,Streaked Laughingthrush,6101138,birdnet,SPECIES,species,EXACT
6170,Trochalopteron melanostigma_Silver-eared Laughingthrush,taxon,Trochalopteron melanostigma,Silver-eared Laughingthrush,6101136,birdnet,SPECIES,species,EXACT
6171,Trochalopteron milnei_Red-tailed Laughingthrush,taxon,Trochalopteron milnei,Red-tailed Laughingthrush,6101137,birdnet,SPECIES,species,EXACT
6172,Trochalopteron morrisonianum_White-whiskered Laughingthrush,taxon,Trochalopteron morrisonianum,White-whiskered Laughingthrush,6101127,birdnet,SPECIES,species,EXACT
6173,Trochalopteron peninsulae_Malayan Laughingthrush,taxon,Trochalopteron peninsulae,Malayan Laughingthrush,6101129,birdnet,SPECIES,species,EXACT
6174,Trochalopteron squamatum_Blue-winged Laughingthrush,taxon,Trochalopteron squamatum,Blue-winged Laughingthrush,6101125,birdnet,SPECIES,species,EXACT
6175,Trochalopteron subunicolor_Scaly Laughingthrush,taxon,Trochalopteron subunicolor,Scaly Laughingthrush,6101133,birdnet,SPECIES,species,EXACT
6176,Trochalopteron variegatum_Variegated Laughingthrush,taxon,Trochalopteron variegatum,Variegated Laughingthrush,6101135,birdnet,SPECIES,species,EXACT
6177,Trochalopteron virgatum_Striped Laughingthrush,taxon,Trochalopteron virgatum,Striped Laughingthrush,6101132,birdnet,SPECIES,species,EXACT
6178,Trochocercus cyanomelas_African Crested-Flycatcher,taxon,Trochocercus cyanomelas,African Crested-Flycatcher,2486673,birdnet,SPECIES,species,EXACT
6179,Trochocercus nitens_Blue-headed Crested-Flycatcher,taxon,Trochocercus nitens,Blue-headed Crested-Flycatcher,2486669,birdnet,SPECIES,species,EXACT
6180,Troglodytes aedon_House Wren,taxon,Troglodytes aedon,House Wren,5231459,birdnet,SPECIES,species,EXACT
6181,Troglodytes hiemalis_Winter Wren,taxon,Troglodytes hiemalis,Winter Wren,7340825,birdnet,SPECIES,species,EXACT
6182,Troglodytes ochraceus_Ochraceous Wren,taxon,Troglodytes ochraceus,Ochraceous Wren,5231453,birdnet,SPECIES,species,EXACT
6183,Troglodytes pacificus_Pacific Wren,taxon,Troglodytes pacificus,Pacific Wren,9533566,birdnet,SPECIES,species,EXACT
6184,Troglodytes rufociliatus_Rufous-browed Wren,taxon,Troglodytes rufociliatus,Rufous-browed Wren,5231457,birdnet,SPECIES,species,EXACT
6185,Troglodytes solstitialis_Mountain Wren,taxon,Troglodytes solstitialis,Mountain Wren,5231437,birdnet,SPECIES,species,EXACT
6186,Troglodytes troglodytes_Eurasian Wren,taxon,Troglodytes troglodytes,Eurasian Wren,5231438,birdnet,SPECIES,species,EXACT
6187,Trogon bairdii_Baird's Trogon,taxon,Trogon bairdii,Baird's Trogon,2496698,birdnet,SPECIES,species,EXACT
6188,Trogon caligatus_Gartered Trogon,taxon,Trogon caligatus,Gartered Trogon,5788446,birdnet,SPECIES,species,EXACT
6189,Trogon chionurus_White-tailed Trogon,taxon,Trogon chionurus,White-tailed Trogon,5788448,birdnet,SPECIES,species,EXACT
6190,Trogon citreolus_Citreoline Trogon,taxon,Trogon citreolus,Citreoline Trogon,2496670,birdnet,SPECIES,species,EXACT
6191,Trogon clathratus_Lattice-tailed Trogon,taxon,Trogon clathratus,Lattice-tailed Trogon,2496697,birdnet,SPECIES,species,EXACT
6192,Trogon collaris_Collared Trogon,taxon,Trogon collaris,Collared Trogon,2496700,birdnet,SPECIES,species,EXACT
6193,Trogon comptus_Blue-tailed Trogon,taxon,Trogon comptus,Blue-tailed Trogon,2496669,birdnet,SPECIES,species,EXACT
6194,Trogon curucui_Blue-crowned Trogon,taxon,Trogon curucui,Blue-crowned Trogon,2496659,birdnet,SPECIES,species,EXACT
6195,Trogon elegans_Elegant Trogon,taxon,Trogon elegans,Elegant Trogon,9323342,birdnet,SPECIES,species,EXACT
6196,Trogon massena_Slaty-tailed Trogon,taxon,Trogon massena,Slaty-tailed Trogon,2496643,birdnet,SPECIES,species,EXACT
6197,Trogon melanocephalus_Black-headed Trogon,taxon,Trogon melanocephalus,Black-headed Trogon,2496699,birdnet,SPECIES,species,EXACT
6198,Trogon melanurus_Black-tailed Trogon,taxon,Trogon melanurus,Black-tailed Trogon,9429836,birdnet,SPECIES,species,EXACT
6199,Trogon mesurus_Ecuadorian Trogon,taxon,Trogon mesurus,Ecuadorian Trogon,5788447,birdnet,SPECIES,species,EXACT
6200,Trogon mexicanus_Mountain Trogon,taxon,Trogon mexicanus,Mountain Trogon,2496651,birdnet,SPECIES,species,EXACT
6201,Trogon personatus_Masked Trogon,taxon,Trogon personatus,Masked Trogon,2496673,birdnet,SPECIES,species,EXACT
6202,Trogon ramonianus_Amazonian Trogon,taxon,Trogon ramonianus,Amazonian Trogon,7340140,birdnet,SPECIES,species,EXACT
6203,Trogon rufus_Black-throated Trogon,taxon,Trogon rufus,Black-throated Trogon,2496683,birdnet,SPECIES,species,EXACT
6204,Trogon surrucura_Surucua Trogon,taxon,Trogon surrucura,Surucua Trogon,2496634,birdnet,SPECIES,species,EXACT
6205,Trogon violaceus_Guianan Trogon,taxon,Trogon violaceus,Guianan Trogon,2496690,birdnet,SPECIES,species,EXACT
6206,Trogon viridis_Green-backed Trogon,taxon,Trogon viridis,Green-backed Trogon,2496647,birdnet,SPECIES,species,EXACT
6207,Tropicoperdix chloropus_Scaly-breasted Partridge,taxon,Tropicoperdix chloropus,Scaly-breasted Partridge,8735646,birdnet,SPECIES,species,EXACT
6208,Tumbezia salvini_Tumbes Tyrant,taxon,Tumbezia salvini,Tumbes Tyrant,2483285,birdnet,SPECIES,species,EXACT
6209,Tunchiornis ochraceiceps_Tawny-crowned Greenlet,taxon,Tunchiornis ochraceiceps,Tawny-crowned Greenlet,8321293,birdnet,SPECIES,species,EXACT
6210,Turdinus atrigularis_Black-throated Wren-Babbler,taxon,Turdinus atrigularis,Black-throated Wren-Babbler,5789030,birdnet,SPECIES,species,EXACT
6211,Turdinus macrodactylus_Large Wren-Babbler,taxon,Turdinus macrodactylus,Large Wren-Babbler,7341226,birdnet,SPECIES,species,EXACT
6212,Turdinus marmoratus_Marbled Wren-Babbler,taxon,Turdinus marmoratus,Marbled Wren-Babbler,7341220,birdnet,SPECIES,species,EXACT
6213,Turdoides hartlaubii_Hartlaub's Babbler,taxon,Turdoides hartlaubii,Hartlaub's Babbler,2493312,birdnet,SPECIES,species,EXACT
6214,Turdoides jardineii_Arrow-marked Babbler,taxon,Turdoides jardineii,Arrow-marked Babbler,2493313,birdnet,SPECIES,species,EXACT
6215,Turdoides leucopygia_White-rumped Babbler,taxon,Turdoides leucopygia,White-rumped Babbler,7340497,birdnet,SPECIES,species,EXACT
6216,Turdoides plebejus_Brown Babbler,taxon,Turdoides plebejus,Brown Babbler,2493315,birdnet,SPECIES,species,EXACT
6217,Turdoides reinwardtii_Blackcap Babbler,taxon,Turdoides reinwardtii,Blackcap Babbler,2493305,birdnet,SPECIES,species,EXACT
6218,Turdoides sharpei_Black-lored Babbler,taxon,Turdoides sharpei,Black-lored Babbler,2493307,birdnet,SPECIES,species,EXACT
6219,Turdus abyssinicus_Abyssinian Thrush,taxon,Turdus abyssinicus,Abyssinian Thrush,7340241,birdnet,SPECIES,species,EXACT
6220,Turdus albicollis_White-necked Thrush,taxon,Turdus albicollis,White-necked Thrush,2490782,birdnet,SPECIES,species,EXACT
6221,Turdus albocinctus_White-collared Blackbird,taxon,Turdus albocinctus,White-collared Blackbird,2490761,birdnet,SPECIES,species,EXACT
6222,Turdus amaurochalinus_Creamy-bellied Thrush,taxon,Turdus amaurochalinus,Creamy-bellied Thrush,2490752,birdnet,SPECIES,species,EXACT
6223,Turdus assimilis_White-throated Thrush,taxon,Turdus assimilis,White-throated Thrush,9529632,birdnet,SPECIES,species,EXACT
6224,Turdus atrogularis_Black-throated Thrush,taxon,Turdus atrogularis,Black-throated Thrush,4408790,birdnet,SPECIES,species,EXACT
6225,Turdus aurantius_White-chinned Thrush,taxon,Turdus aurantius,White-chinned Thrush,2490721,birdnet,SPECIES,species,EXACT
6226,Turdus boulboul_Gray-winged Blackbird,taxon,Turdus boulboul,Gray-winged Blackbird,2490772,birdnet,SPECIES,species,EXACT
6227,Turdus cardis_Japanese Thrush,taxon,Turdus cardis,Japanese Thrush,2490755,birdnet,SPECIES,species,EXACT
6228,Turdus celaenops_Izu Thrush,taxon,Turdus celaenops,Izu Thrush,2490746,birdnet,SPECIES,species,EXACT
6229,Turdus chiguanco_Chiguanco Thrush,taxon,Turdus chiguanco,Chiguanco Thrush,2490735,birdnet,SPECIES,species,EXACT
6230,Turdus chrysolaus_Brown-headed Thrush,taxon,Turdus chrysolaus,Brown-headed Thrush,2490725,birdnet,SPECIES,species,EXACT
6231,Turdus dissimilis_Black-breasted Thrush,taxon,Turdus dissimilis,Black-breasted Thrush,2490789,birdnet,SPECIES,species,EXACT
6232,Turdus eunomus_Dusky Thrush,taxon,Turdus eunomus,Dusky Thrush,9615912,birdnet,SPECIES,species,EXACT
6233,Turdus falcklandii_Austral Thrush,taxon,Turdus falcklandii,Austral Thrush,2490775,birdnet,SPECIES,species,EXACT
6234,Turdus feae_Gray-sided Thrush,taxon,Turdus feae,Gray-sided Thrush,2490758,birdnet,SPECIES,species,EXACT
6235,Turdus flavipes_Yellow-legged Thrush,taxon,Turdus flavipes,Yellow-legged Thrush,7342122,birdnet,SPECIES,species,EXACT
6236,Turdus fulviventris_Chestnut-bellied Thrush,taxon,Turdus fulviventris,Chestnut-bellied Thrush,2490738,birdnet,SPECIES,species,EXACT
6237,Turdus fumigatus_Cocoa Thrush,taxon,Turdus fumigatus,Cocoa Thrush,9354950,birdnet,SPECIES,species,EXACT
6238,Turdus fuscater_Great Thrush,taxon,Turdus fuscater,Great Thrush,2490717,birdnet,SPECIES,species,EXACT
6239,Turdus grayi_Clay-colored Thrush,taxon,Turdus grayi,Clay-colored Thrush,2490716,birdnet,SPECIES,species,EXACT
6240,Turdus hauxwelli_Hauxwell's Thrush,taxon,Turdus hauxwelli,Hauxwell's Thrush,2490743,birdnet,SPECIES,species,EXACT
6241,Turdus hortulorum_Gray-backed Thrush,taxon,Turdus hortulorum,Gray-backed Thrush,2490733,birdnet,SPECIES,species,EXACT
6242,Turdus ignobilis_Black-billed Thrush,taxon,Turdus ignobilis,Black-billed Thrush,2490722,birdnet,SPECIES,species,EXACT
6243,Turdus iliacus_Redwing,taxon,Turdus iliacus,Redwing,2490781,birdnet,SPECIES,species,EXACT
6244,Turdus infuscatus_Black Thrush,taxon,Turdus infuscatus,Black Thrush,2490786,birdnet,SPECIES,species,EXACT
6245,Turdus lawrencii_Lawrence's Thrush,taxon,Turdus lawrencii,Lawrence's Thrush,2490736,birdnet,SPECIES,species,EXACT
6246,Turdus leucomelas_Pale-breasted Thrush,taxon,Turdus leucomelas,Pale-breasted Thrush,2490726,birdnet,SPECIES,species,EXACT
6247,Turdus leucops_Pale-eyed Thrush,taxon,Turdus leucops,Pale-eyed Thrush,5789052,birdnet,SPECIES,species,EXACT
6248,Turdus libonyana_Kurrichane Thrush,taxon,Turdus libonyana,Kurrichane Thrush,5789055,birdnet,SPECIES,species,EXACT
6249,Turdus maculirostris_Ecuadorian Thrush,taxon,Turdus maculirostris,Ecuadorian Thrush,2490776,birdnet,SPECIES,species,EXACT
6250,Turdus mandarinus_Chinese Blackbird,taxon,Turdus mandarinus,Chinese Blackbird,7852114,birdnet,SPECIES,species,EXACT
6251,Turdus maranonicus_Marañon Thrush,taxon,Turdus maranonicus,Marañon Thrush,2490759,birdnet,SPECIES,species,EXACT
6252,Turdus menachensis_Yemen Thrush,taxon,Turdus menachensis,Yemen Thrush,2490749,birdnet,SPECIES,species,EXACT
6253,Turdus merula_Eurasian Blackbird,taxon,Turdus merula,Eurasian Blackbird,2490719,birdnet,SPECIES,species,EXACT
6254,Turdus migratorius_American Robin,taxon,Turdus migratorius,American Robin,9510564,birdnet,SPECIES,species,EXACT
6255,Turdus naumanni_Naumann's Thrush,taxon,Turdus naumanni,Naumann's Thrush,8294007,birdnet,SPECIES,species,EXACT
6256,Turdus nigrescens_Sooty Thrush,taxon,Turdus nigrescens,Sooty Thrush,2490730,birdnet,SPECIES,species,EXACT
6257,Turdus nigriceps_Andean Slaty Thrush,taxon,Turdus nigriceps,Andean Slaty Thrush,2490783,birdnet,SPECIES,species,EXACT
6258,Turdus nudigenis_Spectacled Thrush,taxon,Turdus nudigenis,Spectacled Thrush,2490763,birdnet,SPECIES,species,EXACT
6259,Turdus obscurus_Eyebrowed Thrush,taxon,Turdus obscurus,Eyebrowed Thrush,2490728,birdnet,SPECIES,species,EXACT
6260,Turdus obsoletus_Pale-vented Thrush,taxon,Turdus obsoletus,Pale-vented Thrush,2490754,birdnet,SPECIES,species,EXACT
6261,Turdus olivaceus_Olive Thrush,taxon,Turdus olivaceus,Olive Thrush,9363452,birdnet,SPECIES,species,EXACT
6262,Turdus olivater_Black-hooded Thrush,taxon,Turdus olivater,Black-hooded Thrush,2490787,birdnet,SPECIES,species,EXACT
6263,Turdus pallidus_Pale Thrush,taxon,Turdus pallidus,Pale Thrush,2490773,birdnet,SPECIES,species,EXACT
6264,Turdus pelios_African Thrush,taxon,Turdus pelios,African Thrush,9348895,birdnet,SPECIES,species,EXACT
6265,Turdus philomelos_Song Thrush,taxon,Turdus philomelos,Song Thrush,7901064,birdnet,SPECIES,species,EXACT
6266,Turdus pilaris_Fieldfare,taxon,Turdus pilaris,Fieldfare,2490737,birdnet,SPECIES,species,EXACT
6267,Turdus plebejus_Mountain Thrush,taxon,Turdus plebejus,Mountain Thrush,2490727,birdnet,SPECIES,species,EXACT
6268,Turdus plumbeus_Red-legged Thrush,taxon,Turdus plumbeus,Red-legged Thrush,2490751,birdnet,SPECIES,species,EXACT
6269,Turdus poliocephalus_Island Thrush,taxon,Turdus poliocephalus,Island Thrush,9512424,birdnet,SPECIES,species,EXACT
6270,Turdus reevei_Plumbeous-backed Thrush,taxon,Turdus reevei,Plumbeous-backed Thrush,2490760,birdnet,SPECIES,species,EXACT
6271,Turdus rubrocanus_Chestnut Thrush,taxon,Turdus rubrocanus,Chestnut Thrush,2490750,birdnet,SPECIES,species,EXACT
6272,Turdus ruficollis_Red-throated Thrush,taxon,Turdus ruficollis,Red-throated Thrush,2490740,birdnet,SPECIES,species,EXACT
6273,Turdus rufitorques_Rufous-collared Robin,taxon,Turdus rufitorques,Rufous-collared Robin,2490731,birdnet,SPECIES,species,EXACT
6274,Turdus rufiventris_Rufous-bellied Thrush,taxon,Turdus rufiventris,Rufous-bellied Thrush,2490718,birdnet,SPECIES,species,EXACT
6275,Turdus rufopalliatus_Rufous-backed Robin,taxon,Turdus rufopalliatus,Rufous-backed Robin,2490741,birdnet,SPECIES,species,EXACT
6276,Turdus sanchezorum_Varzea Thrush,taxon,Turdus sanchezorum,Varzea Thrush,8015451,birdnet,SPECIES,species,EXACT
6277,Turdus serranus_Glossy-black Thrush,taxon,Turdus serranus,Glossy-black Thrush,2490784,birdnet,SPECIES,species,EXACT
6278,Turdus simillimus_Indian Blackbird,taxon,Turdus simillimus,Indian Blackbird,5846272,birdnet,SPECIES,species,EXACT
6279,Turdus smithi_Karoo Thrush,taxon,Turdus smithi,Karoo Thrush,5846236,birdnet,SPECIES,species,EXACT
6280,Turdus subalaris_Blacksmith Thrush,taxon,Turdus subalaris,Blacksmith Thrush,2490764,birdnet,SPECIES,species,EXACT
6281,Turdus swalesi_La Selle Thrush,taxon,Turdus swalesi,La Selle Thrush,2490745,birdnet,SPECIES,species,EXACT
6282,Turdus tephronotus_African Bare-eyed Thrush,taxon,Turdus tephronotus,African Bare-eyed Thrush,2490734,birdnet,SPECIES,species,EXACT
6283,Turdus torquatus_Ring Ouzel,taxon,Turdus torquatus,Ring Ouzel,7865305,birdnet,SPECIES,species,EXACT
6284,Turdus unicolor_Tickell's Thrush,taxon,Turdus unicolor,Tickell's Thrush,2490788,birdnet,SPECIES,species,EXACT
6285,Turdus viscivorus_Mistle Thrush,taxon,Turdus viscivorus,Mistle Thrush,2490774,birdnet,SPECIES,species,EXACT
6286,Turnix maculosus_Red-backed Buttonquail,taxon,Turnix maculosus,Red-backed Buttonquail,2475017,birdnet,SPECIES,species,EXACT
6287,Turnix suscitator_Barred Buttonquail,taxon,Turnix suscitator,Barred Buttonquail,2474982,birdnet,SPECIES,species,EXACT
6288,Turnix sylvaticus_Small Buttonquail,taxon,Turnix sylvaticus,Small Buttonquail,2475001,birdnet,SPECIES,species,EXACT
6289,Turnix varius_Painted Buttonquail,taxon,Turnix varius,Painted Buttonquail,2474976,birdnet,SPECIES,species,EXACT
6290,Turtur abyssinicus_Black-billed Wood-Dove,taxon,Turtur abyssinicus,Black-billed Wood-Dove,5231791,birdnet,SPECIES,species,EXACT
6291,Turtur afer_Blue-spotted Wood-Dove,taxon,Turtur afer,Blue-spotted Wood-Dove,5231792,birdnet,SPECIES,species,EXACT
6292,Turtur brehmeri_Blue-headed Wood-Dove,taxon,Turtur brehmeri,Blue-headed Wood-Dove,5231787,birdnet,SPECIES,species,EXACT
6293,Turtur chalcospilos_Emerald-spotted Wood-Dove,taxon,Turtur chalcospilos,Emerald-spotted Wood-Dove,5231793,birdnet,SPECIES,species,EXACT
6294,Turtur tympanistria_Tambourine Dove,taxon,Turtur tympanistria,Tambourine Dove,5231790,birdnet,SPECIES,species,EXACT
6295,Tylas eduardi_Tylas Vanga,taxon,Tylas eduardi,Tylas Vanga,2495107,birdnet,SPECIES,species,EXACT
6296,Tympanuchus cupido_Greater Prairie-Chicken,taxon,Tympanuchus cupido,Greater Prairie-Chicken,2473510,birdnet,SPECIES,species,EXACT
6297,Tympanuchus pallidicinctus_Lesser Prairie-Chicken,taxon,Tympanuchus pallidicinctus,Lesser Prairie-Chicken,2473529,birdnet,SPECIES,species,EXACT
6298,Tympanuchus phasianellus_Sharp-tailed Grouse,taxon,Tympanuchus phasianellus,Sharp-tailed Grouse,2473514,birdnet,SPECIES,species,EXACT
6299,Tyranneutes stolzmanni_Dwarf Tyrant-Manakin,taxon,Tyranneutes stolzmanni,Dwarf Tyrant-Manakin,2487708,birdnet,SPECIES,species,EXACT
6300,Tyranneutes virescens_Tiny Tyrant-Manakin,taxon,Tyranneutes virescens,Tiny Tyrant-Manakin,2487709,birdnet,SPECIES,species,EXACT
6301,Tyrannopsis sulphurea_Sulphury Flycatcher,taxon,Tyrannopsis sulphurea,Sulphury Flycatcher,2483971,birdnet,SPECIES,species,EXACT
6302,Tyrannulus elatus_Yellow-crowned Tyrannulet,taxon,Tyrannulus elatus,Yellow-crowned Tyrannulet,2483855,birdnet,SPECIES,species,EXACT
6303,Tyrannus albogularis_White-throated Kingbird,taxon,Tyrannus albogularis,White-throated Kingbird,9394888,birdnet,SPECIES,species,EXACT
6304,Tyrannus caudifasciatus_Loggerhead Kingbird,taxon,Tyrannus caudifasciatus,Loggerhead Kingbird,9508008,birdnet,SPECIES,species,EXACT
6305,Tyrannus couchii_Couch's Kingbird,taxon,Tyrannus couchii,Couch's Kingbird,5229684,birdnet,SPECIES,species,EXACT
6306,Tyrannus crassirostris_Thick-billed Kingbird,taxon,Tyrannus crassirostris,Thick-billed Kingbird,5229690,birdnet,SPECIES,species,EXACT
6307,Tyrannus dominicensis_Gray Kingbird,taxon,Tyrannus dominicensis,Gray Kingbird,5229678,birdnet,SPECIES,species,EXACT
6308,Tyrannus forficatus_Scissor-tailed Flycatcher,taxon,Tyrannus forficatus,Scissor-tailed Flycatcher,5229687,birdnet,SPECIES,species,EXACT
6309,Tyrannus melancholicus_Tropical Kingbird,taxon,Tyrannus melancholicus,Tropical Kingbird,5229662,birdnet,SPECIES,species,EXACT
6310,Tyrannus niveigularis_Snowy-throated Kingbird,taxon,Tyrannus niveigularis,Snowy-throated Kingbird,5229677,birdnet,SPECIES,species,EXACT
6311,Tyrannus savana_Fork-tailed Flycatcher,taxon,Tyrannus savana,Fork-tailed Flycatcher,5229693,birdnet,SPECIES,species,EXACT
6312,Tyrannus tyrannus_Eastern Kingbird,taxon,Tyrannus tyrannus,Eastern Kingbird,5229688,birdnet,SPECIES,species,EXACT
6313,Tyrannus verticalis_Western Kingbird,taxon,Tyrannus verticalis,Western Kingbird,5229675,birdnet,SPECIES,species,EXACT
6314,Tyrannus vociferans_Cassin's Kingbird,taxon,Tyrannus vociferans,Cassin's Kingbird,5229681,birdnet,SPECIES,species,EXACT
6315,Tyto alba_Barn Owl,taxon,Tyto alba,Barn Owl,2497921,birdnet,SPECIES,species,EXACT
6316,Tyto novaehollandiae_Australian Masked-Owl,taxon,Tyto novaehollandiae,Australian Masked-Owl,5232413,birdnet,SPECIES,species,EXACT
6317,Tyto tenebricosa_Sooty Owl,taxon,Tyto tenebricosa,Sooty Owl,5232358,birdnet,SPECIES,species,EXACT
6318,Upucerthia dumetaria_Scale-throated Earthcreeper,taxon,Upucerthia dumetaria,Scale-throated Earthcreeper,2485189,birdnet,SPECIES,species,EXACT
6319,Upucerthia saturatior_Patagonian Forest Earthcreeper,taxon,Upucerthia saturatior,Patagonian Forest Earthcreeper,5788790,birdnet,SPECIES,species,EXACT
6320,Upucerthia validirostris_Buff-breasted Earthcreeper,taxon,Upucerthia validirostris,Buff-breasted Earthcreeper,2485167,birdnet,SPECIES,species,EXACT
6321,Upupa epops_Eurasian Hoopoe,taxon,Upupa epops,Eurasian Hoopoe,2498415,birdnet,SPECIES,species,EXACT
6322,Upupa marginata_Madagascar Hoopoe,taxon,Upupa marginata,Madagascar Hoopoe,5788441,birdnet,SPECIES,species,EXACT
6323,Uraeginthus angolensis_Southern Cordonbleu,taxon,Uraeginthus angolensis,Southern Cordonbleu,2493726,birdnet,SPECIES,species,EXACT
6324,Uraeginthus bengalus_Red-cheeked Cordonbleu,taxon,Uraeginthus bengalus,Red-cheeked Cordonbleu,2493723,birdnet,SPECIES,species,EXACT
6325,Uranomitra franciae_Andean Emerald,taxon,Uranomitra franciae,Andean Emerald,10912964,birdnet,SPECIES,species,EXACT
6326,Uria aalge_Common Murre,taxon,Uria aalge,Common Murre,2481342,birdnet,SPECIES,species,EXACT
6327,Uria lomvia_Thick-billed Murre,taxon,Uria lomvia,Thick-billed Murre,2481339,birdnet,SPECIES,species,EXACT
6328,Urocissa caerulea_Taiwan Blue-Magpie,taxon,Urocissa caerulea,Taiwan Blue-Magpie,2482421,birdnet,SPECIES,species,EXACT
6329,Urocissa erythroryncha_Red-billed Blue-Magpie,taxon,Urocissa erythroryncha,Red-billed Blue-Magpie,6100962,birdnet,SPECIES,species,EXACT
6330,Urocissa flavirostris_Yellow-billed Blue-Magpie,taxon,Urocissa flavirostris,Yellow-billed Blue-Magpie,2482417,birdnet,SPECIES,species,EXACT
6331,Urocissa ornata_Sri Lanka Blue-Magpie,taxon,Urocissa ornata,Sri Lanka Blue-Magpie,2482420,birdnet,SPECIES,species,EXACT
6332,Urocolius indicus_Red-faced Mousebird,taxon,Urocolius indicus,Red-faced Mousebird,2482315,birdnet,SPECIES,species,EXACT
6333,Urocolius macrourus_Blue-naped Mousebird,taxon,Urocolius macrourus,Blue-naped Mousebird,2482321,birdnet,SPECIES,species,EXACT
6334,Urocynchramus pylzowi_Przevalski's Pinktail,taxon,Urocynchramus pylzowi,Przevalski's Pinktail,2494599,birdnet,SPECIES,species,EXACT
6335,Urodynamis taitensis_Long-tailed Koel,taxon,Urodynamis taitensis,Long-tailed Koel,2496499,birdnet,SPECIES,species,EXACT
6336,Uromyias agilis_Agile Tit-Tyrant,taxon,Uromyias agilis,Agile Tit-Tyrant,2482693,birdnet,SPECIES,species,EXACT
6337,Uromyias agraphia_Unstreaked Tit-Tyrant,taxon,Uromyias agraphia,Unstreaked Tit-Tyrant,2482698,birdnet,SPECIES,species,EXACT
6338,Uropsalis lyra_Lyre-tailed Nightjar,taxon,Uropsalis lyra,Lyre-tailed Nightjar,2497074,birdnet,SPECIES,species,EXACT
6339,Uropsalis segmentata_Swallow-tailed Nightjar,taxon,Uropsalis segmentata,Swallow-tailed Nightjar,2497078,birdnet,SPECIES,species,EXACT
6340,Uropsila leucogastra_White-bellied Wren,taxon,Uropsila leucogastra,White-bellied Wren,2493898,birdnet,SPECIES,species,EXACT
6341,Urosphena pallidipes_Pale-footed Bush Warbler,taxon,Urosphena pallidipes,Pale-footed Bush Warbler,7594751,birdnet,SPECIES,species,EXACT
6342,Urosphena squameiceps_Asian Stubtail,taxon,Urosphena squameiceps,Asian Stubtail,2493223,birdnet,SPECIES,species,EXACT
6343,Urosphena subulata_Timor Stubtail,taxon,Urosphena subulata,Timor Stubtail,2493222,birdnet,SPECIES,species,EXACT
6344,Urosphena whiteheadi_Bornean Stubtail,taxon,Urosphena whiteheadi,Bornean Stubtail,2493224,birdnet,SPECIES,species,EXACT
6345,Urothraupis stolzmanni_Black-backed Bush Tanager,taxon,Urothraupis stolzmanni,Black-backed Bush Tanager,2492180,birdnet,SPECIES,species,EXACT
6346,Urotriorchis macrourus_Long-tailed Hawk,taxon,Urotriorchis macrourus,Long-tailed Hawk,2480647,birdnet,SPECIES,species,EXACT
6347,Vanellus armatus_Blacksmith Lapwing,taxon,Vanellus armatus,Blacksmith Lapwing,5229136,birdnet,SPECIES,species,EXACT
6348,Vanellus cayanus_Pied Lapwing,taxon,Vanellus cayanus,Pied Lapwing,5229152,birdnet,SPECIES,species,EXACT
6349,Vanellus chilensis_Southern Lapwing,taxon,Vanellus chilensis,Southern Lapwing,5229146,birdnet,SPECIES,species,EXACT
6350,Vanellus cinereus_Gray-headed Lapwing,taxon,Vanellus cinereus,Gray-headed Lapwing,5229145,birdnet,SPECIES,species,EXACT
6351,Vanellus coronatus_Crowned Lapwing,taxon,Vanellus coronatus,Crowned Lapwing,5229137,birdnet,SPECIES,species,EXACT
6352,Vanellus duvaucelii_River Lapwing,taxon,Vanellus duvaucelii,River Lapwing,5229132,birdnet,SPECIES,species,EXACT
6353,Vanellus indicus_Red-wattled Lapwing,taxon,Vanellus indicus,Red-wattled Lapwing,5229131,birdnet,SPECIES,species,EXACT
6354,Vanellus leucurus_White-tailed Lapwing,taxon,Vanellus leucurus,White-tailed Lapwing,5229147,birdnet,SPECIES,species,EXACT
6355,Vanellus malabaricus_Yellow-wattled Lapwing,taxon,Vanellus malabaricus,Yellow-wattled Lapwing,5229133,birdnet,SPECIES,species,EXACT
6356,Vanellus melanocephalus_Spot-breasted Lapwing,taxon,Vanellus melanocephalus,Spot-breasted Lapwing,5229148,birdnet,SPECIES,species,EXACT
6357,Vanellus melanopterus_Black-winged Lapwing,taxon,Vanellus melanopterus,Black-winged Lapwing,5229140,birdnet,SPECIES,species,EXACT
6358,Vanellus miles_Masked Lapwing,taxon,Vanellus miles,Masked Lapwing,5229134,birdnet,SPECIES,species,EXACT
6359,Vanellus resplendens_Andean Lapwing,taxon,Vanellus resplendens,Andean Lapwing,5229141,birdnet,SPECIES,species,EXACT
6360,Vanellus senegallus_Wattled Lapwing,taxon,Vanellus senegallus,Wattled Lapwing,5229150,birdnet,SPECIES,species,EXACT
6361,Vanellus spinosus_Spur-winged Lapwing,taxon,Vanellus spinosus,Spur-winged Lapwing,5229142,birdnet,SPECIES,species,EXACT
6362,Vanellus tectus_Black-headed Lapwing,taxon,Vanellus tectus,Black-headed Lapwing,5229143,birdnet,SPECIES,species,EXACT
6363,Vanellus tricolor_Banded Lapwing,taxon,Vanellus tricolor,Banded Lapwing,5229135,birdnet,SPECIES,species,EXACT
6364,Vanellus vanellus_Northern Lapwing,taxon,Vanellus vanellus,Northern Lapwing,2480242,birdnet,SPECIES,species,EXACT
6365,Vanga curvirostris_Hook-billed Vanga,taxon,Vanga curvirostris,Hook-billed Vanga,2495113,birdnet,SPECIES,species,EXACT
6366,Vermivora chrysoptera_Golden-winged Warbler,taxon,Vermivora chrysoptera,Golden-winged Warbler,5230811,birdnet,SPECIES,species,EXACT
6367,Vermivora cyanoptera_Blue-winged Warbler,taxon,Vermivora cyanoptera,Blue-winged Warbler,6093846,birdnet,SPECIES,species,EXACT
6368,Vidua chalybeata_Village Indigobird,taxon,Vidua chalybeata,Village Indigobird,2484613,birdnet,SPECIES,species,EXACT
6369,Vidua fischeri_Straw-tailed Whydah,taxon,Vidua fischeri,Straw-tailed Whydah,2484623,birdnet,SPECIES,species,EXACT
6370,Vidua funerea_Variable Indigobird,taxon,Vidua funerea,Variable Indigobird,2484614,birdnet,SPECIES,species,EXACT
6371,Vidua macroura_Pin-tailed Whydah,taxon,Vidua macroura,Pin-tailed Whydah,2484628,birdnet,SPECIES,species,EXACT
6372,Vireo altiloquus_Black-whiskered Vireo,taxon,Vireo altiloquus,Black-whiskered Vireo,2487463,birdnet,SPECIES,species,EXACT
6373,Vireo atricapilla_Black-capped Vireo,taxon,Vireo atricapilla,Black-capped Vireo,2487438,birdnet,SPECIES,species,EXACT
6374,Vireo bairdi_Cozumel Vireo,taxon,Vireo bairdi,Cozumel Vireo,2487437,birdnet,SPECIES,species,EXACT
6375,Vireo bellii_Bell's Vireo,taxon,Vireo bellii,Bell's Vireo,2487441,birdnet,SPECIES,species,EXACT
6376,Vireo brevipennis_Slaty Vireo,taxon,Vireo brevipennis,Slaty Vireo,2487428,birdnet,SPECIES,species,EXACT
6377,Vireo carmioli_Yellow-winged Vireo,taxon,Vireo carmioli,Yellow-winged Vireo,2487409,birdnet,SPECIES,species,EXACT
6378,Vireo cassinii_Cassin's Vireo,taxon,Vireo cassinii,Cassin's Vireo,9552291,birdnet,SPECIES,species,EXACT
6379,Vireo chivi_Chivi Vireo,taxon,Vireo chivi,Chivi Vireo,8345406,birdnet,SPECIES,species,EXACT
6380,Vireo crassirostris_Thick-billed Vireo,taxon,Vireo crassirostris,Thick-billed Vireo,2487454,birdnet,SPECIES,species,EXACT
6381,Vireo flavifrons_Yellow-throated Vireo,taxon,Vireo flavifrons,Yellow-throated Vireo,2487453,birdnet,SPECIES,species,EXACT
6382,Vireo flavoviridis_Yellow-green Vireo,taxon,Vireo flavoviridis,Yellow-green Vireo,2487426,birdnet,SPECIES,species,EXACT
6383,Vireo gilvus_Warbling Vireo,taxon,Vireo gilvus,Warbling Vireo,2487446,birdnet,SPECIES,species,EXACT
6384,Vireo gracilirostris_Noronha Vireo,taxon,Vireo gracilirostris,Noronha Vireo,2487451,birdnet,SPECIES,species,EXACT
6385,Vireo griseus_White-eyed Vireo,taxon,Vireo griseus,White-eyed Vireo,2487413,birdnet,SPECIES,species,EXACT
6386,Vireo gundlachii_Cuban Vireo,taxon,Vireo gundlachii,Cuban Vireo,2487432,birdnet,SPECIES,species,EXACT
6387,Vireo huttoni_Hutton's Vireo,taxon,Vireo huttoni,Hutton's Vireo,9722986,birdnet,SPECIES,species,EXACT
6388,Vireo hypochryseus_Golden Vireo,taxon,Vireo hypochryseus,Golden Vireo,2487410,birdnet,SPECIES,species,EXACT
6389,Vireo latimeri_Puerto Rican Vireo,taxon,Vireo latimeri,Puerto Rican Vireo,2487434,birdnet,SPECIES,species,EXACT
6390,Vireo leucophrys_Brown-capped Vireo,taxon,Vireo leucophrys,Brown-capped Vireo,2487452,birdnet,SPECIES,species,EXACT
6391,Vireo magister_Yucatan Vireo,taxon,Vireo magister,Yucatan Vireo,2487440,birdnet,SPECIES,species,EXACT
6392,Vireo masteri_Choco Vireo,taxon,Vireo masteri,Choco Vireo,2487433,birdnet,SPECIES,species,EXACT
6393,Vireo modestus_Jamaican Vireo,taxon,Vireo modestus,Jamaican Vireo,2487412,birdnet,SPECIES,species,EXACT
6394,Vireo nelsoni_Dwarf Vireo,taxon,Vireo nelsoni,Dwarf Vireo,2487435,birdnet,SPECIES,species,EXACT
6395,Vireo olivaceus_Red-eyed Vireo,taxon,Vireo olivaceus,Red-eyed Vireo,2487430,birdnet,SPECIES,species,EXACT
6396,Vireo pallens_Mangrove Vireo,taxon,Vireo pallens,Mangrove Vireo,2487436,birdnet,SPECIES,species,EXACT
6397,Vireo philadelphicus_Philadelphia Vireo,taxon,Vireo philadelphicus,Philadelphia Vireo,2487408,birdnet,SPECIES,species,EXACT
6398,Vireo plumbeus_Plumbeous Vireo,taxon,Vireo plumbeus,Plumbeous Vireo,9353154,birdnet,SPECIES,species,EXACT
6399,Vireo sclateri_Tepui Vireo,taxon,Vireo sclateri,Tepui Vireo,7398031,birdnet,SPECIES,species,EXACT
6400,Vireo solitarius_Blue-headed Vireo,taxon,Vireo solitarius,Blue-headed Vireo,2487456,birdnet,SPECIES,species,EXACT
6401,Vireo vicinior_Gray Vireo,taxon,Vireo vicinior,Gray Vireo,2487411,birdnet,SPECIES,species,EXACT
6402,Vireolanius eximius_Yellow-browed Shrike-Vireo,taxon,Vireolanius eximius,Yellow-browed Shrike-Vireo,2487486,birdnet,SPECIES,species,EXACT
6403,Vireolanius leucotis_Slaty-capped Shrike-Vireo,taxon,Vireolanius leucotis,Slaty-capped Shrike-Vireo,2487484,birdnet,SPECIES,species,EXACT
6404,Vireolanius melitophrys_Chestnut-sided Shrike-Vireo,taxon,Vireolanius melitophrys,Chestnut-sided Shrike-Vireo,2487483,birdnet,SPECIES,species,EXACT
6405,Vireolanius pulchellus_Green Shrike-Vireo,taxon,Vireolanius pulchellus,Green Shrike-Vireo,2487485,birdnet,SPECIES,species,EXACT
6406,Volatinia jacarina_Blue-black Grassquit,taxon,Volatinia jacarina,Blue-black Grassquit,2491741,birdnet,SPECIES,species,EXACT
6407,Wetmorethraupis sterrhopteron_Orange-throated Tanager,taxon,Wetmorethraupis sterrhopteron,Orange-throated Tanager,2488271,birdnet,SPECIES,species,EXACT
6408,Willisornis poecilinotus_Common Scale-backed Antbird,taxon,Willisornis poecilinotus,Common Scale-backed Antbird,7341168,birdnet,SPECIES,species,EXACT
6409,Willisornis vidua_Xingu Scale-backed Antbird,taxon,Willisornis vidua,Xingu Scale-backed Antbird,6100905,birdnet,SPECIES,species,EXACT
6410,Xanthocephalus xanthocephalus_Yellow-headed Blackbird,taxon,Xanthocephalus xanthocephalus,Yellow-headed Blackbird,2484195,birdnet,SPECIES,species,EXACT
6411,Xanthomixis zosterops_Spectacled Tetraka,taxon,Xanthomixis zosterops,Spectacled Tetraka,7340876,birdnet,SPECIES,species,EXACT
6412,Xanthopsar flavus_Saffron-cowled Blackbird,taxon,Xanthopsar flavus,Saffron-cowled Blackbird,2484431,birdnet,SPECIES,species,EXACT
6413,Xanthotis macleayanus_Macleay's Honeyeater,taxon,Xanthotis macleayanus,Macleay's Honeyeater,2487223,birdnet,SPECIES,species,EXACT
6414,Xema sabini_Sabine's Gull,taxon,Xema sabini,Sabine's Gull,2481221,birdnet,SPECIES,species,EXACT
6415,Xenerpestes singularis_Equatorial Graytail,taxon,Xenerpestes singularis,Equatorial Graytail,2485903,birdnet,SPECIES,species,EXACT
6416,Xenodacnis parina_Tit-like Dacnis,taxon,Xenodacnis parina,Tit-like Dacnis,2488847,birdnet,SPECIES,species,EXACT
6417,Xenoglaux loweryi_Long-whiskered Owlet,taxon,Xenoglaux loweryi,Long-whiskered Owlet,2497649,birdnet,SPECIES,species,EXACT
6418,Xenopipo atronitens_Black Manakin,taxon,Xenopipo atronitens,Black Manakin,2487700,birdnet,SPECIES,species,EXACT
6419,Xenopirostris damii_Van Dam's Vanga,taxon,Xenopirostris damii,Van Dam's Vanga,2495117,birdnet,SPECIES,species,EXACT
6420,Xenopirostris polleni_Pollen's Vanga,taxon,Xenopirostris polleni,Pollen's Vanga,2495119,birdnet,SPECIES,species,EXACT
6421,Xenops minutus_Plain Xenops,taxon,Xenops minutus,Plain Xenops,5230220,birdnet,SPECIES,species,EXACT
6422,Xenops rutilans_Streaked Xenops,taxon,Xenops rutilans,Streaked Xenops,5230207,birdnet,SPECIES,species,EXACT
6423,Xenops tenuirostris_Slender-billed Xenops,taxon,Xenops tenuirostris,Slender-billed Xenops,9438773,birdnet,SPECIES,species,EXACT
6424,Xenopsaris albinucha_White-naped Xenopsaris,taxon,Xenopsaris albinucha,White-naped Xenopsaris,2486330,birdnet,SPECIES,species,EXACT
6425,Xenospiza baileyi_Sierra Madre Sparrow,taxon,Xenospiza baileyi,Sierra Madre Sparrow,2491610,birdnet,SPECIES,species,EXACT
6426,Xenotriccus callizonus_Belted Flycatcher,taxon,Xenotriccus callizonus,Belted Flycatcher,2484065,birdnet,SPECIES,species,EXACT
6427,Xenotriccus mexicanus_Pileated Flycatcher,taxon,Xenotriccus mexicanus,Pileated Flycatcher,2484066,birdnet,SPECIES,species,EXACT
6428,Xenus cinereus_Terek Sandpiper,taxon,Xenus cinereus,Terek Sandpiper,2481703,birdnet,SPECIES,species,EXACT
6429,Xiphidiopicus percussus_Cuban Green Woodpecker,taxon,Xiphidiopicus percussus,Cuban Green Woodpecker,2478165,birdnet,SPECIES,species,EXACT
6430,Xiphocolaptes albicollis_White-throated Woodcreeper,taxon,Xiphocolaptes albicollis,White-throated Woodcreeper,2485485,birdnet,SPECIES,species,EXACT
6431,Xiphocolaptes major_Great Rufous Woodcreeper,taxon,Xiphocolaptes major,Great Rufous Woodcreeper,2485489,birdnet,SPECIES,species,EXACT
6432,Xiphocolaptes promeropirhynchus_Strong-billed Woodcreeper,taxon,Xiphocolaptes promeropirhynchus,Strong-billed Woodcreeper,2485461,birdnet,SPECIES,species,EXACT
6433,Xipholena punicea_Pompadour Cotinga,taxon,Xipholena punicea,Pompadour Cotinga,2486348,birdnet,SPECIES,species,EXACT
6434,Xiphorhynchus elegans_Elegant Woodcreeper,taxon,Xiphorhynchus elegans,Elegant Woodcreeper,5230133,birdnet,SPECIES,species,EXACT
6435,Xiphorhynchus erythropygius_Spotted Woodcreeper,taxon,Xiphorhynchus erythropygius,Spotted Woodcreeper,5230172,birdnet,SPECIES,species,EXACT
6436,Xiphorhynchus flavigaster_Ivory-billed Woodcreeper,taxon,Xiphorhynchus flavigaster,Ivory-billed Woodcreeper,5230178,birdnet,SPECIES,species,EXACT
6437,Xiphorhynchus fuscus_Lesser Woodcreeper,taxon,Xiphorhynchus fuscus,Lesser Woodcreeper,5230128,birdnet,SPECIES,species,EXACT
6438,Xiphorhynchus guttatus_Buff-throated Woodcreeper,taxon,Xiphorhynchus guttatus,Buff-throated Woodcreeper,5230139,birdnet,SPECIES,species,EXACT
6439,Xiphorhynchus lachrymosus_Black-striped Woodcreeper,taxon,Xiphorhynchus lachrymosus,Black-striped Woodcreeper,5230187,birdnet,SPECIES,species,EXACT
6440,Xiphorhynchus obsoletus_Striped Woodcreeper,taxon,Xiphorhynchus obsoletus,Striped Woodcreeper,5230149,birdnet,SPECIES,species,EXACT
6441,Xiphorhynchus ocellatus_Ocellated Woodcreeper,taxon,Xiphorhynchus ocellatus,Ocellated Woodcreeper,5230190,birdnet,SPECIES,species,EXACT
6442,Xiphorhynchus pardalotus_Chestnut-rumped Woodcreeper,taxon,Xiphorhynchus pardalotus,Chestnut-rumped Woodcreeper,5230120,birdnet,SPECIES,species,EXACT
6443,Xiphorhynchus spixii_Spix's Woodcreeper,taxon,Xiphorhynchus spixii,Spix's Woodcreeper,5230197,birdnet,SPECIES,species,EXACT
6444,Xiphorhynchus susurrans_Cocoa Woodcreeper,taxon,Xiphorhynchus susurrans,Cocoa Woodcreeper,5230198,birdnet,SPECIES,species,EXACT
6445,Xiphorhynchus triangularis_Olive-backed Woodcreeper,taxon,Xiphorhynchus triangularis,Olive-backed Woodcreeper,5230123,birdnet,SPECIES,species,EXACT
6446,Xolmis irupero_White Monjita,taxon,Xolmis irupero,White Monjita,2482747,birdnet,SPECIES,species,EXACT
6447,Yuhina brunneiceps_Taiwan Yuhina,taxon,Yuhina brunneiceps,Taiwan Yuhina,2493183,birdnet,SPECIES,species,EXACT
6448,Yuhina flavicollis_Whiskered Yuhina,taxon,Yuhina flavicollis,Whiskered Yuhina,2493186,birdnet,SPECIES,species,EXACT
6449,Yuhina gularis_Stripe-throated Yuhina,taxon,Yuhina gularis,Stripe-throated Yuhina,2493181,birdnet,SPECIES,species,EXACT
6450,Yuhina nigrimenta_Black-chinned Yuhina,taxon,Yuhina nigrimenta,Black-chinned Yuhina,2493185,birdnet,SPECIES,species,EXACT
6451,Yuhina occipitalis_Rufous-vented Yuhina,taxon,Yuhina occipitalis,Rufous-vented Yuhina,2493177,birdnet,SPECIES,species,EXACT
6452,Yungipicus canicapillus_Gray-capped Pygmy Woodpecker,taxon,Yungipicus canicapillus,Gray-capped Pygmy Woodpecker,9045043,birdnet,SPECIES,species,EXACT
6453,Yungipicus kizuki_Japanese Pygmy Woodpecker,taxon,Yungipicus kizuki,Japanese Pygmy Woodpecker,9178169,birdnet,SPECIES,species,EXACT
6454,Yungipicus moluccensis_Sunda Pygmy Woodpecker,taxon,Yungipicus moluccensis,Sunda Pygmy Woodpecker,9104123,birdnet,SPECIES,species,EXACT
6455,Yungipicus nanus_Brown-capped Pygmy Woodpecker,taxon,Yungipicus nanus,Brown-capped Pygmy Woodpecker,8966665,birdnet,SPECIES,species,EXACT
6456,Zapornia bicolor_Black-tailed Crake,taxon,Zapornia bicolor,Black-tailed Crake,9263720,birdnet,SPECIES,species,EXACT
6457,Zapornia flavirostra_Black Crake,taxon,Zapornia flavirostra,Black Crake,9307070,birdnet,SPECIES,species,EXACT
6458,Zapornia fusca_Ruddy-breasted Crake,taxon,Zapornia fusca,Ruddy-breasted Crake,9343558,birdnet,SPECIES,species,EXACT
6459,Zapornia parva_Little Crake,taxon,Zapornia parva,Little Crake,9272513,birdnet,SPECIES,species,EXACT
6460,Zapornia paykullii_Band-bellied Crake,taxon,Zapornia paykullii,Band-bellied Crake,9461162,birdnet,SPECIES,species,EXACT
6461,Zapornia pusilla_Baillon's Crake,taxon,Zapornia pusilla,Baillon's Crake,9299354,birdnet,SPECIES,species,EXACT
6462,Zapornia tabuensis_Spotless Crake,taxon,Zapornia tabuensis,Spotless Crake,9334462,birdnet,SPECIES,species,EXACT
6463,Zavattariornis stresemanni_Stresemann's Bush-Crow,taxon,Zavattariornis stresemanni,Stresemann's Bush-Crow,2482555,birdnet,SPECIES,species,EXACT
6464,Zebrilus undulatus_Zigzag Heron,taxon,Zebrilus undulatus,Zigzag Heron,5229211,birdnet,SPECIES,species,EXACT
6465,Zeledonia coronata_Wrenthrush,taxon,Zeledonia coronata,Wrenthrush,2489687,birdnet,SPECIES,species,EXACT
6466,Zenaida asiatica_White-winged Dove,taxon,Zenaida asiatica,White-winged Dove,2495370,birdnet,SPECIES,species,EXACT
6467,Zenaida auriculata_Eared Dove,taxon,Zenaida auriculata,Eared Dove,2495358,birdnet,SPECIES,species,EXACT
6468,Zenaida aurita_Zenaida Dove,taxon,Zenaida aurita,Zenaida Dove,2495353,birdnet,SPECIES,species,EXACT
6469,Zenaida macroura_Mourning Dove,taxon,Zenaida macroura,Mourning Dove,2495347,birdnet,SPECIES,species,EXACT
6470,Zenaida meloda_West Peruvian Dove,taxon,Zenaida meloda,West Peruvian Dove,2495375,birdnet,SPECIES,species,EXACT
6471,Zentrygon albifacies_White-faced Quail-Dove,taxon,Zentrygon albifacies,White-faced Quail-Dove,7420693,birdnet,SPECIES,species,EXACT
6472,Zentrygon carrikeri_Tuxtla Quail-Dove,taxon,Zentrygon carrikeri,Tuxtla Quail-Dove,8164124,birdnet,SPECIES,species,EXACT
6473,Zentrygon frenata_White-throated Quail-Dove,taxon,Zentrygon frenata,White-throated Quail-Dove,8243080,birdnet,SPECIES,species,EXACT
6474,Zentrygon goldmani_Russet-crowned Quail-Dove,taxon,Zentrygon goldmani,Russet-crowned Quail-Dove,8184592,birdnet,SPECIES,species,EXACT
6475,Zentrygon lawrencii_Purplish-backed Quail-Dove,taxon,Zentrygon lawrencii,Purplish-backed Quail-Dove,7534516,birdnet,SPECIES,species,EXACT
6476,Zentrygon linearis_Lined Quail-Dove,taxon,Zentrygon linearis,Lined Quail-Dove,7671500,birdnet,SPECIES,species,EXACT
6477,Zimmerius acer_Guianan Tyrannulet,taxon,Zimmerius acer,Guianan Tyrannulet,5789110,birdnet,SPECIES,species,EXACT
6478,Zimmerius albigularis_Choco Tyrannulet,taxon,Zimmerius albigularis,Choco Tyrannulet,5789111,birdnet,SPECIES,species,EXACT
6479,Zimmerius bolivianus_Bolivian Tyrannulet,taxon,Zimmerius bolivianus,Bolivian Tyrannulet,2483954,birdnet,SPECIES,species,EXACT
6480,Zimmerius chrysops_Golden-faced Tyrannulet,taxon,Zimmerius chrysops,Golden-faced Tyrannulet,2483936,birdnet,SPECIES,species,EXACT
6481,Zimmerius cinereicapilla_Red-billed Tyrannulet,taxon,Zimmerius cinereicapilla,Red-billed Tyrannulet,2483932,birdnet,SPECIES,species,EXACT
6482,Zimmerius gracilipes_Slender-footed Tyrannulet,taxon,Zimmerius gracilipes,Slender-footed Tyrannulet,2483950,birdnet,SPECIES,species,EXACT
6483,Zimmerius parvus_Mistletoe Tyrannulet,taxon,Zimmerius parvus,Mistletoe Tyrannulet,8268597,birdnet,SPECIES,species,EXACT
6484,Zimmerius vilissimus_Guatemalan Tyrannulet,taxon,Zimmerius vilissimus,Guatemalan Tyrannulet,2483943,birdnet,SPECIES,species,EXACT
6485,Zimmerius villarejoi_Mishana Tyrannulet,taxon,Zimmerius villarejoi,Mishana Tyrannulet,2483942,birdnet,SPECIES,species,EXACT
6486,Zimmerius viridiflavus_Peruvian Tyrannulet,taxon,Zimmerius viridiflavus,Peruvian Tyrannulet,2483935,birdnet,SPECIES,species,EXACT
6487,Zonotrichia albicollis_White-throated Sparrow,taxon,Zonotrichia albicollis,White-throated Sparrow,5231140,birdnet,SPECIES,species,EXACT
6488,Zonotrichia atricapilla_Golden-crowned Sparrow,taxon,Zonotrichia atricapilla,Golden-crowned Sparrow,5231138,birdnet,SPECIES,species,EXACT
6489,Zonotrichia capensis_Rufous-collared Sparrow,taxon,Zonotrichia capensis,Rufous-collared Sparrow,5231103,birdnet,SPECIES,species,EXACT
6490,Zonotrichia leucophrys_White-crowned Sparrow,taxon,Zonotrichia leucophrys,White-crowned Sparrow,5231132,birdnet,SPECIES,species,EXACT
6491,Zonotrichia querula_Harris's Sparrow,taxon,Zonotrichia querula,Harris's Sparrow,5231139,birdnet,SPECIES,species,EXACT
6492,Zoothera aurea_White's Thrush,taxon,Zoothera aurea,White's Thrush,4408785,birdnet,SPECIES,species,EXACT
6493,Zoothera heinei_Russet-tailed Thrush,taxon,Zoothera heinei,Russet-tailed Thrush,2490919,birdnet,SPECIES,species,EXACT
6494,Zoothera lunulata_Bassian Thrush,taxon,Zoothera lunulata,Bassian Thrush,2490897,birdnet,SPECIES,species,EXACT
6495,Zoothera major_Amami Thrush,taxon,Zoothera major,Amami Thrush,2490911,birdnet,SPECIES,species,EXACT
6496,Zosterops abyssinicus_Abyssinian White-eye,taxon,Zosterops abyssinicus,Abyssinian White-eye,9565230,birdnet,SPECIES,species,EXACT
6497,Zosterops anderssoni_Southern Yellow White-eye,taxon,Zosterops anderssoni,Southern Yellow White-eye,9009735,birdnet,SPECIES,species,EXACT
6498,Zosterops atricapilla_Black-capped White-eye,taxon,Zosterops atricapilla,Black-capped White-eye,7341506,birdnet,SPECIES,species,EXACT
6499,Zosterops atriceps_Cream-throated White-eye,taxon,Zosterops atriceps,Cream-throated White-eye,2489387,birdnet,SPECIES,species,EXACT
6500,Zosterops atrifrons_Black-crowned White-eye,taxon,Zosterops atrifrons,Black-crowned White-eye,2489376,birdnet,SPECIES,species,EXACT
6501,Zosterops auriventer_Hume's White-eye,taxon,Zosterops auriventer,Hume's White-eye,8885564,birdnet,SPECIES,species,EXACT
6502,Zosterops ceylonensis_Sri Lanka White-eye,taxon,Zosterops ceylonensis,Sri Lanka White-eye,2489402,birdnet,SPECIES,species,EXACT
6503,Zosterops chloronothos_Mauritius White-eye,taxon,Zosterops chloronothos,Mauritius White-eye,2489380,birdnet,SPECIES,species,EXACT
6504,Zosterops citrinella_Ashy-bellied White-eye,taxon,Zosterops citrinella,Ashy-bellied White-eye,7341442,birdnet,SPECIES,species,EXACT
6505,Zosterops erythropleurus_Chestnut-flanked White-eye,taxon,Zosterops erythropleurus,Chestnut-flanked White-eye,2489345,birdnet,SPECIES,species,EXACT
6506,Zosterops eurycricotus_Kilimanjaro White-eye,taxon,Zosterops eurycricotus,Kilimanjaro White-eye,10680091,birdnet,SPECIES,species,EXACT
6507,Zosterops everetti_Everett's White-eye,taxon,Zosterops everetti,Everett's White-eye,2489395,birdnet,SPECIES,species,EXACT
6508,Zosterops flavifrons_Yellow-fronted White-eye,taxon,Zosterops flavifrons,Yellow-fronted White-eye,2489412,birdnet,SPECIES,species,EXACT
6509,Zosterops flavilateralis_Pale White-eye,taxon,Zosterops flavilateralis,Pale White-eye,7783565,birdnet,SPECIES,species,EXACT
6510,Zosterops japonicus_Warbling White-eye,taxon,Zosterops japonicus,Warbling White-eye,9300456,birdnet,SPECIES,species,EXACT
6511,Zosterops lateralis_Silvereye,taxon,Zosterops lateralis,Silvereye,2489396,birdnet,SPECIES,species,EXACT
6512,Zosterops luteus_Australian Yellow White-eye,taxon,Zosterops luteus,Australian Yellow White-eye,2489373,birdnet,SPECIES,species,EXACT
6513,Zosterops maderaspatanus_Malagasy White-eye,taxon,Zosterops maderaspatanus,Malagasy White-eye,2489361,birdnet,SPECIES,species,EXACT
6514,Zosterops mauritianus_Mauritius Gray White-eye,taxon,Zosterops mauritianus,Mauritius Gray White-eye,6100774,birdnet,SPECIES,species,EXACT
6515,Zosterops metcalfii_Yellow-throated White-eye,taxon,Zosterops metcalfii,Yellow-throated White-eye,2489389,birdnet,SPECIES,species,EXACT
6516,Zosterops meyeni_Lowland White-eye,taxon,Zosterops meyeni,Lowland White-eye,2489378,birdnet,SPECIES,species,EXACT
6517,Zosterops pallidus_Orange River White-eye,taxon,Zosterops pallidus,Orange River White-eye,2489374,birdnet,SPECIES,species,EXACT
6518,Zosterops palpebrosus_Indian White-eye,taxon,Zosterops palpebrosus,Indian White-eye,2489362,birdnet,SPECIES,species,EXACT
6519,Zosterops senegalensis_Northern Yellow White-eye,taxon,Zosterops senegalensis,Northern Yellow White-eye,2489344,birdnet,SPECIES,species,EXACT
6520,Zosterops simplex_Swinhoe's White-eye,taxon,Zosterops simplex,Swinhoe's White-eye,9047331,birdnet,SPECIES,species,EXACT
6521,Zosterops virens_Cape White-eye,taxon,Zosterops virens,Cape White-eye,7857709,birdnet,SPECIES,species,EXACT
